datetime,close,volume
2026-09-30 09:31,12.21,917.0
2026-09-30 09:32,12.19,363.0
2026-09-30 09:33,12.21,28.0
2026-09-30 09:34,12.19,149.0
2026-09-30 09:35,12.15,311.0
2026-09-30 09:36,12.15,112.0
2026-09-30 09:37,12.16,79.0
2026-09-30 09:38,12.200000000000001,100.0
2026-09-30 09:39,12.16,89.0
2026-09-30 09:40,12.19,196.0
2026-09-30 09:41,12.18,24.0
2026-09-30 09:42,12.21,63.0
2026-09-30 09:43,12.200000000000001,49.0
2026-09-30 09:44,12.21,50.0
2026-09-30 09:45,12.17,229.0
2026-09-30 09:46,12.15,179.0
2026-09-30 09:47,12.14,333.0
2026-09-30 09:48,12.13,110.0
2026-09-30 09:49,12.14,193.0
2026-09-30 09:50,12.15,64.0
2026-09-30 09:51,12.13,46.0
2026-09-30 09:52,12.15,58.0
2026-09-30 09:53,12.15,115.0
2026-09-30 09:54,12.17,95.0
2026-09-30 09:55,12.17,5.0
2026-09-30 09:56,12.17,52.0
2026-09-30 09:57,12.16,64.0
2026-09-30 09:58,12.16,145.0
2026-09-30 09:59,12.16,84.0
2026-09-30 10:00,12.19,171.0
2026-09-30 10:01,12.18,68.0
2026-09-30 10:02,12.18,107.0
2026-09-30 10:03,12.18,60.0
2026-09-30 10:04,12.18,276.0
2026-09-30 10:05,12.18,29.0
2026-09-30 10:06,12.16,163.0
2026-09-30 10:07,12.16,45.0
2026-09-30 10:08,12.18,16.0
2026-09-30 10:09,12.18,52.0
2026-09-30 10:10,12.19,57.0
2026-09-30 10:11,12.200000000000001,11.0
2026-09-30 10:12,12.21,76.0
2026-09-30 10:13,12.21,8.0
2026-09-30 10:14,12.19,99.0
2026-09-30 10:15,12.19,30.0
2026-09-30 10:16,12.18,3.0
2026-09-30 10:17,12.19,33.0
2026-09-30 10:18,12.17,184.0
2026-09-30 10:19,12.16,37.0
2026-09-30 10:20,12.15,38.0
2026-09-30 10:21,12.17,63.0
2026-09-30 10:22,12.16,47.0
2026-09-30 10:23,12.15,132.0
2026-09-30 10:24,12.15,32.0
2026-09-30 10:25,12.15,57.0
2026-09-30 10:26,12.14,143.0
2026-09-30 10:27,12.13,41.0
2026-09-30 10:28,12.13,91.0
2026-09-30 10:29,12.120000000000001,72.0
2026-09-30 10:30,12.120000000000001,178.0
2026-09-30 10:31,12.1,65.0
2026-09-30 10:32,12.1,177.0
2026-09-30 10:33,12.1,231.0
2026-09-30 10:34,12.09,45.0
2026-09-30 10:35,12.1,33.0
2026-09-30 10:36,12.08,136.0
2026-09-30 10:37,12.09,48.0
2026-09-30 10:38,12.11,152.0
2026-09-30 10:39,12.1,55.0
2026-09-30 10:40,12.09,37.0
2026-09-30 10:41,12.09,25.0
2026-09-30 10:42,12.08,178.0
2026-09-30 10:43,12.09,26.0
2026-09-30 10:44,12.1,34.0
2026-09-30 10:45,12.120000000000001,147.0
2026-09-30 10:46,12.13,23.0
2026-09-30 10:47,12.13,69.0
2026-09-30 10:48,12.13,65.0
2026-09-30 10:49,12.15,76.0
2026-09-30 10:50,12.14,7.0
2026-09-30 10:51,12.13,3.0
2026-09-30 10:52,12.14,21.0
2026-09-30 10:53,12.14,8.0
2026-09-30 10:54,12.16,37.0
2026-09-30 10:55,12.14,20.0
2026-09-30 10:56,12.14,53.0
2026-09-30 10:57,12.14,0.0
2026-09-30 10:58,12.15,14.0
2026-09-30 10:59,12.14,6.0
2026-09-30 11:00,12.13,214.0
2026-09-30 11:01,12.13,6.0
2026-09-30 11:02,12.14,28.0
2026-09-30 11:03,12.13,3.0
2026-09-30 11:04,12.15,89.0
2026-09-30 11:05,12.15,25.0
2026-09-30 11:06,12.15,0.0
2026-09-30 11:07,12.13,109.0
2026-09-30 11:08,12.14,11.0
2026-09-30 11:09,12.14,10.0
2026-09-30 11:10,12.15,10.0
2026-09-30 11:11,12.15,14.0
2026-09-30 11:12,12.15,124.0
2026-09-30 11:13,12.15,7.0
2026-09-30 11:14,12.16,6.0
2026-09-30 11:15,12.15,47.0
2026-09-30 11:16,12.17,88.0
2026-09-30 11:17,12.15,122.0
2026-09-30 11:18,12.15,7.0
2026-09-30 11:19,12.14,14.0
2026-09-30 11:20,12.15,6.0
2026-09-30 11:21,12.14,29.0
2026-09-30 11:22,12.13,15.0
2026-09-30 11:23,12.13,17.0
2026-09-30 11:24,12.14,11.0
2026-09-30 11:25,12.13,1.0
2026-09-30 11:26,12.14,12.0
2026-09-30 11:27,12.14,15.0
2026-09-30 11:28,12.14,6.0
2026-09-30 11:29,12.14,12.0
2026-09-30 11:30,12.13,9.0
2026-09-30 13:01,12.13,95.0
2026-09-30 13:02,12.14,69.0
2026-09-30 13:03,12.15,51.0
2026-09-30 13:04,12.14,4.0
2026-09-30 13:05,12.15,38.0
2026-09-30 13:06,12.15,7.0
2026-09-30 13:07,12.15,0.0
2026-09-30 13:08,12.15,0.0
2026-09-30 13:09,12.15,9.0
2026-09-30 13:10,12.14,26.0
2026-09-30 13:11,12.13,1.0
2026-09-30 13:12,12.14,85.0
2026-09-30 13:13,12.13,24.0
2026-09-30 13:14,12.13,0.0
2026-09-30 13:15,12.1,78.0
2026-09-30 13:16,12.11,9.0
2026-09-30 13:17,12.1,114.0
2026-09-30 13:18,12.09,8.0
2026-09-30 13:19,12.1,11.0
2026-09-30 13:20,12.120000000000001,65.0
2026-09-30 13:21,12.13,51.0
2026-09-30 13:22,12.13,21.0
2026-09-30 13:23,12.13,93.0
2026-09-30 13:24,12.13,1.0
2026-09-30 13:25,12.13,73.0
2026-09-30 13:26,12.13,15.0
2026-09-30 13:27,12.14,53.0
2026-09-30 13:28,12.14,8.0
2026-09-30 13:29,12.15,35.0
2026-09-30 13:30,12.15,6.0
2026-09-30 13:31,12.14,6.0
2026-09-30 13:32,12.15,1.0
2026-09-30 13:33,12.15,4.0
2026-09-30 13:34,12.16,10.0
2026-09-30 13:35,12.16,76.0
2026-09-30 13:36,12.17,44.0
2026-09-30 13:37,12.17,135.0
2026-09-30 13:38,12.17,9.0
2026-09-30 13:39,12.18,58.0
2026-09-30 13:40,12.18,98.0
2026-09-30 13:41,12.19,118.0
2026-09-30 13:42,12.18,12.0
2026-09-30 13:43,12.16,8.0
2026-09-30 13:44,12.17,17.0
2026-09-30 13:45,12.17,7.0
2026-09-30 13:46,12.16,11.0
2026-09-30 13:47,12.16,3.0
2026-09-30 13:48,12.16,12.0
2026-09-30 13:49,12.16,10.0
2026-09-30 13:50,12.16,3.0
2026-09-30 13:51,12.16,60.0
2026-09-30 13:52,12.16,2.0
2026-09-30 13:53,12.17,7.0
2026-09-30 13:54,12.16,72.0
2026-09-30 13:55,12.16,46.0
2026-09-30 13:56,12.14,38.0
2026-09-30 13:57,12.15,101.0
2026-09-30 13:58,12.14,10.0
2026-09-30 13:59,12.14,10.0
2026-09-30 14:00,12.14,91.0
2026-09-30 14:01,12.15,28.0
2026-09-30 14:02,12.13,2.0
2026-09-30 14:03,12.14,18.0
2026-09-30 14:04,12.13,6.0
2026-09-30 14:05,12.14,4.0
2026-09-30 14:06,12.14,35.0
2026-09-30 14:07,12.14,0.0
2026-09-30 14:08,12.15,40.0
2026-09-30 14:09,12.19,547.0
2026-09-30 14:10,12.18,4.0
2026-09-30 14:11,12.200000000000001,98.0
2026-09-30 14:12,12.19,92.0
2026-09-30 14:13,12.200000000000001,244.0
2026-09-30 14:14,12.17,50.0
2026-09-30 14:15,12.16,416.0
2026-09-30 14:16,12.13,175.0
2026-09-30 14:17,12.13,0.0
2026-09-30 14:18,12.14,7.0
2026-09-30 14:19,12.15,11.0
2026-09-30 14:20,12.15,15.0
2026-09-30 14:21,12.15,7.0
2026-09-30 14:22,12.15,10.0
2026-09-30 14:23,12.15,21.0
2026-09-30 14:24,12.17,65.0
2026-09-30 14:25,12.17,8.0
2026-09-30 14:26,12.17,108.0
2026-09-30 14:27,12.16,115.0
2026-09-30 14:28,12.17,4.0
2026-09-30 14:29,12.15,31.0
2026-09-30 14:30,12.16,21.0
2026-09-30 14:31,12.16,30.0
2026-09-30 14:32,12.16,11.0
2026-09-30 14:33,12.15,87.0
2026-09-30 14:34,12.14,31.0
2026-09-30 14:35,12.16,13.0
2026-09-30 14:36,12.15,63.0
2026-09-30 14:37,12.16,88.0
2026-09-30 14:38,12.17,11.0
2026-09-30 14:39,12.17,127.0
2026-09-30 14:40,12.16,316.0
2026-09-30 14:41,12.15,21.0
2026-09-30 14:42,12.15,43.0
2026-09-30 14:43,12.16,179.0
2026-09-30 14:44,12.17,45.0
2026-09-30 14:45,12.15,112.0
2026-09-30 14:46,12.15,163.0
2026-09-30 14:47,12.16,75.0
2026-09-30 14:48,12.16,64.0
2026-09-30 14:49,12.15,194.0
2026-09-30 14:50,12.13,397.0
2026-09-30 14:51,12.13,539.0
2026-09-30 14:52,12.120000000000001,166.0
2026-09-30 14:53,12.120000000000001,283.0
2026-09-30 14:54,12.1,142.0
2026-09-30 14:55,12.1,182.0
2026-09-30 14:56,12.11,272.0
2026-09-30 14:57,12.1,103.0
2026-09-30 14:58,12.1,0.0
2026-09-30 14:59,12.1,0.0
2026-09-30 15:00,12.09,569.0
