segment,decision_date,code,in_corrected_low_open,in_B,officially_confirmed_suspension_entry
train,2024-01-02,002347,True,False,False
train,2024-01-03,002529,True,False,False
train,2024-01-03,601166,True,False,False
train,2024-01-04,600592,True,False,False
train,2024-01-04,603586,True,False,False
train,2024-01-05,600088,True,False,False
train,2024-01-05,605488,True,False,False
train,2024-01-08,002888,True,False,False
train,2024-01-08,603048,True,False,False
train,2024-01-09,000590,True,False,False
train,2024-01-09,603709,True,False,False
train,2024-01-10,600234,True,False,False
train,2024-01-10,600775,True,False,False
train,2024-01-11,002527,True,False,False
train,2024-01-11,603211,True,False,False
train,2024-01-12,600628,True,False,False
train,2024-01-12,603085,True,False,False
train,2024-01-15,000032,True,False,False
train,2024-01-15,003032,True,False,False
train,2024-01-16,002651,True,False,False
train,2024-01-16,003022,True,False,False
train,2024-01-17,001209,True,False,False
train,2024-01-17,603192,True,False,False
train,2024-01-18,605303,True,False,False
train,2024-01-19,002090,True,False,False
train,2024-01-19,605155,True,False,False
train,2024-01-22,002333,True,False,False
train,2024-01-22,603679,True,False,False
train,2024-01-23,000635,True,False,False
train,2024-01-23,603600,True,False,False
train,2024-01-24,000020,True,False,False
train,2024-01-25,000936,True,False,False
train,2024-01-25,601886,False,True,False
train,2024-01-26,600689,True,False,False
train,2024-01-29,002902,True,False,False
train,2024-01-29,605277,True,False,False
train,2024-01-30,000948,True,False,False
train,2024-01-30,603779,True,False,False
train,2024-01-31,600189,True,False,False
train,2024-02-01,000899,True,False,False
train,2024-02-02,002590,True,False,False
train,2024-02-02,600551,True,False,False
train,2024-02-05,603779,True,False,False
train,2024-02-05,603990,True,False,False
train,2024-02-06,600446,True,False,False
train,2024-02-06,605218,True,False,False
train,2024-02-08,600060,True,False,False
train,2024-02-19,002819,False,True,False
train,2024-02-19,600259,True,False,False
train,2024-02-19,603178,False,True,False
train,2024-02-19,603392,True,False,False
train,2024-02-20,002669,True,False,False
train,2024-02-20,603301,True,True,False
train,2024-02-21,603015,True,False,False
train,2024-02-21,603041,True,True,False
train,2024-02-21,603725,False,True,False
train,2024-02-22,003005,True,False,False
train,2024-02-22,603139,True,False,False
train,2024-02-26,000586,True,True,False
train,2024-02-26,603860,True,False,False
train,2024-02-27,002725,True,False,False
train,2024-02-27,002868,True,False,False
train,2024-02-28,002903,True,False,False
train,2024-02-28,603897,True,False,False
train,2024-02-29,603535,True,False,False
train,2024-02-29,605068,True,False,False
train,2024-03-04,000550,True,False,False
train,2024-03-05,002741,True,False,False
train,2024-03-05,603200,True,False,False
train,2024-03-06,000504,True,False,False
train,2024-03-06,603191,True,False,False
train,2024-03-08,001332,True,False,False
train,2024-03-08,002380,True,False,False
train,2024-03-11,002972,True,False,False
train,2024-03-11,603332,True,False,False
train,2024-03-12,000504,True,False,False
train,2024-03-12,003004,True,False,False
train,2024-03-13,002715,True,False,False
train,2024-03-13,603516,False,True,False
train,2024-03-13,605218,True,False,False
train,2024-03-14,603800,True,False,False
train,2024-03-14,603982,True,False,False
train,2024-03-15,600536,True,False,False
train,2024-03-18,002755,True,False,False
train,2024-03-18,600241,True,False,False
train,2024-03-18,603499,False,True,False
train,2024-03-19,603219,True,False,False
train,2024-03-20,002981,True,False,False
train,2024-03-20,603139,True,False,False
train,2024-03-21,001366,True,False,False
train,2024-03-21,002869,True,False,False
train,2024-03-22,002980,True,True,False
train,2024-03-22,603848,True,False,False
train,2024-03-25,603196,True,False,False
train,2024-03-25,603383,True,False,False
train,2024-03-26,600250,True,False,False
train,2024-03-26,603577,True,False,False
train,2024-03-27,002725,True,False,False
train,2024-03-27,600793,True,False,False
train,2024-03-28,002953,True,False,False
train,2024-03-28,605069,True,False,False
train,2024-03-29,002626,True,False,False
train,2024-03-29,603895,True,False,False
train,2024-04-01,002636,True,True,False
train,2024-04-01,603607,True,False,False
train,2024-04-02,002660,True,False,False
train,2024-04-02,600992,True,False,False
train,2024-04-02,603798,False,True,False
train,2024-04-03,002778,True,False,False
train,2024-04-03,603926,True,False,False
train,2024-04-08,002748,True,False,False
train,2024-04-08,603978,True,False,False
train,2024-04-09,002023,True,False,False
train,2024-04-09,603214,True,False,False
train,2024-04-10,002403,True,False,False
train,2024-04-10,600505,True,False,False
train,2024-04-11,000590,True,False,False
train,2024-04-11,605122,True,False,False
train,2024-04-12,000017,True,False,False
train,2024-04-15,600444,True,False,False
train,2024-04-15,603016,True,False,False
train,2024-04-16,002828,True,False,False
train,2024-04-16,605378,True,False,False
train,2024-04-17,002987,True,False,False
train,2024-04-18,603968,True,False,False
train,2024-04-19,605068,True,False,False
train,2024-04-19,605258,True,False,False
train,2024-04-22,003021,True,False,False
train,2024-04-22,603580,True,False,False
train,2024-04-23,001299,True,False,False
train,2024-04-23,002992,True,False,False
train,2024-04-23,603309,False,True,False
train,2024-04-24,002730,True,False,False
train,2024-04-24,603848,True,False,False
train,2024-04-25,002805,True,False,False
train,2024-04-25,605169,True,False,False
train,2024-04-26,603110,True,False,False
train,2024-04-26,605228,True,False,False
train,2024-04-29,000710,True,False,False
train,2024-04-29,002996,True,False,False
train,2024-04-30,002979,True,False,False
train,2024-04-30,605333,True,False,False
train,2024-05-06,002009,True,True,False
train,2024-05-06,605288,True,True,False
train,2024-05-07,002365,True,False,False
train,2024-05-07,603365,False,True,False
train,2024-05-08,002910,True,False,False
train,2024-05-08,002968,True,False,False
train,2024-05-09,603261,True,False,False
train,2024-05-13,001316,True,False,False
train,2024-05-13,002805,True,False,False
train,2024-05-16,002296,True,False,False
train,2024-05-16,603221,True,False,False
train,2024-05-17,002868,True,False,False
train,2024-05-17,603332,True,False,False
train,2024-05-21,600876,True,False,False
train,2024-05-21,603042,True,False,False
train,2024-05-22,603991,True,False,False
train,2024-05-22,605567,True,False,False
train,2024-05-27,002669,True,False,False
train,2024-05-28,000722,True,False,False
train,2024-05-28,603079,True,False,False
train,2024-05-29,002769,True,False,False
train,2024-05-29,603016,True,False,False
train,2024-06-03,603177,True,False,False
train,2024-06-04,603890,True,False,False
train,2024-06-06,002811,True,False,False
train,2024-06-06,603767,True,False,False
train,2024-06-07,600353,True,False,False
train,2024-06-07,603528,True,False,False
train,2024-06-11,605358,True,False,False
train,2024-06-14,000901,True,False,False
train,2024-06-14,002889,True,False,False
train,2024-06-17,002888,True,False,False
train,2024-06-17,601133,True,False,False
train,2024-06-18,002937,True,True,False
train,2024-06-18,603083,False,True,False
train,2024-06-19,002963,True,False,False
train,2024-06-19,603261,True,False,False
train,2024-06-20,002633,True,False,False
train,2024-06-20,603268,True,False,False
train,2024-06-21,603005,True,False,False
train,2024-06-21,603171,True,False,False
train,2024-06-24,601579,True,False,False
train,2024-06-25,002887,True,False,False
train,2024-06-26,002331,True,False,False
train,2024-06-26,605158,True,False,False
train,2024-06-27,002232,True,True,False
train,2024-06-27,002903,True,False,False
train,2024-06-27,603006,False,True,False
train,2024-06-28,600571,True,False,False
train,2024-06-28,600983,True,False,False
train,2024-07-02,000049,True,False,False
train,2024-07-03,002645,True,False,False
train,2024-07-04,000668,True,False,False
train,2024-07-04,603918,True,False,False
train,2024-07-05,002741,True,False,False
train,2024-07-05,603615,True,False,False
train,2024-07-08,002527,True,False,False
train,2024-07-09,000017,True,False,False
train,2024-07-09,002995,True,False,False
train,2024-07-11,002888,True,False,False
train,2024-07-11,603958,True,False,False
train,2024-07-15,002729,True,False,False
train,2024-07-15,603127,True,False,False
train,2024-07-17,002905,True,False,False
train,2024-07-18,002636,True,False,False
train,2024-07-19,600822,True,False,False
train,2024-07-19,605186,True,False,False
train,2024-07-23,002576,True,False,False
train,2024-07-23,603121,True,False,False
train,2024-07-24,603535,True,False,False
train,2024-07-24,603863,True,False,False
train,2024-07-25,000503,True,False,False
train,2024-07-26,001239,True,False,False
train,2024-07-29,002868,True,False,False
train,2024-07-30,002035,True,False,False
train,2024-07-30,002888,False,True,False
train,2024-07-30,600444,True,False,False
train,2024-07-31,002952,True,False,False
train,2024-08-01,605008,True,False,False
train,2024-08-01,605198,True,False,False
train,2024-08-02,603082,True,False,False
train,2024-08-02,603721,True,False,False
train,2024-08-05,002703,True,False,False
train,2024-08-05,002760,True,False,False
train,2024-08-06,603158,True,False,False
train,2024-08-07,603978,True,False,False
train,2024-08-08,002209,True,False,False
train,2024-08-08,603212,True,False,False
train,2024-08-09,603042,True,False,False
train,2024-08-09,603768,True,False,False
train,2024-08-12,603079,True,False,False
train,2024-08-13,603121,True,False,False
train,2024-08-13,603375,True,False,False
train,2024-08-14,000710,True,False,False
train,2024-08-14,605255,True,True,False
train,2024-08-15,002729,True,False,False
train,2024-08-15,603966,True,False,False
train,2024-08-19,603917,True,False,False
train,2024-08-20,002888,True,False,False
train,2024-08-21,002987,True,False,False
train,2024-08-21,605398,True,False,False
train,2024-08-23,000020,True,False,False
train,2024-08-23,605177,True,False,False
train,2024-08-26,000561,True,False,False
train,2024-08-27,603038,True,False,False
train,2024-08-29,603038,True,False,False
train,2024-08-30,002933,True,False,False
train,2024-09-02,002843,True,False,False
train,2024-09-03,002384,True,False,False
train,2024-09-03,002889,True,False,False
train,2024-09-04,603726,True,False,False
train,2024-09-05,603004,True,False,False
train,2024-09-06,000058,True,False,False
train,2024-09-06,603978,True,False,False
train,2024-09-09,002931,True,False,False
train,2024-09-09,603232,True,False,False
train,2024-09-11,000504,True,False,False
train,2024-09-11,600148,True,False,False
train,2024-09-12,002058,True,False,False
train,2024-09-13,603399,True,False,False
train,2024-09-18,002265,True,False,False
train,2024-09-18,600178,True,False,False
train,2024-09-19,600449,True,False,False
train,2024-09-23,002848,True,False,False
train,2024-09-24,002313,True,False,False
train,2024-09-25,002268,True,False,False
train,2024-09-25,002868,False,True,False
train,2024-09-26,001206,True,False,False
train,2024-09-26,002952,True,False,False
train,2024-09-27,002790,True,True,False
train,2024-10-08,001212,False,True,False
train,2024-10-09,002749,True,False,False
train,2024-10-09,003037,True,False,False
train,2024-10-14,002287,True,True,False
train,2024-10-14,002989,True,False,False
train,2024-10-16,003042,True,False,False
train,2024-10-18,600198,True,False,False
train,2024-10-22,603011,True,False,False
train,2024-10-22,603212,True,False,False
train,2024-10-23,002085,True,False,False
train,2024-10-23,600855,True,False,False
train,2024-10-24,001202,True,False,False
train,2024-10-24,603630,True,False,False
train,2024-10-25,002846,True,False,False
train,2024-10-28,002728,True,False,False
train,2024-10-28,603739,True,False,False
train,2024-10-29,000009,True,False,False
train,2024-10-29,002068,False,True,False
train,2024-10-29,603028,True,True,False
train,2024-10-30,001211,True,False,False
train,2024-10-30,603788,True,False,False
train,2024-10-31,001283,True,False,False
train,2024-10-31,002153,True,False,False
train,2024-11-01,000948,True,False,False
train,2024-11-01,603330,True,False,False
train,2024-11-04,002199,True,False,False
train,2024-11-04,600686,True,False,False
train,2024-11-05,000831,True,False,False
train,2024-11-05,002536,True,False,False
train,2024-11-06,000818,False,True,False
train,2024-11-06,002806,False,True,False
train,2024-11-06,002979,True,False,False
train,2024-11-06,605218,True,False,False
train,2024-11-07,000007,True,False,False
train,2024-11-07,002560,True,False,False
train,2024-11-08,002617,True,False,False
train,2024-11-08,600855,True,False,False
train,2024-11-11,000833,False,True,False
train,2024-11-11,603006,True,False,False
train,2024-11-11,603536,True,False,False
train,2024-11-12,002796,True,False,False
train,2024-11-13,002811,True,False,False
train,2024-11-13,603956,True,False,False
train,2024-11-14,002846,True,False,False
train,2024-11-14,600817,True,False,False
train,2024-11-15,002291,True,False,False
train,2024-11-15,600104,False,True,False
train,2024-11-15,600135,True,False,False
train,2024-11-19,605577,True,False,False
train,2024-11-20,002140,True,False,False
train,2024-11-20,002912,True,True,False
train,2024-11-21,002905,True,False,False
train,2024-11-22,001300,False,True,False
train,2024-11-22,002848,True,False,False
train,2024-11-22,603895,True,False,False
train,2024-11-25,002734,True,False,False
train,2024-11-25,002950,True,False,False
train,2024-11-27,002576,True,False,False
train,2024-11-27,603758,True,False,False
train,2024-11-28,002115,True,False,False
train,2024-11-28,605088,False,True,False
train,2024-11-29,002527,True,False,False
train,2024-11-29,002718,True,False,False
train,2024-12-02,002243,True,False,False
train,2024-12-02,603256,True,False,False
train,2024-12-03,002870,True,False,False
train,2024-12-03,605300,True,False,False
train,2024-12-04,002036,True,False,False
train,2024-12-04,600579,True,False,False
train,2024-12-05,002279,True,False,False
train,2024-12-05,605155,True,False,False
train,2024-12-06,002516,True,False,False
train,2024-12-06,600841,True,False,False
train,2024-12-09,002313,True,False,False
train,2024-12-09,600506,True,False,False
train,2024-12-10,000520,False,True,False
train,2024-12-10,603488,False,True,False
train,2024-12-11,003037,True,False,False
train,2024-12-11,603716,True,False,False
train,2024-12-12,001318,True,False,False
train,2024-12-12,002474,True,False,False
train,2024-12-13,002861,True,False,False
train,2024-12-13,605338,True,False,False
train,2024-12-16,000576,True,False,False
train,2024-12-16,603123,True,False,False
train,2024-12-17,002799,True,False,False
train,2024-12-17,603999,True,False,False
train,2024-12-18,002381,True,False,False
train,2024-12-18,002887,True,False,False
train,2024-12-20,600775,True,False,False
train,2024-12-20,603048,True,False,False
train,2024-12-23,001266,True,False,False
train,2024-12-23,603610,True,False,False
train,2024-12-24,603518,True,False,False
train,2024-12-24,603983,True,False,False
train,2024-12-25,000880,False,True,False
train,2024-12-25,002918,True,False,False
train,2024-12-26,001217,False,True,False
train,2024-12-26,603207,True,False,False
train,2024-12-26,603350,True,False,False
train,2024-12-27,600223,True,False,False
train,2024-12-30,603042,True,False,False
train,2024-12-30,603166,True,False,False
train,2024-12-31,002746,True,False,False
train,2024-12-31,603261,True,False,False
train,2025-01-02,600602,True,False,False
train,2025-01-02,600830,True,False,False
train,2025-01-03,002350,True,False,False
train,2025-01-03,002868,True,False,False
train,2025-01-06,000017,True,False,False
train,2025-01-08,605208,True,False,False
train,2025-01-09,600793,True,False,False
train,2025-01-09,603813,False,True,False
train,2025-01-13,002815,True,False,False
train,2025-01-13,003042,True,False,False
train,2025-01-14,002660,True,False,False
train,2025-01-15,002725,True,False,False
train,2025-01-16,002605,True,False,False
train,2025-01-16,003003,True,False,False
train,2025-01-17,002967,True,False,False
train,2025-01-17,603600,True,False,False
train,2025-01-20,002677,True,False,False
train,2025-01-20,603758,True,False,False
train,2025-01-22,002923,True,False,False
train,2025-01-22,600592,True,False,False
train,2025-01-24,001208,True,False,False
train,2025-01-24,002852,True,False,False
train,2025-01-27,603089,True,False,False
train,2025-01-27,603687,True,False,False
train,2025-02-05,002757,True,False,False
train,2025-02-06,001380,True,False,False
train,2025-02-06,600191,True,False,False
train,2025-02-07,603895,False,True,False
train,2025-02-10,002576,True,False,False
train,2025-02-10,002664,False,True,False
train,2025-02-10,002905,False,True,False
train,2025-02-10,603578,True,False,False
train,2025-02-11,603618,True,False,False
train,2025-02-11,605255,True,False,False
train,2025-02-12,002173,True,False,False
train,2025-02-12,002229,True,False,False
train,2025-02-13,002441,True,False,False
train,2025-02-13,002995,False,True,False
train,2025-02-13,603660,True,False,False
train,2025-02-14,002272,True,False,False
train,2025-02-14,003016,True,False,False
train,2025-02-18,002326,True,False,False
train,2025-02-18,603085,True,False,False
train,2025-02-19,001324,True,False,False
train,2025-02-19,603717,True,False,False
train,2025-02-21,002790,True,False,False
train,2025-02-21,002908,True,False,False
train,2025-02-24,000590,True,False,False
train,2025-02-24,603215,True,False,False
train,2025-02-25,002347,True,False,False
train,2025-02-25,603618,True,False,False
train,2025-02-26,603115,True,False,False
train,2025-02-27,000529,False,True,False
train,2025-02-27,002097,True,False,False
train,2025-02-27,002298,False,True,False
train,2025-02-28,000815,True,False,False
train,2025-02-28,002209,True,False,False
train,2025-03-03,002406,True,False,False
train,2025-03-03,600729,True,False,False
train,2025-03-05,000619,True,False,False
train,2025-03-05,002037,False,True,False
train,2025-03-05,603978,True,True,False
train,2025-03-06,002279,False,True,False
train,2025-03-06,002313,True,False,False
train,2025-03-06,002679,False,True,False
train,2025-03-06,603123,True,False,False
train,2025-03-07,000829,True,False,False
train,2025-03-07,603985,True,False,False
train,2025-03-10,002657,True,False,False
train,2025-03-10,603219,True,False,False
train,2025-03-11,001268,True,False,False
train,2025-03-11,600367,True,False,False
train,2025-03-13,600560,True,False,False
train,2025-03-14,600449,False,True,False
train,2025-03-14,603950,True,False,False
train,2025-03-18,002923,True,False,False
train,2025-03-18,002946,True,False,False
train,2025-03-19,601798,True,False,False
train,2025-03-21,002838,True,False,False
train,2025-03-24,000595,True,False,False
train,2025-03-24,603355,True,False,False
train,2025-03-25,601798,True,False,False
train,2025-03-26,603280,True,False,False
train,2025-03-27,603066,True,False,False
train,2025-03-27,603585,True,False,False
train,2025-03-28,603353,True,False,False
train,2025-03-28,603657,True,False,False
train,2025-03-31,002054,True,False,False
train,2025-03-31,603078,True,False,False
train,2025-04-03,001258,True,False,False
train,2025-04-03,603192,True,False,False
train,2025-04-07,603985,True,False,False
train,2025-04-08,603313,True,False,False
train,2025-04-10,601038,True,False,False
train,2025-04-11,000697,True,False,False
train,2025-04-14,001317,True,False,False
train,2025-04-14,600859,True,False,False
train,2025-04-15,002802,False,True,False
train,2025-04-15,600192,True,False,False
train,2025-04-15,603933,True,False,False
train,2025-04-16,002095,False,True,False
train,2025-04-16,002861,True,False,False
train,2025-04-16,603215,True,True,False
train,2025-04-17,601083,True,False,False
train,2025-04-17,603687,True,False,False
train,2025-04-18,600629,True,False,False
train,2025-04-21,001300,True,False,False
train,2025-04-21,600250,True,False,False
train,2025-04-22,002446,True,False,False
train,2025-04-23,002279,True,False,False
train,2025-04-23,002651,True,False,False
train,2025-04-24,600571,True,False,False
train,2025-04-24,603676,True,True,False
train,2025-04-25,603890,True,False,False
train,2025-04-25,605018,True,False,False
train,2025-04-28,000953,True,False,False
train,2025-04-29,002095,True,False,False
train,2025-04-29,603280,True,False,False
train,2025-04-30,002769,True,False,False
train,2025-05-08,002790,True,False,False
train,2025-05-08,603011,True,False,False
train,2025-05-09,002975,True,False,False
train,2025-05-12,002158,True,False,False
train,2025-05-12,002560,True,False,False
train,2025-05-13,600156,True,False,False
train,2025-05-14,001356,True,False,False
train,2025-05-14,603600,True,False,False
train,2025-05-15,001238,True,False,False
train,2025-05-16,002404,True,False,False
train,2025-05-16,603803,True,False,False
train,2025-05-19,002626,True,False,False
train,2025-05-19,600223,True,False,False
train,2025-05-21,002389,True,False,False
train,2025-05-21,002990,True,False,False
train,2025-05-22,002297,True,False,False
train,2025-05-22,600550,True,False,False
train,2025-05-23,603321,True,False,False
train,2025-05-23,603970,True,False,False
train,2025-05-26,002364,True,False,False
train,2025-05-26,002952,True,False,False
train,2025-05-28,002835,True,False,False
train,2025-05-28,603076,True,False,False
train,2025-05-29,600616,True,False,False
train,2025-05-29,603599,True,False,False
train,2025-05-30,002829,True,False,False
train,2025-05-30,600192,True,False,False
train,2025-06-03,000037,True,False,False
train,2025-06-03,002968,True,False,False
train,2025-06-05,002829,True,False,False
train,2025-06-05,002968,True,False,False
train,2025-06-06,603221,True,False,False
train,2025-06-09,002339,True,False,False
train,2025-06-10,603937,True,False,False
train,2025-06-10,605122,True,False,False
train,2025-06-11,002017,True,False,False
train,2025-06-11,600927,True,False,False
train,2025-06-11,601956,False,True,False
train,2025-06-12,002300,True,False,False
train,2025-06-12,603716,True,False,False
train,2025-06-13,002842,True,False,False
train,2025-06-13,603586,True,False,False
train,2025-06-16,603232,True,False,False
train,2025-06-16,605151,True,False,False
train,2025-06-17,002246,True,False,False
train,2025-06-17,603880,True,False,False
train,2025-06-18,000788,True,False,False
train,2025-06-18,003036,True,False,False
train,2025-06-19,002780,True,False,False
train,2025-06-19,603222,True,False,False
train,2025-06-20,601089,True,False,False
train,2025-06-23,603685,True,False,False
train,2025-06-23,605298,True,False,False
train,2025-06-24,002930,True,False,False
train,2025-06-24,603212,True,False,False
train,2025-06-25,002753,False,True,False
train,2025-06-25,600955,True,False,False
train,2025-06-25,603578,False,True,False
validation_2025h2,2025-07-01,603132,True,False,False
validation_2025h2,2025-07-02,603089,False,True,False
validation_2025h2,2025-07-02,605180,True,False,False
validation_2025h2,2025-07-02,605389,True,False,False
validation_2025h2,2025-07-03,603125,True,False,False
validation_2025h2,2025-07-03,603726,True,False,False
validation_2025h2,2025-07-04,002724,True,False,False
validation_2025h2,2025-07-07,605277,True,False,False
validation_2025h2,2025-07-08,603676,True,False,False
validation_2025h2,2025-07-09,603488,True,True,False
validation_2025h2,2025-07-09,605028,True,False,False
validation_2025h2,2025-07-10,000920,True,False,False
validation_2025h2,2025-07-10,002552,True,False,False
validation_2025h2,2025-07-11,001203,True,False,False
validation_2025h2,2025-07-14,000635,True,False,False
validation_2025h2,2025-07-14,002107,True,False,False
validation_2025h2,2025-07-14,002564,False,True,False
validation_2025h2,2025-07-15,600281,True,False,False
validation_2025h2,2025-07-16,001387,True,False,False
validation_2025h2,2025-07-16,603399,True,False,False
validation_2025h2,2025-07-17,002725,True,False,False
validation_2025h2,2025-07-17,603045,True,False,False
validation_2025h2,2025-07-18,002774,True,False,False
validation_2025h2,2025-07-18,601512,True,False,False
validation_2025h2,2025-07-21,001339,True,False,False
validation_2025h2,2025-07-21,002107,True,False,False
validation_2025h2,2025-07-22,000626,True,False,False
validation_2025h2,2025-07-22,002072,False,True,False
validation_2025h2,2025-07-23,600444,True,False,False
validation_2025h2,2025-07-23,603949,True,False,False
validation_2025h2,2025-07-24,002761,True,False,False
validation_2025h2,2025-07-24,605277,True,False,False
validation_2025h2,2025-07-25,002357,True,False,False
validation_2025h2,2025-07-25,002771,True,False,False
validation_2025h2,2025-07-28,002320,True,False,False
validation_2025h2,2025-07-28,601969,True,False,False
validation_2025h2,2025-07-28,603266,False,True,False
validation_2025h2,2025-07-29,002298,True,False,False
validation_2025h2,2025-07-29,002362,True,False,False
validation_2025h2,2025-07-30,002022,True,False,False
validation_2025h2,2025-07-30,002796,False,True,False
validation_2025h2,2025-07-30,603238,True,False,False
validation_2025h2,2025-07-31,603282,True,False,False
validation_2025h2,2025-08-01,000798,True,False,False
validation_2025h2,2025-08-01,002675,True,False,False
validation_2025h2,2025-08-05,600222,True,False,False
validation_2025h2,2025-08-05,603163,True,False,False
validation_2025h2,2025-08-06,600192,True,False,False
validation_2025h2,2025-08-06,605298,True,False,False
validation_2025h2,2025-08-08,002248,True,False,False
validation_2025h2,2025-08-08,002536,True,False,False
validation_2025h2,2025-08-11,002981,True,False,False
validation_2025h2,2025-08-11,600410,True,False,False
validation_2025h2,2025-08-12,603500,True,False,False
validation_2025h2,2025-08-12,605055,True,False,False
validation_2025h2,2025-08-12,605180,False,True,False
validation_2025h2,2025-08-13,002800,True,False,False
validation_2025h2,2025-08-13,603216,True,False,False
validation_2025h2,2025-08-13,603617,False,True,False
validation_2025h2,2025-08-14,000014,True,False,False
validation_2025h2,2025-08-15,600192,True,False,False
validation_2025h2,2025-08-15,603937,True,False,False
validation_2025h2,2025-08-19,002909,True,False,False
validation_2025h2,2025-08-19,600592,True,False,False
validation_2025h2,2025-08-20,001202,True,False,False
validation_2025h2,2025-08-20,600749,True,False,False
validation_2025h2,2025-08-20,603320,False,True,False
validation_2025h2,2025-08-21,600682,True,False,False
validation_2025h2,2025-08-21,600839,True,False,False
validation_2025h2,2025-08-21,603139,False,True,False
validation_2025h2,2025-08-22,002576,True,False,False
validation_2025h2,2025-08-22,600671,True,False,False
validation_2025h2,2025-08-25,002951,True,False,False
validation_2025h2,2025-08-26,600475,True,False,False
validation_2025h2,2025-08-26,600637,True,False,False
validation_2025h2,2025-08-27,002830,True,False,False
validation_2025h2,2025-08-27,603669,True,False,False
validation_2025h2,2025-08-28,002555,True,False,False
validation_2025h2,2025-08-28,603767,True,False,False
validation_2025h2,2025-08-29,002250,True,False,False
validation_2025h2,2025-08-29,603499,True,False,False
validation_2025h2,2025-09-01,603216,True,False,False
validation_2025h2,2025-09-02,600319,True,False,False
validation_2025h2,2025-09-02,603316,True,False,False
validation_2025h2,2025-09-03,002642,True,False,False
validation_2025h2,2025-09-03,603115,True,False,False
validation_2025h2,2025-09-04,605055,True,False,False
validation_2025h2,2025-09-05,002905,True,False,False
validation_2025h2,2025-09-05,603051,True,False,False
validation_2025h2,2025-09-08,600778,True,False,False
validation_2025h2,2025-09-08,603222,True,False,False
validation_2025h2,2025-09-09,002805,True,False,False
validation_2025h2,2025-09-09,600367,True,False,False
validation_2025h2,2025-09-10,002748,True,False,False
validation_2025h2,2025-09-10,603656,True,False,False
validation_2025h2,2025-09-11,002276,True,False,False
validation_2025h2,2025-09-11,003036,True,False,False
validation_2025h2,2025-09-12,000796,False,True,False
validation_2025h2,2025-09-12,002052,True,False,False
validation_2025h2,2025-09-12,603328,True,False,False
validation_2025h2,2025-09-15,603256,True,False,False
validation_2025h2,2025-09-18,002400,True,False,False
validation_2025h2,2025-09-18,603215,True,False,False
validation_2025h2,2025-09-19,002562,True,False,False
validation_2025h2,2025-09-19,603725,True,False,False
validation_2025h2,2025-09-22,002768,True,False,False
validation_2025h2,2025-09-23,603810,True,False,False
validation_2025h2,2025-09-26,002156,True,False,False
validation_2025h2,2025-09-26,002812,True,False,False
validation_2025h2,2025-09-29,002755,True,False,False
validation_2025h2,2025-09-29,603286,True,False,False
validation_2025h2,2025-09-30,002208,True,False,False
validation_2025h2,2025-09-30,600810,True,False,False
validation_2025h2,2025-10-09,000985,True,False,False
validation_2025h2,2025-10-10,603421,True,False,False
validation_2025h2,2025-10-13,002988,True,False,False
validation_2025h2,2025-10-13,603988,True,False,False
validation_2025h2,2025-10-14,002910,True,False,False
validation_2025h2,2025-10-15,002338,True,False,False
validation_2025h2,2025-10-16,002017,True,False,False
validation_2025h2,2025-10-16,002696,True,True,False
validation_2025h2,2025-10-17,600960,True,False,False
validation_2025h2,2025-10-17,603861,True,False,False
validation_2025h2,2025-10-20,002813,False,True,False
validation_2025h2,2025-10-20,600748,True,False,False
validation_2025h2,2025-10-22,002029,True,False,False
validation_2025h2,2025-10-22,002935,True,False,False
validation_2025h2,2025-10-23,002772,True,False,False
validation_2025h2,2025-10-23,600133,True,False,False
validation_2025h2,2025-10-24,002481,True,False,False
validation_2025h2,2025-10-24,002940,True,False,False
validation_2025h2,2025-10-27,000555,True,False,False
validation_2025h2,2025-10-28,003030,True,False,False
validation_2025h2,2025-10-28,605598,True,False,False
validation_2025h2,2025-10-29,002515,True,False,False
validation_2025h2,2025-10-29,605298,True,False,False
validation_2025h2,2025-10-30,600802,True,False,False
validation_2025h2,2025-10-30,600897,True,False,False
validation_2025h2,2025-10-31,002016,True,False,False
validation_2025h2,2025-10-31,603516,True,False,False
validation_2025h2,2025-11-03,002950,False,True,False
validation_2025h2,2025-11-03,603909,True,False,False
validation_2025h2,2025-11-04,002679,True,False,False
validation_2025h2,2025-11-05,000955,True,False,False
validation_2025h2,2025-11-05,603312,True,False,False
validation_2025h2,2025-11-06,605138,True,False,False
validation_2025h2,2025-11-07,603105,True,False,False
validation_2025h2,2025-11-07,603696,True,False,False
validation_2025h2,2025-11-11,000803,True,False,False
validation_2025h2,2025-11-11,600618,True,False,False
validation_2025h2,2025-11-12,000695,True,False,False
validation_2025h2,2025-11-12,002213,True,False,False
validation_2025h2,2025-11-13,000985,True,False,False
validation_2025h2,2025-11-13,600714,True,False,False
validation_2025h2,2025-11-14,000803,True,False,False
validation_2025h2,2025-11-14,600682,True,False,False
validation_2025h2,2025-11-17,002153,True,False,False
validation_2025h2,2025-11-17,600152,True,False,False
validation_2025h2,2025-11-18,002806,True,False,False
validation_2025h2,2025-11-18,002963,True,False,False
validation_2025h2,2025-11-19,000665,True,False,False
validation_2025h2,2025-11-19,002593,True,False,False
validation_2025h2,2025-11-20,001225,False,True,False
validation_2025h2,2025-11-20,002404,True,False,False
validation_2025h2,2025-11-20,002878,True,False,False
validation_2025h2,2025-11-21,000635,True,False,False
validation_2025h2,2025-11-24,002753,True,False,False
validation_2025h2,2025-11-24,603657,True,False,False
validation_2025h2,2025-11-25,002811,True,False,False
validation_2025h2,2025-11-25,603829,True,False,False
validation_2025h2,2025-11-27,001299,True,False,False
validation_2025h2,2025-11-27,002098,True,False,False
validation_2025h2,2025-11-28,603068,True,False,False
validation_2025h2,2025-12-01,600203,True,False,False
validation_2025h2,2025-12-02,603815,True,False,False
validation_2025h2,2025-12-02,603999,True,False,False
validation_2025h2,2025-12-03,003003,False,True,False
validation_2025h2,2025-12-03,603068,True,False,False
validation_2025h2,2025-12-04,603106,True,False,False
validation_2025h2,2025-12-04,603898,True,False,False
validation_2025h2,2025-12-05,000993,True,False,False
validation_2025h2,2025-12-05,603711,True,False,False
validation_2025h2,2025-12-08,002107,True,False,False
validation_2025h2,2025-12-09,603886,True,False,False
validation_2025h2,2025-12-09,605303,True,False,False
validation_2025h2,2025-12-10,002679,True,False,False
validation_2025h2,2025-12-10,003029,True,False,False
validation_2025h2,2025-12-11,002301,True,False,False
validation_2025h2,2025-12-11,603373,True,False,False
validation_2025h2,2025-12-12,000532,True,False,False
validation_2025h2,2025-12-12,002633,True,False,False
validation_2025h2,2025-12-16,000546,True,True,False
validation_2025h2,2025-12-16,600990,True,False,False
validation_2025h2,2025-12-17,000061,True,False,False
validation_2025h2,2025-12-17,600135,True,False,False
validation_2025h2,2025-12-18,002813,True,False,False
validation_2025h2,2025-12-18,600198,True,False,False
validation_2025h2,2025-12-19,000546,True,False,False
validation_2025h2,2025-12-23,002188,True,False,False
validation_2025h2,2025-12-23,002644,True,False,False
validation_2025h2,2025-12-24,002151,True,False,False
validation_2025h2,2025-12-24,002951,True,False,False
validation_2025h2,2025-12-24,603344,False,True,False
validation_2025h2,2025-12-26,002427,True,False,False
validation_2025h2,2025-12-26,600962,True,False,False
validation_2025h2,2025-12-26,603879,False,True,False
observed_2026,2026-01-05,002527,True,False,False
observed_2026,2026-01-06,603967,True,False,False
observed_2026,2026-01-07,603052,True,False,False
observed_2026,2026-01-08,002882,True,False,False
observed_2026,2026-01-08,002945,True,False,False
observed_2026,2026-01-09,600198,True,False,False
observed_2026,2026-01-09,603125,True,False,False
observed_2026,2026-01-12,002248,True,False,False
observed_2026,2026-01-14,600586,True,False,False
observed_2026,2026-01-14,601900,True,False,False
observed_2026,2026-01-15,600089,True,False,False
observed_2026,2026-01-15,603282,False,True,False
observed_2026,2026-01-15,603739,True,False,False
observed_2026,2026-01-16,000409,True,False,False
observed_2026,2026-01-16,002201,True,False,False
observed_2026,2026-01-19,600520,True,False,False
observed_2026,2026-01-19,603161,True,False,False
observed_2026,2026-01-21,000987,True,True,False
observed_2026,2026-01-21,002591,True,False,False
observed_2026,2026-01-21,600189,False,True,False
observed_2026,2026-01-22,003039,True,False,False
observed_2026,2026-01-22,603916,True,False,False
observed_2026,2026-01-23,000066,True,False,False
observed_2026,2026-01-27,002679,True,False,False
observed_2026,2026-01-27,605598,True,False,False
observed_2026,2026-01-28,001277,True,False,False
observed_2026,2026-01-28,002022,True,False,False
observed_2026,2026-01-29,002115,True,False,False
observed_2026,2026-01-29,600877,True,False,False
observed_2026,2026-01-30,002160,True,False,False
observed_2026,2026-01-30,603900,True,False,False
observed_2026,2026-02-02,603876,True,False,False
observed_2026,2026-02-03,002952,True,False,False
observed_2026,2026-02-04,001326,True,True,False
observed_2026,2026-02-05,002951,True,False,False
observed_2026,2026-02-05,605599,True,False,False
observed_2026,2026-02-06,000070,True,False,False
observed_2026,2026-02-06,000533,True,False,False
observed_2026,2026-02-10,002921,True,False,False
observed_2026,2026-02-11,600722,True,False,False
observed_2026,2026-02-11,603626,False,True,False
observed_2026,2026-02-12,603000,True,False,False
observed_2026,2026-02-12,603999,True,False,False
observed_2026,2026-02-13,001217,True,False,False
observed_2026,2026-02-25,603331,True,False,False
observed_2026,2026-02-26,002358,True,False,False
observed_2026,2026-02-26,600722,True,False,False
observed_2026,2026-02-27,002176,True,False,False
observed_2026,2026-02-27,600470,True,False,False
observed_2026,2026-03-02,002099,True,False,False
observed_2026,2026-03-02,002970,True,False,False
observed_2026,2026-03-02,600478,False,True,False
observed_2026,2026-03-03,002350,True,False,False
observed_2026,2026-03-04,002413,True,False,False
observed_2026,2026-03-05,002828,True,False,False
observed_2026,2026-03-05,605169,True,False,False
observed_2026,2026-03-06,002178,True,False,False
observed_2026,2026-03-09,002449,True,False,False
observed_2026,2026-03-09,002733,True,False,False
observed_2026,2026-03-10,002165,True,False,False
observed_2026,2026-03-10,601616,True,False,False
observed_2026,2026-03-12,002903,True,False,False
observed_2026,2026-03-13,002455,False,True,False
observed_2026,2026-03-16,603626,True,False,False
observed_2026,2026-03-16,603978,True,False,False
observed_2026,2026-03-17,001366,True,False,False
observed_2026,2026-03-17,600847,True,False,False
observed_2026,2026-03-18,001278,True,False,False
observed_2026,2026-03-20,000990,True,False,False
observed_2026,2026-03-20,603387,True,False,False
observed_2026,2026-03-23,002902,True,False,False
observed_2026,2026-03-23,601218,True,False,False
observed_2026,2026-03-27,000070,True,False,False
observed_2026,2026-03-27,600589,True,False,False
observed_2026,2026-03-30,002902,True,False,False
observed_2026,2026-03-30,603217,True,True,False
observed_2026,2026-03-31,002176,True,False,False
observed_2026,2026-03-31,002265,True,False,False
observed_2026,2026-03-31,002455,False,True,False
observed_2026,2026-04-01,002980,False,True,False
observed_2026,2026-04-01,600127,True,False,False
observed_2026,2026-04-01,603585,False,True,False
observed_2026,2026-04-02,002454,False,True,False
observed_2026,2026-04-02,002565,True,False,False
observed_2026,2026-04-02,002995,True,False,False
observed_2026,2026-04-03,002923,True,False,False
observed_2026,2026-04-03,601133,False,True,False
observed_2026,2026-04-07,002828,True,False,False
observed_2026,2026-04-09,603968,True,False,False
observed_2026,2026-04-13,600330,True,False,False
observed_2026,2026-04-14,601999,True,True,False
observed_2026,2026-04-15,002943,False,True,False
observed_2026,2026-04-15,603682,True,False,False
observed_2026,2026-04-16,600396,True,False,False
observed_2026,2026-04-16,603002,True,False,False
observed_2026,2026-04-17,600267,True,False,False
observed_2026,2026-04-21,002802,True,False,False
observed_2026,2026-04-21,600683,True,False,False
observed_2026,2026-04-22,603057,True,False,False
observed_2026,2026-04-22,605162,True,False,False
observed_2026,2026-04-23,603017,True,False,False
observed_2026,2026-04-23,603335,True,False,False
observed_2026,2026-04-23,605298,False,True,False
observed_2026,2026-04-24,600703,True,False,False
observed_2026,2026-04-24,601061,True,False,False
observed_2026,2026-04-27,002301,True,False,False
observed_2026,2026-04-28,600826,True,False,False
observed_2026,2026-04-28,603365,True,False,False
observed_2026,2026-04-29,600637,True,False,False
observed_2026,2026-04-29,605006,False,True,False
observed_2026,2026-04-30,600744,True,False,False
observed_2026,2026-05-06,002786,True,False,False
observed_2026,2026-05-06,603013,False,True,False
observed_2026,2026-05-06,603256,False,True,False
observed_2026,2026-05-06,603516,True,False,False
observed_2026,2026-05-08,603936,True,True,False
observed_2026,2026-05-08,603937,True,False,False
observed_2026,2026-05-08,603978,False,True,False
observed_2026,2026-05-11,600719,True,False,False
observed_2026,2026-05-12,002474,True,False,False
observed_2026,2026-05-12,002624,True,False,False
observed_2026,2026-05-12,002902,False,True,False
observed_2026,2026-05-13,002585,True,False,False
observed_2026,2026-05-13,002623,True,False,False
observed_2026,2026-05-14,603037,True,False,False
observed_2026,2026-05-14,603331,True,False,False
observed_2026,2026-05-15,002628,True,True,False
observed_2026,2026-05-15,600982,True,False,False
observed_2026,2026-05-18,600509,True,False,False
observed_2026,2026-05-18,605366,True,False,False
observed_2026,2026-05-19,600510,True,False,False
observed_2026,2026-05-19,603677,True,False,False
observed_2026,2026-05-20,001258,True,False,False
observed_2026,2026-05-20,605303,True,False,False
observed_2026,2026-05-21,600481,True,False,False
observed_2026,2026-05-21,605488,True,False,False
observed_2026,2026-05-22,002796,True,False,False
observed_2026,2026-05-22,600615,True,False,False
observed_2026,2026-05-26,001366,False,True,False
observed_2026,2026-05-26,002453,True,False,False
observed_2026,2026-05-26,600683,True,False,False
observed_2026,2026-05-27,002735,True,False,False
observed_2026,2026-05-27,002976,False,True,False
observed_2026,2026-05-27,601608,True,False,False
observed_2026,2026-05-28,600367,True,False,False
observed_2026,2026-05-29,603895,True,False,False
observed_2026,2026-06-01,002350,True,False,False
observed_2026,2026-06-01,603682,True,False,False
observed_2026,2026-06-03,002580,True,False,False
observed_2026,2026-06-03,600463,True,False,False
observed_2026,2026-06-04,002897,True,False,False
observed_2026,2026-06-04,002975,True,False,False
observed_2026,2026-06-05,002875,True,False,False
observed_2026,2026-06-05,601798,True,False,False
observed_2026,2026-06-08,002213,True,False,False
observed_2026,2026-06-08,605162,True,False,False
observed_2026,2026-06-10,000970,True,False,False
observed_2026,2026-06-10,603206,True,True,False
observed_2026,2026-06-11,002976,False,True,False
observed_2026,2026-06-11,600110,False,True,False
observed_2026,2026-06-11,600198,True,False,False
observed_2026,2026-06-11,600579,True,False,False
observed_2026,2026-06-12,000029,True,False,False
observed_2026,2026-06-15,603324,True,False,False
observed_2026,2026-06-15,605069,True,False,False
observed_2026,2026-06-16,000969,False,True,False
observed_2026,2026-06-16,002270,True,True,False
observed_2026,2026-06-16,002830,True,False,False
observed_2026,2026-06-17,002040,True,False,False
observed_2026,2026-06-17,002137,True,False,False
observed_2026,2026-06-17,603727,False,True,False
observed_2026,2026-06-18,000791,True,False,False
observed_2026,2026-06-18,002782,True,False,False
observed_2026,2026-06-22,000050,False,True,False
observed_2026,2026-06-22,002906,True,False,False
observed_2026,2026-06-22,603880,True,False,False
observed_2026,2026-06-23,002491,False,True,False
observed_2026,2026-06-23,002579,True,False,False
observed_2026,2026-06-24,002312,True,False,False
observed_2026,2026-06-24,603012,True,False,False
observed_2026,2026-06-25,000551,False,True,False
observed_2026,2026-06-25,600506,True,False,False
observed_2026,2026-06-25,603122,True,False,False
observed_2026,2026-06-26,603317,True,False,False
observed_2026,2026-06-26,603948,True,False,False
observed_2026,2026-06-29,000818,True,False,False
observed_2026,2026-06-29,002518,True,False,False
observed_2026,2026-06-30,001289,True,False,False
observed_2026,2026-06-30,002930,True,False,False
observed_2026,2026-07-01,002639,False,True,False
observed_2026,2026-07-01,600222,True,False,False
observed_2026,2026-07-01,603516,False,True,False
observed_2026,2026-07-01,605300,True,False,False
observed_2026,2026-07-02,603222,True,False,False
observed_2026,2026-07-02,603928,True,False,False
observed_2026,2026-07-03,000733,True,False,False
observed_2026,2026-07-03,002313,True,False,False
observed_2026,2026-07-06,603273,False,True,False
observed_2026,2026-07-06,603538,True,False,False
observed_2026,2026-07-06,603897,True,False,False
observed_2026,2026-07-07,001337,True,False,False
observed_2026,2026-07-07,605068,True,False,False
observed_2026,2026-07-08,002774,True,False,False
observed_2026,2026-07-08,605196,True,False,False
observed_2026,2026-07-09,001311,True,False,False
observed_2026,2026-07-10,600756,True,False,False
observed_2026,2026-07-10,603380,True,False,False
observed_2026,2026-07-13,000417,True,False,False
observed_2026,2026-07-13,002208,True,False,False
observed_2026,2026-07-14,600118,True,False,False
observed_2026,2026-07-14,601698,True,False,False
observed_2026,2026-07-16,603042,True,False,False
observed_2026,2026-07-16,603806,True,False,False
observed_2026,2026-07-17,000593,True,False,False
observed_2026,2026-07-17,605255,True,False,False
observed_2026,2026-07-20,002045,True,False,False
observed_2026,2026-07-20,002760,True,False,False
observed_2026,2026-07-22,002992,False,True,False
observed_2026,2026-07-22,600722,True,True,False
observed_2026,2026-07-23,002036,False,True,True
observed_2026,2026-07-23,603192,True,False,False
observed_2026,2026-07-24,603629,True,False,False
observed_2026,2026-07-24,603803,True,False,False
observed_2026,2026-07-27,002229,True,False,False
observed_2026,2026-07-27,605162,True,False,False
observed_2026,2026-07-28,600539,True,False,False
observed_2026,2026-07-29,002051,True,False,False
observed_2026,2026-07-29,002580,True,False,False
observed_2026,2026-07-30,002642,True,False,False
observed_2026,2026-07-30,002889,True,False,False
observed_2026,2026-07-31,603696,True,False,False
observed_2026,2026-07-31,605136,True,False,False
observed_2026,2026-08-04,603956,True,False,False
observed_2026,2026-08-04,605287,True,False,False
observed_2026,2026-08-05,603011,True,True,False
observed_2026,2026-08-05,603577,True,False,False
observed_2026,2026-08-06,001266,True,True,False
observed_2026,2026-08-06,603222,True,False,False
observed_2026,2026-08-07,603206,True,False,False
observed_2026,2026-08-07,603826,True,False,False
observed_2026,2026-08-10,002104,True,False,False
observed_2026,2026-08-10,002826,False,True,False
observed_2026,2026-08-10,003036,False,True,False
observed_2026,2026-08-10,600156,True,False,False
observed_2026,2026-08-11,002971,False,True,False
observed_2026,2026-08-11,600110,True,False,False
observed_2026,2026-08-11,603655,False,True,False
observed_2026,2026-08-11,603757,True,False,False
observed_2026,2026-08-12,002298,True,False,False
observed_2026,2026-08-12,605033,True,False,False
observed_2026,2026-08-13,002715,True,False,False
observed_2026,2026-08-14,002491,True,False,False
observed_2026,2026-08-14,603095,True,False,False
observed_2026,2026-08-17,002174,False,True,False
observed_2026,2026-08-17,600726,True,False,False
observed_2026,2026-08-18,002774,False,True,False
observed_2026,2026-08-19,000029,True,False,False
observed_2026,2026-08-19,605180,True,False,False
observed_2026,2026-08-20,001366,True,True,False
observed_2026,2026-08-20,605333,True,False,False
observed_2026,2026-08-21,002900,True,False,False
observed_2026,2026-08-21,603506,True,False,False
observed_2026,2026-08-24,000590,False,True,False
observed_2026,2026-08-24,001360,False,True,False
observed_2026,2026-08-24,603285,True,False,False
observed_2026,2026-08-24,603392,True,False,False
observed_2026,2026-08-25,603052,True,False,False
observed_2026,2026-08-25,603803,True,False,False
observed_2026,2026-08-26,603032,True,True,False
observed_2026,2026-08-26,603200,True,False,False
observed_2026,2026-08-27,603360,True,False,False
observed_2026,2026-08-27,605303,True,False,False
observed_2026,2026-08-28,002295,True,False,False
observed_2026,2026-08-28,603121,True,False,False
observed_2026,2026-08-28,603392,False,True,False
observed_2026,2026-08-28,605169,False,True,False
observed_2026,2026-08-31,000586,True,False,False
observed_2026,2026-08-31,000890,True,False,False
observed_2026,2026-09-01,002349,True,False,False
observed_2026,2026-09-01,603086,True,False,False
observed_2026,2026-09-02,003036,True,False,False
observed_2026,2026-09-02,600110,True,False,False
observed_2026,2026-09-03,002696,True,False,False
observed_2026,2026-09-04,001278,True,False,False
observed_2026,2026-09-04,001366,True,False,False
observed_2026,2026-09-07,001299,True,False,False
observed_2026,2026-09-07,605088,True,False,False
observed_2026,2026-09-08,603390,True,False,False
observed_2026,2026-09-09,002852,True,False,False
observed_2026,2026-09-09,603311,True,True,False
observed_2026,2026-09-10,000679,True,False,False
observed_2026,2026-09-10,002312,True,False,False
observed_2026,2026-09-11,002040,True,False,False
observed_2026,2026-09-11,605198,False,True,False
observed_2026,2026-09-14,600712,True,False,False
observed_2026,2026-09-16,600697,True,False,False
observed_2026,2026-09-16,603439,True,False,False
observed_2026,2026-09-17,002882,True,False,False
observed_2026,2026-09-17,603200,True,False,False
observed_2026,2026-09-18,001209,True,False,False
observed_2026,2026-09-18,002388,False,True,False
observed_2026,2026-09-18,002679,False,True,False
observed_2026,2026-09-22,001211,False,True,False
observed_2026,2026-09-22,002836,True,False,False
observed_2026,2026-09-22,600640,False,True,False
observed_2026,2026-09-23,001376,True,False,False
observed_2026,2026-09-23,600587,True,False,False
observed_2026,2026-09-24,605178,True,True,False
observed_2026,2026-09-24,605218,True,False,False
