family,signal_date,code,row,col,setup_id,arm_date,push_start,push_end,upper_economic,floor_economic,stop_economic,score,push_pct,tr_ratio,volume_ratio,clv,signal_risk_pct,entry_date,entry_open_raw,entry_factor,opening_structure_risk_pct,old_gate_group,status,capital_weight,weighted_net_pct
base8,2024-01-04,300677,244,594,base8:300677:2024-01-02,2024-01-02,2023-11-29,2023-12-20,139.3003472135888,130.47145196765712,129.81909470781883,76.0866,14.750121300339636,0.6868131868131854,0.48802654867641293,0.7206703910614528,9.066491511721908,2024-01-05,24.74,5.7705197685828,9.066491511721908,previously_rejected_above8,filled,1.0,-6.209999999999995
base8,2024-03-12,300765,286,673,base8:300765:2024-03-11,2024-03-11,2024-01-30,2024-02-28,181.61935461040682,162.5997721970392,161.78677333605398,83.8428,15.690450834220805,0.6182744043043825,0.5087434946108186,0.8434343434343421,11.387537993920983,2024-03-13,35.81,5.0449820725113,10.447221446523336,previously_rejected_above8,filled,1.0,14.003906729963699
base8,2024-03-13,301015,287,912,base8:301015:2024-03-12,2024-03-12,2024-01-31,2024-02-29,37.610904381777935,35.09785551273893,34.92236623517524,88.3266,17.421361908053925,0.5743517017828185,0.5046330125362061,0.8170731707317044,9.271349862258937,2024-03-14,36.49,1.0603581725903,9.743765415182226,previously_rejected_above8,filled,1.0,-0.31961907371882514
base8,2024-03-13,300349,287,294,base8:300349:2024-03-12,2024-03-12,2024-01-31,2024-02-29,75.85435066138407,71.051883655225,70.69662423694888,84.3781,13.896987366375125,0.42138810198300325,0.6693258046464263,0.9473684210526312,8.653142402545743,2024-03-14,12.54,6.1570089822552,8.434609250398728,previously_rejected_above8,filled,1.0,5.053157894736836
base8,2024-03-14,300818,288,724,base8:300818:2024-03-13,2024-03-13,2024-02-01,2024-03-01,47.32065970360044,43.87498059896934,43.655605695974494,84.7953,19.014937424303604,0.4432240099009901,0.6783993513336299,0.7350157728706614,11.825703680791822,2024-03-15,31.85,1.5314129353916,10.496860282574561,previously_rejected_above8,filled,1.0,3.400675039246458
base8,2024-03-14,300848,288,753,base8:300848:2024-03-12,2024-03-12,2024-01-31,2024-02-29,71.9842023548264,66.88152471954756,66.54711709594982,75.9741,14.776119402985088,0.5618852459016399,0.661864165393635,0.6811594202898551,17.47683615819209,2024-03-15,17.42,4.5559621743561,16.15040183696901,previously_rejected_above8,filled,1.0,5.989770378874847
base8,2024-03-15,300790,289,698,base8:300790:2024-03-14,2024-03-14,2024-02-02,2024-03-04,34.02195725398615,31.353568449751943,31.196800607503185,97.5886,18.78121878121879,0.43003207698476303,0.5081654580889432,0.9607843137254943,9.047001620745544,2024-03-18,12.41,2.7795716710773,9.560032232070903,previously_rejected_above8,filled,1.0,5.914093473005665
base8,2024-03-15,301397,289,1229,base8:301397:2024-03-14,2024-03-14,2024-02-02,2024-03-04,36.63,33.53,33.36235,91.7706,21.77747625508819,0.45455966975231443,0.5960164363752678,0.8285714285714281,10.026024811218981,2024-03-18,36.98,1.0,9.782720389399667,previously_rejected_above8,filled,1.0,-1.967706868577602
base8,2024-03-18,300640,290,558,base8:300640:2024-03-15,2024-03-15,2024-02-05,2024-03-05,14.446657526818653,13.069389973551965,13.004043023684206,99.6286,19.628647214854112,0.4390404929577468,0.4182101952731402,1.0,12.471400394477328,2024-03-19,5.08,2.9303564963121,12.64370078740158,previously_rejected_above8,filled,1.0,1.1679527559055094
base8,2024-03-18,301182,290,1055,base8:301182:2024-03-15,2024-03-15,2024-02-05,2024-03-05,16.978455021680592,15.34062922270481,15.263926076591288,99.1376,28.583333333333314,0.48500722543352626,0.5051266115330801,0.9696969696969672,14.98810198300282,2024-03-19,17.82,1.0172831049539,15.799102132435461,previously_rejected_above8,filled,1.0,1.866318742985417
base8,2024-03-19,300785,291,693,base8:300785:2024-03-15,2024-03-15,2024-02-05,2024-03-05,71.78097830816307,66.04126616984173,65.71105983899253,93.0598,56.10658771280532,0.5347418313836226,0.5581655893946451,0.9199999999999987,11.934661723818362,2024-03-20,21.2,3.4576579146514,10.356132075471713,previously_rejected_above8,filled,1.0,7.195660377358503
base8,2024-03-19,301383,291,1218,base8:301383:2024-03-15,2024-03-15,2024-02-05,2024-03-05,44.55,40.4,40.198,92.4164,22.51277427111511,0.37972982657302584,0.5628986458284676,0.7780678851174934,10.948161276030133,2024-03-20,44.54,1.0,9.7485406376291,previously_rejected_above8,filled,1.0,-6.210000000000005
base8,2024-03-20,300079,292,66,base8:300079:2024-03-12,2024-03-12,2024-01-31,2024-02-29,65.97277395900106,61.44029330532923,61.13309183880258,98.7213,21.29186602870814,0.35294117647058865,0.5045217888841399,0.9473684210526315,9.241121495327098,2024-03-21,5.41,12.590224037977299,10.247689463955624,previously_rejected_above8,filled,1.0,-6.210000000000016
base8,2024-03-20,300465,292,393,base8:300465:2024-03-15,2024-03-15,2024-02-05,2024-03-05,27.897402542273856,25.992371581632472,25.86240972372431,92.7021,36.1290322580645,0.4623287671232873,0.6459583166349613,1.0,10.002808988764045,2024-03-21,8.86,3.2288660349854,9.596501128668155,previously_rejected_above8,filled,1.0,-6.209999999999995
base8,2024-03-21,300435,293,365,base8:300435:2024-03-14,2024-03-14,2024-02-02,2024-03-04,43.04888491360292,41.468529373455965,41.26118672658868,91.0097,20.967741935483897,0.42039473684210527,0.5621586366472867,0.7058823529411703,4.712408759124099,2024-03-22,13.65,3.1607110802939005,4.363369963370001,previously_admitted_le8,filled,1.0,-6.210000000000016
base8,2024-03-21,300083,293,69,base8:300083:2024-03-19,2024-03-19,2024-02-07,2024-03-07,44.701022504468604,42.39599740294905,42.184017415934306,87.5986,24.29906542056075,0.453345070422535,0.6146945549358661,0.6666666666666663,11.802925989672964,2024-03-22,5.71,8.232232505427,10.258318739054273,previously_rejected_above8,filled,1.0,10.122749562171627
base8,2024-03-22,300097,294,79,base8:300097:2024-03-20,2024-03-20,2024-02-08,2024-03-08,31.73890898351318,29.25531196293908,29.109035403124384,84.5225,47.07964601769912,0.4817574511819124,0.6857414571147761,0.6904761904761917,12.705914567360344,2024-03-25,8.85,3.6523485596678,9.944067796610167,previously_rejected_above8,filled,1.0,1.5979096045197752
base8,2024-03-25,300157,295,130,base8:300157:2024-03-15,2024-03-15,2024-02-05,2024-03-05,18.96203251836363,17.42788749260605,17.34074805514302,97.037,42.78846153846154,0.3302556818181818,0.4835059226174892,0.8518518518518523,10.292063492063496,2024-03-26,3.1,6.1365801030303,8.84516129032259,previously_rejected_above8,filled,1.0,-6.210000000000016
base8,2024-03-26,301289,296,1142,base8:301289:2024-03-18,2024-03-18,2024-02-06,2024-03-06,63.021304535634805,58.17250107991145,57.88163857451189,85.1877,29.186206896551713,0.49949849548645875,0.6659084466093751,0.6741573033707882,11.566653282473405,2024-03-27,48.42,1.3140388768898,9.027984304006598,previously_rejected_above8,filled,1.0,-9.958038000826098
base8,2024-03-26,300783,296,691,base8:300783:2024-03-22,2024-03-22,2024-02-20,2024-03-12,22.223427879026374,20.745287641345175,20.64156120313845,84.6103,19.587628865979354,0.5854072398190039,0.5966427303111126,0.7916666666666659,8.470869367319056,2024-03-27,22.15,1.0264862761675,9.21467268623023,previously_rejected_above8,filled,1.0,4.078939051918739
base8,2024-03-28,300194,298,163,base8:300194:2024-03-14,2024-03-14,2024-02-02,2024-03-04,24.691011269751698,23.006060369453678,22.89103006760641,82.8595,13.496932515337434,0.5184659090909102,0.6735632035835124,0.9666666666666663,9.196658097686395,2024-03-29,3.84,6.4805803857616,8.014322916666682,previously_rejected_above8,filled,1.0,5.25875
base8,2024-04-01,300193,300,162,base8:300193:2024-03-19,2024-03-19,2024-02-07,2024-03-07,22.86685795032035,21.125726634306112,21.02009800113458,89.2526,29.29824561403509,0.4942152917505036,0.6292330107054206,0.7857142857142801,8.540404040404026,2024-04-02,7.92,2.9018855266904,8.540404040404026,previously_rejected_above8,filled,1.0,-1.8514141414141436
base8,2024-04-01,301336,300,1185,base8:301336:2024-03-21,2024-03-21,2024-02-19,2024-03-11,35.586829436037256,31.895374828059392,31.735897953919096,81.3406,16.54411764705881,0.5832141580264567,0.6643821438940203,0.9420289855072451,13.081404958677679,2024-04-02,36.02,1.0058459422283,12.405746807329265,previously_rejected_above8,filled,1.0,-6.209999999999995
base8,2024-04-02,301036,301,931,base8:301036:2024-03-22,2024-03-22,2024-02-20,2024-03-12,19.801799048778385,17.748279147423595,17.65953775168648,85.2526,21.280991735537192,0.5474160895045282,0.692949430631359,0.9109589041095905,14.65670886075947,2024-04-03,19.33,1.0477142353851,12.802379720641454,previously_rejected_above8,filled,1.0,-6.210000000000005
base8,2024-04-03,300109,302,89,base8:300109:2024-03-27,2024-03-27,2024-02-23,2024-03-15,90.32174747634897,84.50782860686276,84.08528946382845,73.8841,12.521942656524288,0.6074334319526629,0.68745057813496,0.9127516778523483,12.032088122605355,2024-04-08,21.1,4.5778888736112,12.949289099526062,previously_rejected_above8,filled,1.0,-1.1104739336492928
base8,2024-04-11,301062,306,955,base8:301062:2024-04-09,2024-04-09,2024-03-05,2024-03-26,10.358834487700014,9.601609744447089,9.553601695724852,79.2835,22.783251231527114,0.6270000000000007,0.693862606607176,0.8933333333333339,9.102305475504336,2024-04-12,10.33,1.0096329910039,8.398354307841238,previously_rejected_above8,filled,1.0,-6.210000000000005
base8,2024-05-08,300871,322,776,base8:300871:2024-05-07,2024-05-07,2024-03-28,2024-04-22,23.740001257121538,21.625951013248574,21.51782125818233,86.0091,14.677419354838705,0.561175991309071,0.4700537301052839,0.7807017543859655,11.916987179487194,2024-05-09,15.6,1.5659631436096,11.916987179487194,previously_rejected_above8,filled,1.0,-4.568974358974354
base8,2024-05-13,301345,325,1189,base8:301345:2024-05-10,2024-05-10,2024-04-02,2024-04-25,77.49149474984631,70.9247683755411,70.5701445336634,74.0289,13.818531580634819,0.6587226827430298,0.6316287295122772,0.8951175406871607,11.326424870466345,2024-05-14,77.4,1.0308832612724,11.555555555555586,previously_rejected_above8,filled,1.0,-6.210000000000005
base8,2024-05-17,300816,329,722,base8:300816:2024-05-16,2024-05-16,2024-04-10,2024-05-06,24.344190769439322,22.399895999167963,22.287896519172122,82.9162,13.117206982543639,0.5655452436194885,0.5903395845056674,0.9452054794520569,10.929178470254964,2024-05-20,24.72,1.012653526183,10.965210355987054,previously_rejected_above8,filled,1.0,-1.1404207119741225
base8,2024-05-20,300872,330,777,base8:300872:2024-05-16,2024-05-16,2024-04-10,2024-05-06,24.276523819714022,22.841010809416563,22.72680575536948,90.2647,19.103139013452886,0.47653008298755156,0.6767685905395796,1.0,7.010037174721195,2024-05-21,13.27,1.8171050763259,5.748681235870379,previously_admitted_le8,filled,1.0,-4.673004291464745
base8,2024-05-22,300822,332,728,base8:300822:2024-05-21,2024-05-21,2024-04-15,2024-05-09,26.5318310849884,24.61668130596635,24.493597899436516,88.3428,22.05240174672487,0.5437284234752585,0.5525211231629272,0.7014925373134332,9.825451418744645,2024-05-23,11.5,2.3355485110025,8.806086956521753,previously_rejected_above8,filled,1.0,22.311739130434802
base8,2024-05-22,301008,332,906,base8:301008:2024-05-15,2024-05-15,2024-04-09,2024-04-30,35.286400333255735,32.229318298070126,32.068171706579776,86.864,16.392733564013827,0.4449233716475103,0.667385611907387,0.9420289855072462,12.614502529510963,2024-05-23,28.88,1.2376850344881,10.284626038781164,previously_rejected_above8,filled,1.0,-6.210000000000016
base8,2024-05-23,301529,333,1275,base8:301529:2024-05-22,2024-05-22,2024-04-16,2024-05-10,31.37,29.85,29.700750000000003,91.798,24.960443037974667,0.5195989061075657,0.5194835874842018,0.7072072072072076,7.1851562499999915,2024-05-24,31.5,1.0,5.711904761904751,previously_admitted_le8,filled,1.0,4.939507702701706
base8,2024-05-23,300540,333,463,base8:300540:2024-05-22,2024-05-22,2024-04-16,2024-05-10,37.7358034968221,34.049840304978794,33.8795911034539,87.2342,14.19418432725481,0.5536322965487863,0.5343270322936965,0.9255319148936166,12.221917808219175,2024-05-24,25.1,1.5106406523948,10.648207171314738,previously_rejected_above8,filled,1.0,-7.381314741035861
base8,2024-05-24,301170,334,1044,base8:301170:2024-05-22,2024-05-22,2024-04-16,2024-05-10,24.23,23.23,23.11385,82.1663,18.73479318734792,0.6016483516483521,0.6791451437307452,0.975206611570247,6.0030500203334665,2024-05-27,24.35,1.0,5.076591375770034,previously_admitted_le8,filled,1.0,2.993285420944546
base8,2024-05-27,300261,335,222,base8:300261:2024-05-24,2024-05-24,2024-04-18,2024-05-14,62.880602188851896,57.29121532762062,57.00475925098252,95.942,21.778584392014544,0.4791666666666672,0.46222625488110347,0.7971014492753622,10.011029411764705,2024-05-28,6.75,9.3156447687188,9.344444444444445,previously_rejected_above8,filled,1.0,-4.802592592592581
base8,2024-05-27,301036,335,931,base8:301036:2024-05-24,2024-05-24,2024-04-18,2024-05-14,23.573570296164746,21.080010415948212,20.97461036386847,89.6573,35.03465658475109,0.45603015075376846,0.6986244431830854,0.9794238683127588,12.118525021949067,2024-05-28,22.35,1.0477142353851,10.427740492170013,previously_rejected_above8,filled,1.0,-4.326331096196879
base8,2024-05-29,301059,337,952,base8:301059:2024-05-22,2024-05-22,2024-04-16,2024-05-10,19.68070953140447,18.5299049106385,18.437255386085308,89.7243,35.1278600269179,0.5357142857142867,0.6555138758466365,1.0,7.237487733071624,2024-05-30,10.1,1.9505163063829998,6.410891089108894,previously_admitted_le8,filled,1.0,-6.210000000000016
base8,2024-05-29,301226,337,1094,base8:301226:2024-05-27,2024-05-27,2024-04-19,2024-05-15,28.386307305100352,26.560287536936,26.42748609925132,83.7937,13.453815261044188,0.5724489795918376,0.5738627734527182,0.9552238805970112,8.976558033161798,2024-05-30,17.3,1.6600179710585,7.976878612716776,previously_admitted_le8,filled,1.0,-6.210000000000005
base8,2024-05-31,300698,339,615,base8:300698:2024-05-30,2024-05-30,2024-04-24,2024-05-20,35.865280441594905,33.551714459464655,33.38395588716733,81.5064,18.796484110885746,0.6239100104638998,0.5467458979833579,0.6860465116279064,7.870370370370361,2024-06-03,36.34,1.0015437152079,8.276004402861869,previously_rejected_above8,filled,1.0,-6.210000000000005
base8,2024-07-26,300946,378,846,base8:300946:2024-07-25,2024-07-25,2024-06-24,2024-07-15,48.676684751499,43.5401355415313,43.322434863823645,86.4754,12.365339578454314,0.5472080136402392,0.5079569984340979,0.8906249999999992,11.672589792060483,2024-07-29,26.45,1.8543498952952,11.672589792060483,previously_rejected_above8,filled,1.0,-0.47465028355387995
base8,2024-07-29,300266,379,226,base8:300266:2024-07-25,2024-07-25,2024-06-24,2024-07-15,24.911163766337424,22.611671726367813,22.498613367735974,95.9898,19.626168224299057,0.44241573033707926,0.32938974877135324,0.8181818181818182,11.053030303030308,2024-07-30,1.39,19.162433666413403,15.532374100719426,previously_rejected_above8,filled,1.0,1.2288489208633004
base8,2024-07-31,300197,381,166,base8:300197:2024-07-26,2024-07-26,2024-06-25,2024-07-16,44.08189663311509,40.27626526910516,40.074883942759634,97.094,17.094017094017122,0.35576923076923095,0.4202861926860185,1.0,9.739285714285707,2024-08-01,1.4,31.713594700082805,9.739285714285707,previously_rejected_above8,filled,1.0,0.5042857142857118
base8,2024-08-13,301040,390,935,base8:301040:2024-08-09,2024-08-09,2024-07-09,2024-07-30,10.743588991492604,9.88611944757066,9.836688850332807,82.395,13.043478260869579,0.5286430834213295,0.6309642151272644,0.8952380952380957,12.625448028673835,2024-08-14,10.91,1.0087876987317,10.623281393217221,previously_rejected_above8,filled,1.0,-2.501475710357471
base8,2024-08-19,300377,394,315,base8:300377:2024-08-15,2024-08-15,2024-07-15,2024-08-05,63.11478177745167,57.407010208012565,57.1199751569725,80.3055,12.423625254582472,0.6199596774193552,0.4564607992206909,0.8139534883720931,13.124373956594326,2024-08-20,5.9,10.976483787382898,11.799152542372882,previously_rejected_above8,filled,1.0,-6.210000000000005
base8,2024-09-25,301270,419,1126,base8:301270:2024-09-13,2024-09-13,2024-08-13,2024-09-03,27.41495581727532,24.929196763694012,24.80455077987554,74.6919,15.486523526724527,0.6963796253997266,0.6409612756385845,1.0,11.178937728937733,2024-09-26,27.2,1.0229461125849,10.85238970588236,previously_rejected_above8,filled,1.0,43.94441176470589
base8,2024-09-27,300103,421,85,base8:300103:2024-09-11,2024-09-11,2024-08-09,2024-08-30,26.372508818637133,24.44157368355387,24.3193658151361,82.3521,16.820276497695865,0.5769230769230772,0.6038940648128669,0.8055555555555554,11.698339483394848,2024-09-30,5.58,5.0814082502191,14.230286738351271,previously_rejected_above8,filled,1.0,44.592867383512534
base8,2024-10-23,300645,434,563,base8:300645:2024-10-22,2024-10-22,2024-09-10,2024-10-10,31.625353762189246,28.299440174652734,28.15794297377947,74.3028,25.32154340836015,0.6521739130434784,0.6774959630620175,0.6914893617021289,11.67022574740697,2024-10-24,16.02,1.9449787061617,9.63014981273409,previously_rejected_above8,filled,1.0,3.7850062421972632
base8,2024-10-24,300796,435,703,base8:300796:2024-10-23,2024-10-23,2024-09-11,2024-10-11,28.76730556068673,26.690521469407205,26.55706886206017,87.2936,17.12765957446807,0.47937443336355307,0.6430731265170837,0.8659793814432982,8.82086267605633,2024-10-25,11.26,2.5639309768883,8.011101243339247,previously_rejected_above8,filled,1.0,-4.117637655417407
base8,2024-10-25,301090,436,980,base8:301090:2024-10-22,2024-10-22,2024-09-10,2024-10-10,7.90372035759497,7.130640888898423,7.094987684453931,93.1717,24.838709677419367,0.5491214057507986,0.3897070460270185,0.8305084745762693,10.69206145966709,2024-10-28,7.86,1.0172098272323,11.260178117048358,previously_rejected_above8,filled,1.0,-4.281246819338425
base8,2024-10-25,301520,436,1270,base8:301520:2024-10-22,2024-10-22,2024-09-10,2024-10-10,44.41548736462298,40.25912003610294,40.05782443592243,90.0074,20.574162679425847,0.5951220763233488,0.5630450119190072,0.9909090909090951,11.40471930216953,2024-10-28,44.06,1.0112815884477,10.097707671357236,previously_rejected_above8,filled,1.0,-4.794657285519766
base8,2024-10-28,300190,437,159,base8:300190:2024-10-25,2024-10-25,2024-09-13,2024-10-15,43.889772633064126,40.37859082241899,40.176697868306896,91.2767,24.567474048442904,0.4368455497382203,0.6363702921100725,0.9047619047619025,11.527061855670107,2024-10-29,3.88,11.7039393688171,11.527061855670107,previously_rejected_above8,filled,1.0,-4.849175257731942
base8,2024-10-28,300736,437,648,base8:300736:2024-10-24,2024-10-24,2024-09-12,2024-10-14,26.387703170870225,24.217499545602397,24.096412047874384,90.5733,15.375982042648694,0.4478043143297379,0.5833547390447367,0.9682539682539685,11.735320686540208,2024-10-29,11.05,2.4661404832589,11.575565610859728,previously_rejected_above8,filled,1.0,-6.210000000000005
base8,2024-10-29,301072,438,964,base8:301072:2024-10-28,2024-10-28,2024-09-18,2024-10-16,22.47730413280897,20.086956329588,19.986521547940058,84.6878,26.355611601513253,0.46056547619047655,0.680205443338313,0.6849015317286654,18.9409368635438,2024-10-30,23.96,1.0043478164794,16.944908180300512,previously_rejected_above8,filled,1.0,-6.210000000000005
base8,2024-10-31,300806,440,712,base8:300806:2024-10-30,2024-10-30,2024-09-20,2024-10-18,52.24975329911016,46.94484093355377,46.710116728886,82.5511,43.24607329842933,0.5789786223277913,0.6856080783627825,0.868,17.961710274409704,2024-11-01,15.35,3.6335016202441,16.251465798045604,previously_rejected_above8,filled,1.0,-6.209999999999995
base8,2024-10-31,301119,440,1005,base8:301119:2024-10-30,2024-10-30,2024-09-20,2024-10-18,28.9433223987952,26.33842338290363,26.206731265989113,79.3509,19.455943228858665,0.6051257712387279,0.6935486049577488,0.8465608465608458,10.633019291161949,2024-11-01,22.2,1.3156055635816,10.270720720720728,previously_rejected_above8,filled,1.0,6.501711711711721
base8,2024-11-01,300930,441,832,base8:300930:2024-10-31,2024-10-31,2024-09-23,2024-10-21,25.42735512779406,22.965002210256582,22.850177199205298,86.6973,27.895855472901165,0.48618352450469243,0.6973678598570032,0.8282828282828276,14.93503787878787,2024-11-04,26.37,1.017501205594,14.838263177853628,previously_rejected_above8,filled,1.0,3.316734926052333
base8,2024-11-04,300124,442,100,base8:300124:2024-10-31,2024-10-31,2024-09-23,2024-10-21,1457.6226783141258,1354.7987089956891,1348.0247154507108,93.9302,33.48676639815879,0.3274947271289214,0.6201800078196779,0.9969604863221879,9.307217869644946,2024-11-05,59.43,24.776860076731698,8.452633350159855,previously_rejected_above8,filled,1.0,5.00622076392394
base8,2024-11-04,300488,442,414,base8:300488:2024-11-01,2024-11-01,2024-09-24,2024-10-22,63.98063946207361,60.554084220959986,60.25131379985518,91.4204,25.067971723762916,0.35661597821152885,0.6694648049969433,0.9946808510638283,9.100289495450786,2024-11-05,23.8,2.7412441928909,7.6489495798319425,previously_admitted_le8,filled,1.0,0.8824369747898899
base8,2024-11-05,300589,443,509,base8:300589:2024-11-04,2024-11-04,2024-09-25,2024-10-23,55.778120948994584,51.52453762482665,51.26691493670251,91.4976,32.57575757575757,0.43557168784029077,0.6300477320443859,0.9000000000000005,8.87446504992868,2024-11-06,14.03,4.0128144567622,8.939415538132566,previously_rejected_above8,filled,1.0,1.571895937277267
base8,2024-11-05,300070,443,58,base8:300070:2024-10-25,2024-10-25,2024-09-13,2024-10-15,97.38742586558746,89.83801300778998,89.38882294275103,90.6118,57.993730407523515,0.4297488226059665,0.6544300006661293,0.9166666666666664,9.268199233716478,2024-11-06,5.22,18.873532144493694,9.268199233716478,previously_rejected_above8,filled,1.0,21.629080459770123
base8,2024-11-06,300164,444,137,base8:300164:2024-10-31,2024-10-31,2024-09-23,2024-10-21,29.12820320362246,26.69043512434933,26.556982948727583,86.1923,31.176470588235293,0.44851618705035906,0.6898799204631235,0.7843137254901961,14.341733870967754,2024-11-07,4.98,6.2506873827516,14.685742971887572,previously_rejected_above8,filled,1.0,-4.025261044176721
base8,2024-11-06,300967,444,866,base8:300967:2024-11-04,2024-11-04,2024-09-25,2024-10-23,13.41267199048788,12.244143748892347,12.182923030147885,82.9843,35.60767590618337,0.5400874635568514,0.6791059612014433,0.7372881355932226,10.457430918595968,2024-11-07,13.36,1.0161115144309,10.256362275449094,previously_rejected_above8,filled,1.0,0.7630538922155807
base8,2024-11-07,300015,445,13,base8:300015:2024-10-30,2024-10-30,2024-09-20,2024-10-18,983.7585132808144,913.997568149936,909.4275803091863,94.3416,54.004106776180706,0.3569824876515493,0.6106686904268854,0.9937499999999997,14.671212121212129,2024-11-08,17.0,64.59346771377639,17.180882352941175,previously_rejected_above8,filled,1.0,-7.268823529411762
base8,2024-11-07,300999,445,897,base8:300999:2024-10-24,2024-10-24,2024-09-12,2024-10-14,34.792347880669205,32.09972269686089,31.939224083376583,93.1944,33.51691581431942,0.49618454214505897,0.6361114826528036,1.0,16.170328215987297,2024-11-08,38.52,1.0084738516136,17.78076323987541,previously_rejected_above8,filled,1.0,-6.209999999999995
base8,2024-11-08,300600,446,519,base8:300600:2024-11-05,2024-11-05,2024-09-26,2024-10-24,22.090986307867265,20.00411850550464,19.904097912977115,83.0246,19.39291736930859,0.5385944700460829,0.6650001173717943,0.729166666666667,12.497378768020983,2024-11-11,7.71,2.9812397176609,13.405317769130997,previously_rejected_above8,filled,1.0,1.3464202334630517
base8,2024-11-08,301503,446,1257,base8:301503:2024-11-01,2024-11-01,2024-09-24,2024-10-22,35.09871099905405,31.638704695870985,31.48051117239163,81.0073,26.13678373382622,0.5367057371992588,0.6989213706335436,0.6761363636363626,11.03091745757837,2024-11-11,34.95,1.0176489127009,11.48912732474965,previously_rejected_above8,filled,1.0,-3.099842632331907
base8,2024-11-11,300922,447,825,base8:300922:2024-11-04,2024-11-04,2024-09-25,2024-10-23,24.240613470519463,21.692801243888294,21.58433723766885,98.3871,40.066777963272116,0.43788923487544457,0.49797171222848813,0.9193548387096769,12.688457008244992,2024-11-12,16.96,1.4558927009321,12.585495283018865,previously_rejected_above8,filled,1.0,-6.209999999999995
base8,2024-11-11,300316,447,267,base8:300316:2024-11-06,2024-11-06,2024-09-27,2024-10-25,357.6558496012917,322.15674584895487,320.5459621197101,95.6725,37.6435716932197,0.4878769958604381,0.5865492935367234,1.0,15.777069267316834,2024-11-12,40.58,9.5171859925836,17.001601774273045,previously_rejected_above8,filled,1.0,-6.567811729916218
base8,2024-11-13,301161,449,1036,base8:301161:2024-11-11,2024-11-11,2024-10-09,2024-10-30,21.22216878811981,19.522776816525848,19.425162932443218,96.2288,17.748659916617026,0.484154929577466,0.5303979211213375,1.0,8.988151658767796,2024-11-14,20.85,1.0115428402345,7.896882494004798,previously_admitted_le8,filled,1.0,-6.210000000000005
base8,2024-12-03,301077,463,968,base8:301077:2024-11-22,2024-11-22,2024-10-22,2024-11-12,57.761623575576586,51.94744543788789,51.68770821069845,99.2378,21.452460582895384,0.510888096714197,0.33791499060816554,1.0,12.11463878326996,2024-12-04,26.27,2.2362223606495,12.014274838218498,previously_rejected_above8,filled,1.0,-2.2655767034640237
base8,2024-12-03,300992,463,890,base8:300992:2024-11-28,2024-11-28,2024-10-28,2024-11-18,22.36136150177033,20.610901981496,20.50784747158852,88.6209,15.173572228443444,0.5890015157256536,0.2982047905238471,0.9838709677419362,10.436809544851966,2024-12-04,22.42,1.0118263122973,9.597903657448715,previously_rejected_above8,filled,1.0,11.520597680642284
base8,2024-12-06,300564,466,485,base8:300564:2024-12-05,2024-12-05,2024-11-04,2024-11-25,31.876996972135174,28.666635902666584,28.52330272315325,89.0862,31.2202852614897,0.6259412650602403,0.4975885983387029,0.8951048951048953,11.41290322580647,2024-12-09,16.0,1.8884476879227,5.599375000000006,previously_admitted_le8,filled,1.0,5.540000000000011
base8,2024-12-12,300682,470,599,base8:300682:2024-12-04,2024-12-04,2024-11-01,2024-11-22,22.1907004371598,20.098434395941876,19.997942223962166,89.9034,16.333622936576898,0.5179687500000004,0.4349728980981885,0.7413793103448272,11.400280898876414,2024-12-13,14.1,1.5850500312257,10.520567375886536,previously_rejected_above8,filled,1.0,-6.210000000000005
base8,2025-01-27,300808,501,714,base8:300808:2025-01-24,2025-01-24,2024-12-23,2025-01-14,26.77711218806089,24.91471644082327,24.790142858619152,69.2172,13.080357142857157,0.6880165289256202,0.6300218071878511,0.7899543378995432,8.655737704918042,2025-02-05,26.35,1.0346643040209,9.071726755218235,previously_rejected_above8,filled,1.0,2.10499051233397
base8,2025-02-12,300947,507,847,base8:300947:2025-02-11,2025-02-11,2024-12-31,2025-01-22,55.54170245677871,49.62189717925371,49.373787693357436,89.4115,14.051669817265289,0.5413027656477432,0.530724575385056,0.9893617021276592,13.850632911392413,2025-02-13,19.21,2.9018653321201,11.428943258719414,previously_rejected_above8,filled,1.0,-6.210000000000005
base8,2025-02-17,301377,510,1212,base8:301377:2025-02-14,2025-02-14,2025-01-06,2025-01-27,24.265389364153652,22.01290596326175,21.90284143344544,83.303,13.195876288659814,0.4761650277896535,0.6978578595809981,1.0,11.197592361975929,2025-02-18,23.87,1.0238560913145,10.379136992040227,previously_rejected_above8,filled,1.0,8.46197318810222
base8,2025-02-19,301511,512,1263,base8:301511:2025-02-18,2025-02-18,2025-01-08,2025-02-06,20.85816426035501,18.710587455621287,18.617034518343182,85.3262,14.539306846999178,0.5110714285714284,0.6484224075845348,0.9491525423728813,11.577666666666664,2025-02-20,14.8,1.4036449704142,10.382770270270269,previously_rejected_above8,filled,1.0,6.9521621621621446
base8,2025-03-07,300816,524,722,base8:300816:2025-03-06,2025-03-06,2025-01-24,2025-02-24,34.468152399377516,31.685514285815515,31.52708671438644,94.7936,40.711625982623055,0.43546247156937123,0.5442084668559738,0.850202429149794,12.576738946775546,2025-03-10,37.0,1.0155613553146,16.097297297297295,previously_rejected_above8,filled,1.0,-10.804594594594597
base8,2025-03-14,300616,529,535,base8:300616:2025-03-03,2025-03-03,2025-01-21,2025-02-19,27.68175504539808,25.69312321742408,25.56465760133696,68.6349,14.89001692047378,0.687814070351759,0.6852401113110631,0.8076923076923073,8.372059871703485,2025-03-17,14.07,1.988631827974,8.632551528073918,previously_rejected_above8,filled,1.0,-3.8347334754797466
base8,2025-03-18,300421,531,353,base8:300421:2025-03-14,2025-03-14,2025-02-11,2025-03-04,42.69466648010435,38.193311867186,38.002345307850064,76.2977,12.883435582822077,0.5766636690647475,0.6880224214330014,0.9090909090909101,12.113564668769728,2025-03-19,15.65,2.728093704799,10.990415335463277,previously_rejected_above8,filled,1.0,-6.210000000000005
base8,2025-03-19,301181,532,1054,base8:301181:2025-03-17,2025-03-17,2025-02-12,2025-03-05,36.54379739118556,34.0110589581331,33.841003663342434,84.7096,19.379844961240323,0.5778240499739714,0.6726865512519302,0.9705882352941191,10.100554528650607,2025-03-20,27.18,1.3916145236552,10.5305371596762,previously_rejected_above8,filled,1.0,-6.210000000000005
base8,2025-03-21,300591,534,511,base8:300591:2025-03-19,2025-03-19,2025-02-14,2025-03-07,6.527482296890076,6.016293924242057,5.986212454620847,79.4119,18.225419664268582,0.5844763092269323,0.679743547320932,0.8043478260869558,12.17211538461539,2025-03-24,5.06,1.3107394170462,9.742094861660078,previously_rejected_above8,filled,1.0,-6.210000000000005
base8,2025-03-24,300537,535,460,base8:300537:2025-03-21,2025-03-21,2025-02-18,2025-03-11,33.43502329741254,30.592964648780505,30.439999825536603,74.9062,12.492836676217767,0.5945707879564383,0.6265804077820226,0.7681159420289859,10.315928777670823,2025-03-25,20.33,1.6333670394437,8.330791933103775,previously_rejected_above8,filled,1.0,-2.275912444663054
base8,2025-03-25,300808,536,714,base8:300808:2025-03-24,2025-03-24,2025-02-19,2025-03-12,31.24686198143118,29.756945383641085,29.60816065672288,81.0781,12.368421052631561,0.6469144460028056,0.46600994403056667,0.9496855345911958,5.9296515450361635,2025-03-26,30.35,1.0346643040209,5.712685337726531,previously_admitted_le8,filled,1.0,-6.210000000000005
base8,2025-05-15,300584,569,504,base8:300584:2025-05-13,2025-05-13,2025-04-07,2025-04-28,31.78862709886999,29.867768997799093,29.718430152810097,89.7208,16.270566727605118,0.4940572119258676,0.5421071181052448,0.7777777777777776,13.177782888684453,2025-05-16,22.01,1.5744738533368001,14.242844161744694,previously_rejected_above8,filled,1.0,24.642339845524727
base8,2025-05-15,301009,569,907,base8:301009:2025-05-13,2025-05-13,2025-04-07,2025-04-28,12.598997147721322,11.521986101222563,11.46437617071645,84.7111,25.29989094874592,0.43165467625899306,0.6954339534561463,0.7241379310344821,10.021531100478454,2025-05-16,12.36,1.0160481570743,8.71116504854369,previously_rejected_above8,filled,1.0,31.586116504854367
base8,2025-05-16,300485,570,411,base8:300485:2025-05-13,2025-05-13,2025-04-07,2025-04-28,35.940150989906925,34.01707513432332,33.8469897586517,92.0635,14.28571428571428,0.40105585831062607,0.46644109229668496,0.8888888888888884,6.930669800235034,2025-05-19,8.51,4.2735019012969,6.930669800235034,previously_admitted_le8,filled,1.0,14.94863689776735
base8,2025-05-19,300599,571,518,base8:300599:2025-05-13,2025-05-13,2025-04-07,2025-04-28,8.663764347291888,8.250672490526682,8.209419128074048,96.463,26.755852842809368,0.4323366214549945,0.5381816166142276,0.9186046511627899,12.775207591933569,2025-05-20,8.44,1.1164644777438,12.878554502369665,previously_rejected_above8,filled,1.0,3.10753554502372
base8,2025-05-19,301533,571,1276,base8:301533:2025-05-13,2025-05-13,2025-04-07,2025-04-28,33.43845212831006,30.140273997293132,29.989572627306668,92.532,16.79596586501164,0.48448992644707495,0.36637489259419415,0.7868020304568504,11.548937443879058,2025-05-20,33.45,1.0148240403129,11.65470852017938,previously_rejected_above8,filled,1.0,-4.365455904334837
base8,2025-05-20,301011,572,909,base8:301011:2025-05-13,2025-05-13,2025-04-07,2025-04-28,47.85185244455906,42.990821324470566,42.775867217848216,91.5656,20.370370370370374,0.49327859978347205,0.5490527026743609,0.7009132420091326,18.074281941234727,2025-05-21,28.66,1.7237699007406,13.41486392184228,previously_rejected_above8,filled,1.0,4.046803907885565
base8,2025-05-20,301319,572,1170,base8:301319:2025-05-13,2025-05-13,2025-04-07,2025-04-28,56.68023062394786,51.429819511692145,51.172670414133684,84.4162,12.969058591178428,0.4345469497607651,0.5891668806436428,0.7952755905511829,14.574261177064917,2025-05-21,39.01,1.5130867758662,13.304152781338107,previously_rejected_above8,filled,1.0,-6.210000000000005
base8,2025-05-23,300671,575,588,base8:300671:2025-05-13,2025-05-13,2025-04-07,2025-04-28,57.940781622478276,53.26221945853529,52.99590836124261,94.4444,27.316017316017316,0.4736842105263154,0.4490471990508371,0.7222222222222244,9.90377417342484,2025-05-26,32.11,1.8347302603698,10.044067268763634,previously_rejected_above8,filled,1.0,-6.210000000000005
base8,2025-05-27,300804,577,710,base8:300804:2025-05-26,2025-05-26,2025-04-18,2025-05-14,28.56423571544965,26.734898258181143,26.601223766890236,74.5841,16.067653276955607,0.6089228295819933,0.6484049383235801,0.6780626780626774,9.147643979057584,2025-05-28,31.5,1.0219762331109,17.367619047619044,previously_rejected_above8,filled,1.0,41.631269841269855
base8,2025-05-29,300531,579,454,base8:300531:2025-05-21,2025-05-21,2025-04-15,2025-05-09,57.78140616679259,54.53164846519919,54.258990222873194,92.478,30.427764326069394,0.4021111786148237,0.563483688360983,0.7826086956521745,14.881512605042024,2025-05-30,17.2,3.5711623094433,11.664825581395345,previously_rejected_above8,filled,1.0,0.08069767441860518
base8,2025-05-29,300541,579,464,base8:300541:2025-05-27,2025-05-27,2025-04-21,2025-05-15,48.555262298999786,44.43167314409534,44.20951477837487,84.9493,13.057851239669427,0.6105567226890755,0.507392155442394,1.0,9.780154277699848,2025-05-30,13.81,3.4363242957537,6.840333091962336,previously_admitted_le8,filled,1.0,2.614040550325857
