signal_date,code,new_selected,new_weighted_net_pct
2024-01-05,300707,False,0.0
2024-01-05,301238,False,0.0
2024-01-09,300763,False,0.0
2024-01-11,300663,False,0.0
2024-01-11,300862,False,0.0
2024-01-18,300763,False,0.0
2024-02-21,300783,False,0.0
2024-02-21,300862,False,0.0
2024-02-22,301165,False,0.0
2024-02-26,301015,False,0.0
2024-02-27,300373,False,0.0
2024-03-05,300875,False,0.0
2024-03-06,300809,False,0.0
2024-03-07,301265,False,0.0
2024-03-08,300302,False,0.0
2024-03-08,300604,False,0.0
2024-03-11,300014,False,0.0
2024-03-11,300733,False,0.0
2024-03-12,300097,False,0.0
2024-03-12,301378,False,0.0
2024-03-13,301071,False,0.0
2024-03-15,300403,False,0.0
2024-03-15,300489,False,0.0
2024-03-18,300450,False,0.0
2024-03-18,301110,False,0.0
2024-03-21,300720,False,0.0
2024-03-21,301013,False,0.0
2024-03-22,301182,False,0.0
2024-03-25,301004,False,0.0
2024-03-25,301210,False,0.0
2024-03-26,300174,False,0.0
2024-03-26,300871,False,0.0
2024-04-02,300927,False,0.0
2024-04-08,300131,False,0.0
2024-04-08,301046,False,0.0
2024-04-12,300894,False,0.0
2024-04-12,300926,False,0.0
2024-04-15,300628,False,0.0
2024-04-22,300636,False,0.0
2024-04-22,301101,False,0.0
2024-04-23,300660,False,0.0
2024-04-23,301390,False,0.0
2024-04-24,300337,False,0.0
2024-04-24,300757,False,0.0
2024-04-25,300801,False,0.0
2024-04-29,300596,False,0.0
2024-05-09,300457,False,0.0
2024-05-09,300890,False,0.0
2024-05-13,300374,False,0.0
2024-05-14,300031,False,0.0
2024-05-14,301011,False,0.0
2024-05-20,300314,False,0.0
2024-05-21,300407,False,0.0
2024-05-22,301161,False,0.0
2024-05-22,301459,False,0.0
2024-05-23,300581,False,0.0
2024-05-24,300880,False,0.0
2024-05-27,301381,False,0.0
2024-05-29,301387,False,0.0
2024-05-31,300696,False,0.0
2024-06-03,300814,False,0.0
2024-06-05,300083,False,0.0
2024-06-11,300613,False,0.0
2024-06-17,300025,False,0.0
2024-06-18,301055,False,0.0
2024-06-18,301539,False,0.0
2024-06-21,300779,False,0.0
2024-06-21,300852,False,0.0
2024-06-26,300609,False,0.0
2024-07-01,300380,False,0.0
2024-07-01,301507,False,0.0
2024-07-02,300250,False,0.0
2024-07-05,300879,False,0.0
2024-07-16,300319,False,0.0
2024-07-16,300433,False,0.0
2024-07-18,301000,False,0.0
2024-07-22,300551,False,0.0
2024-07-25,300551,False,0.0
2024-07-25,301266,False,0.0
2024-07-29,300899,False,0.0
2024-07-29,301178,False,0.0
2024-07-31,300034,False,0.0
2024-07-31,301000,False,0.0
2024-08-12,301399,False,0.0
2024-08-13,300432,False,0.0
2024-08-13,300722,False,0.0
2024-08-19,301314,False,0.0
2024-08-23,300333,False,0.0
2024-08-26,300417,False,0.0
2024-08-29,300827,False,0.0
2024-08-29,300925,False,0.0
2024-08-30,300094,False,0.0
2024-08-30,300465,False,0.0
2024-09-10,300973,False,0.0
2024-09-18,300260,False,0.0
2024-09-18,301021,False,0.0
2024-09-19,300583,False,0.0
2024-09-19,301153,False,0.0
2024-09-23,301382,False,0.0
2024-09-24,300308,False,0.0
2024-09-24,300502,False,0.0
2024-10-18,300327,False,0.0
2024-10-18,301095,False,0.0
2024-10-24,301539,False,0.0
2024-10-25,300622,False,0.0
2024-10-25,301209,False,0.0
2024-10-31,300901,False,0.0
2024-10-31,301191,False,0.0
2024-11-01,300937,False,0.0
2024-11-01,301055,False,0.0
2024-11-05,300457,False,0.0
2024-11-08,301050,False,0.0
2024-11-08,301391,False,0.0
2024-11-11,300969,False,0.0
2024-11-11,301413,False,0.0
2024-11-13,300876,False,0.0
2024-11-19,300833,False,0.0
2024-11-25,301525,False,0.0
2024-11-28,300720,False,0.0
2024-11-29,300278,False,0.0
2024-12-02,300433,False,0.0
2024-12-05,300559,False,0.0
2024-12-05,301233,False,0.0
2024-12-09,300403,False,0.0
2024-12-10,300287,False,0.0
2024-12-10,300894,False,0.0
2024-12-11,300913,False,0.0
2024-12-13,300582,False,0.0
2024-12-13,301110,False,0.0
2024-12-16,300488,False,0.0
2024-12-16,300563,False,0.0
2024-12-18,301600,False,0.0
2024-12-19,301018,False,0.0
2024-12-20,300441,False,0.0
2024-12-26,300570,False,0.0
2024-12-30,300436,False,0.0
2024-12-30,301600,False,0.0
2025-01-02,301088,False,0.0
2025-01-07,301061,False,0.0
2025-01-10,301203,False,0.0
2025-01-13,300377,False,0.0
2025-01-14,300426,False,0.0
2025-01-14,301210,False,0.0
2025-01-17,300852,False,0.0
2025-01-17,301323,False,0.0
2025-01-20,301328,False,0.0
2025-01-20,301591,False,0.0
2025-01-23,300248,False,0.0
2025-01-23,301323,False,0.0
2025-01-24,300556,False,0.0
2025-01-24,301525,False,0.0
2025-02-06,300102,False,0.0
2025-02-06,300916,False,0.0
2025-02-12,300154,False,0.0
2025-02-12,300661,False,0.0
2025-02-14,300206,False,0.0
2025-02-14,301060,False,0.0
2025-02-17,300115,False,0.0
2025-02-17,300918,False,0.0
2025-02-19,300583,False,0.0
2025-02-19,300986,False,0.0
2025-02-24,300823,False,0.0
2025-02-25,300402,False,0.0
2025-02-26,300258,False,0.0
2025-02-26,300894,False,0.0
2025-03-05,300857,False,0.0
2025-03-06,300617,False,0.0
2025-03-06,301336,False,0.0
2025-03-10,300022,False,0.0
2025-03-10,301611,False,0.0
2025-03-11,300296,False,0.0
2025-03-12,300609,False,0.0
2025-03-12,301003,False,0.0
2025-03-14,300973,False,0.0
2025-03-14,301008,False,0.0
2025-03-17,300798,False,0.0
2025-03-17,300956,False,0.0
2025-03-19,301268,False,0.0
2025-03-20,300256,False,0.0
2025-03-20,300766,False,0.0
2025-03-21,300583,False,0.0
2025-03-21,300778,False,0.0
2025-03-24,300040,False,0.0
2025-03-25,300871,False,0.0
2025-03-26,300779,False,0.0
2025-03-31,300193,False,0.0
2025-04-17,300144,False,0.0
2025-04-17,301092,False,0.0
2025-04-18,300252,False,0.0
2025-04-18,300492,False,0.0
2025-04-21,300652,False,0.0
2025-04-21,300984,False,0.0
2025-04-24,300004,False,0.0
2025-04-24,300858,False,0.0
2025-04-25,300986,False,0.0
2025-04-28,300945,False,0.0
2025-04-29,301196,False,0.0
2025-04-29,301413,False,0.0
2025-05-09,300322,False,0.0
2025-05-09,300740,False,0.0
2025-05-12,301004,False,0.0
2025-05-12,301151,False,0.0
2025-05-13,300758,False,0.0
2025-05-13,301258,False,0.0
2025-05-15,300119,False,0.0
2025-05-15,301448,False,0.0
2025-05-16,300420,False,0.0
2025-05-16,300945,False,0.0
2025-05-19,300867,False,0.0
2025-05-20,301263,False,0.0
2025-05-21,300960,False,0.0
2025-05-29,301378,False,0.0
2025-05-30,301078,False,0.0
