code,signal_date,entry_date,entry_price,exit_date,exit_price,hold_days,gross_return_pct,net_return_pct,mae_pct,mfe_pct,exit_reason,benchmark_return_pct,entry_factor,exit_factor,opening_structure_risk_pct,capital_weight,capital_fraction,weighted_net_pct,weighted_double_cost_net_pct,old_gate_group
301238,2024-01-05,2024-01-08,18.91,2024-01-11,19.16,3,1.322051824431525,1.112051824431525,-3.2258064516129115,10.417768376520353,hold_expired,,1.0047687172151,1.0047687172151,,1.0,0.1,1.112051824431525,0.902051824431525,original_control
300707,2024-01-05,2024-01-08,18.7,2024-01-09,17.578,1,-6.000000000000005,-6.210000000000005,-8.983957219251348,0.5347593582887722,stop_loss,,2.0381520568262,2.0381520568262,,1.0,0.1,-6.210000000000005,-6.420000000000005,original_control
300763,2024-01-09,2024-01-10,71.01,2024-01-15,75.36,3,6.125897760878729,5.915897760878729,0.0,12.082805238698779,hold_expired,,4.5217720040257,4.5217720040257,,1.0,0.1,5.915897760878729,5.705897760878729,original_control
300663,2024-01-11,2024-01-12,15.62,2024-01-17,15.25,3,-2.3687580025608224,-2.5787580025608223,-3.201024327784896,3.905249679897582,hold_expired,,3.3825777753898,3.3825777753898,,1.0,0.1,-2.5787580025608223,-2.7887580025608223,original_control
300862,2024-01-11,2024-01-12,42.24,2024-01-17,40.0,3,-5.30303030303031,-5.51303030303031,-5.847537878787879,0.9943181818181657,hold_expired,,1.0151630022745,1.0151630022745,,1.0,0.1,-5.51303030303031,-5.72303030303031,original_control
300763,2024-01-18,2024-01-19,78.17,2024-01-22,72.21,1,-7.624408340795696,-7.834408340795696,-10.20851989254189,0.9594473583216079,stop_loss,,4.5217720040257,4.5217720040257,,1.0,0.1,-7.834408340795696,-8.044408340795696,original_control
300783,2024-02-21,2024-02-22,18.16,2024-02-27,18.66,3,2.753303964757725,2.543303964757725,-1.4317180616740255,3.0286343612334843,hold_expired,,1.0264862761675,1.0264862761675,,1.0,0.1,2.543303964757725,2.333303964757725,original_control
300862,2024-02-21,2024-02-22,33.5,2024-02-27,35.97,3,7.3731343283582,7.1631343283582,-1.4925373134328401,7.462686567164178,hold_expired,,1.0151630022745,1.0151630022745,,1.0,0.1,7.1631343283582,6.9531343283582,original_control
301165,2024-02-22,2024-02-23,34.17,2024-02-28,35.48,3,3.833772314896078,3.623772314896078,-1.9607843137254943,19.988293824992674,hold_expired,,1.0139982502187,1.0139982502187,,1.0,0.1,3.623772314896078,3.413772314896078,original_control
301015,2024-02-26,2024-02-27,32.85,2024-03-01,33.88,3,3.1354642313546455,2.9254642313546455,-2.343987823439897,4.109589041095907,hold_expired,,1.0603581725903,1.0603581725903,,1.0,0.1,2.9254642313546455,2.7154642313546455,original_control
300373,2024-02-27,2024-02-28,39.98,2024-02-29,37.45,1,-6.32816408204101,-6.53816408204101,-6.32816408204101,1.0005002501250804,stop_loss,,5.2943885339031,5.2943885339031,,1.0,0.1,-6.53816408204101,-6.74816408204101,original_control
300875,2024-03-05,2024-03-06,25.85,2024-03-11,29.58,3,14.429400386847192,14.219400386847191,-1.3539651837524147,19.07156673114119,hold_expired,,1.3138193492727,1.3138193492727,,1.0,0.1,14.219400386847191,14.009400386847192,original_control
300809,2024-03-06,2024-03-07,28.6,2024-03-08,26.79,1,-6.328671328671332,-6.538671328671332,-7.867132867132853,2.7272727272727115,stop_loss,,1.6478107544037,1.6478107544037,,1.0,0.1,-6.538671328671332,-6.748671328671332,original_control
301265,2024-03-07,2024-03-08,10.0,2024-03-13,9.81,3,-1.9000000000000017,-2.1100000000000017,-3.0000000000000027,1.0999999999999899,hold_expired,,1.017094017094,1.017094017094,,1.0,0.1,-2.1100000000000017,-2.3200000000000016,original_control
300302,2024-03-08,2024-03-11,12.5,2024-03-14,13.93,3,11.440000000000005,11.230000000000004,-3.520000000000001,15.999999999999993,hold_expired,,6.9095020875598,6.9095020875598,,1.0,0.1,11.230000000000004,11.020000000000005,original_control
300604,2024-03-08,2024-03-11,30.0,2024-03-14,29.59,3,-1.3666666666666716,-1.5766666666666715,-3.0333333333333434,3.7666666666666515,hold_expired,,6.9365739466893,6.9365739466893,,1.0,0.1,-1.5766666666666715,-1.7866666666666715,original_control
300014,2024-03-11,2024-03-12,43.2,2024-03-15,40.608000000000004,3,-6.000000000000005,-6.210000000000005,-6.851851851851853,0.648148148148131,stop_loss,,17.8735369367306,17.8735369367306,,1.0,0.1,-6.210000000000005,-6.420000000000005,original_control
300733,2024-03-11,2024-03-12,9.31,2024-03-15,9.66,3,3.759398496240607,3.549398496240607,0.0,5.800214822771199,hold_expired,,1.6510027815467,1.6510027815467,,1.0,0.1,3.549398496240607,3.339398496240607,original_control
300097,2024-03-12,2024-03-13,8.57,2024-03-14,8.0558,1,-6.000000000000005,-6.210000000000005,-6.301050175029188,0.7001166861143604,stop_loss,,3.6523485596678,3.6523485596678,,1.0,0.1,-6.210000000000005,-6.420000000000005,original_control
301378,2024-03-12,2024-03-13,40.59,2024-03-14,37.5,1,-7.612712490761275,-7.822712490761275,-12.490761271249074,0.0,stop_loss,,1.5140937705534,1.5140937705534,,1.0,0.1,-7.822712490761275,-8.032712490761275,original_control
301071,2024-03-13,2024-03-14,33.5,2024-03-19,36.0,3,7.462686567164178,7.2526865671641785,-3.731343283582089,12.50746268656715,hold_expired,,3.6534236853709,3.6534236853709,,1.0,0.1,7.2526865671641785,7.0426865671641785,original_control
300489,2024-03-15,2024-03-18,16.79,2024-03-21,18.15,3,8.100059559261453,7.890059559261453,-1.5485407980941002,9.469922572960087,hold_expired,,3.0113855556013,3.0113855556013,,1.0,0.1,7.890059559261453,7.680059559261453,original_control
300403,2024-03-15,2024-03-18,8.39,2024-03-21,8.25,3,-1.6686531585220599,-1.8786531585220598,-3.5756853396901156,0.23837902264600697,hold_expired,,5.7551778468336,5.7551778468336,,1.0,0.1,-1.8786531585220598,-2.08865315852206,original_control
300450,2024-03-18,2024-03-19,25.99,2024-03-22,24.4306,3,-6.000000000000005,-6.210000000000005,-6.694882647171985,0.5001923816852827,stop_loss,,20.1961488952548,20.1961488952548,,1.0,0.1,-6.210000000000005,-6.420000000000005,original_control
301110,2024-03-18,2024-03-19,36.88,2024-03-22,37.3,3,1.1388286334056197,0.9288286334056197,-2.14208242950108,5.206073752711493,hold_expired,,1.023782660144,1.023782660144,,1.0,0.1,0.9288286334056197,0.7188286334056198,original_control
301013,2024-03-21,2024-03-22,14.74,2024-03-25,13.855599999999999,1,-6.000000000000005,-6.210000000000005,-7.191316146540028,5.49525101763908,stop_loss,,1.5075949367089,1.5075949367089,,1.0,0.1,-6.210000000000005,-6.420000000000005,original_control
300720,2024-03-21,2024-03-22,16.51,2024-03-25,15.5194,1,-6.000000000000005,-6.210000000000005,-6.117504542701391,0.363416111447612,stop_loss,,2.9035996917534,2.9035996917534,,1.0,0.1,-6.210000000000005,-6.420000000000005,original_control
301182,2024-03-22,2024-03-25,17.73,2024-03-26,16.6662,1,-6.000000000000005,-6.210000000000005,-6.937394247038919,1.0716300056401673,stop_loss,,1.0172831049539,1.0172831049539,,1.0,0.1,-6.210000000000005,-6.420000000000005,original_control
301210,2024-03-25,2024-03-26,36.7,2024-03-29,38.19,3,4.05994550408717,3.84994550408717,-3.787465940054502,12.915531335149844,hold_expired,,1.0,1.0,,1.0,0.1,3.84994550408717,3.63994550408717,original_control
301004,2024-03-25,2024-03-26,67.5,2024-03-29,70.1,3,3.8518518518518396,3.6418518518518397,-2.400000000000002,4.829629629629628,hold_expired,,1.0541920344182,1.0541920344182,,1.0,0.1,3.6418518518518397,3.4318518518518397,original_control
300871,2024-03-26,2024-03-27,12.6,2024-04-01,14.28,3,13.33333333333333,13.12333333333333,-5.079365079365061,16.825396825396833,hold_expired,,1.5659631436096,1.5659631436096,,1.0,0.1,13.12333333333333,12.91333333333333,original_control
300174,2024-03-26,2024-03-27,15.15,2024-04-01,16.22,3,7.062706270627062,6.852706270627062,-3.5643564356435675,7.26072607260726,hold_expired,,3.8463565392717,3.8463565392717,,1.0,0.1,6.852706270627062,6.642706270627062,original_control
300927,2024-04-02,2024-04-03,16.43,2024-04-08,15.27,1,-7.0602556299452335,-7.2702556299452334,-13.08581862446745,0.669506999391345,stop_loss,,1.8450020918556,1.8450020918556,,1.0,0.1,-7.2702556299452334,-7.480255629945233,original_control
300131,2024-04-08,2024-04-09,5.66,2024-04-12,5.320399999999999,3,-6.000000000000005,-6.210000000000005,-16.784452296819797,6.537102473498235,stop_loss,,18.5492030508447,18.5492030508447,,1.0,0.1,-6.210000000000005,-6.420000000000005,original_control
301046,2024-04-08,2024-04-09,22.3,2024-04-12,20.962,3,-6.000000000000005,-6.210000000000005,-7.399103139013463,1.5695067264573925,stop_loss,,1.0125195618153,1.0125195618153,,1.0,0.1,-6.210000000000005,-6.420000000000005,original_control
300926,2024-04-12,2024-04-15,29.48,2024-04-16,27.711199999999998,1,-6.000000000000005,-6.210000000000005,-9.02306648575304,1.6282225237449266,stop_loss,,1.8196571784515,1.8196571784515,,1.0,0.1,-6.210000000000005,-6.420000000000005,original_control
300894,2024-04-12,2024-04-15,13.92,2024-04-18,17.9,3,28.59195402298851,28.38195402298851,-4.669540229885061,38.793103448275865,hold_expired,,1.05643940217,1.05643940217,,1.0,0.1,28.38195402298851,28.17195402298851,original_control
300628,2024-04-15,2024-04-16,33.14,2024-04-19,34.26,3,3.3796016898008263,3.1696016898008263,-0.9354254677127471,7.72480386240193,hold_expired,,18.485856304900494,18.485856304900494,,1.0,0.1,3.1696016898008263,2.9596016898008264,original_control
300636,2024-04-22,2024-04-23,10.0,2024-04-26,10.31,3,3.0999999999999917,2.8899999999999917,-4.200000000000004,4.800000000000004,hold_expired,,3.9098730913472,3.9098730913472,,1.0,0.1,2.8899999999999917,2.6799999999999917,original_control
301101,2024-04-22,2024-04-23,26.56,2024-04-26,26.95,3,1.4683734939759274,1.2583734939759275,-5.045180722891551,3.3509036144578452,hold_expired,,1.5261534975796998,1.5261534975797,,1.0,0.1,1.2583734939759275,1.0483734939759275,original_control
300660,2024-04-23,2024-04-24,26.64,2024-04-29,28.94,3,8.63363363363363,8.42363363363363,-0.48798798798797005,16.066066066066064,hold_expired,,3.3986110173115,3.3986110173115,,1.0,0.1,8.42363363363363,8.21363363363363,original_control
301390,2024-04-23,2024-04-24,30.6,2024-04-29,32.4,3,5.882352941176472,5.672352941176472,-0.8169934640522847,7.4509803921568585,hold_expired,,1.0,1.0,,1.0,0.1,5.672352941176472,5.462352941176472,original_control
300337,2024-04-24,2024-04-25,6.79,2024-04-30,6.97,3,2.6509572901325384,2.4409572901325385,-0.7363770250368273,6.627393225331368,hold_expired,,4.4667869465361,4.4667869465361,,1.0,0.1,2.4409572901325385,2.2309572901325385,original_control
300757,2024-04-24,2024-04-25,109.97,2024-04-30,131.0,3,19.123397290170054,18.913397290170053,-1.3367281985996127,23.961080294625802,hold_expired,,1.3157577098431,1.3157577098431,,1.0,0.1,18.913397290170053,18.703397290170052,original_control
300801,2024-04-25,2024-04-26,14.51,2024-05-06,15.59,3,8.623386065850024,8.413386065850023,-2.0675396278428626,9.320136457548855,hold_expired,,1.9242984168264,1.9454364853961,,1.0,0.1,8.413386065850023,8.203386065850024,original_control
300596,2024-04-29,2024-04-30,29.9,2024-05-08,34.47,3,15.284280936454863,15.074280936454862,-1.304347826086938,19.79933110367893,hold_expired,,1.5586717721254,1.5586717721254,,1.0,0.1,15.074280936454862,14.864280936454863,original_control
300457,2024-05-09,2024-05-10,17.25,2024-05-15,16.87,3,-2.20289855072463,-2.41289855072463,-2.2608695652173827,8.057971014492749,hold_expired,,5.7861413239305,5.7861413239305,,1.0,0.1,-2.41289855072463,-2.62289855072463,original_control
300890,2024-05-09,2024-05-10,34.7,2024-05-13,32.618,1,-5.999999999999995,-6.209999999999995,-8.991354466858791,0.8645533141210304,stop_loss,,1.001992825827,1.001992825827,,1.0,0.1,-6.209999999999995,-6.419999999999995,original_control
300374,2024-05-13,2024-05-14,17.24,2024-05-15,16.205599999999997,1,-6.000000000000005,-6.210000000000005,-7.1345707656612305,1.5081206496520005,stop_loss,,2.207644874819,2.207644874819,,1.0,0.1,-6.210000000000005,-6.420000000000005,original_control
300031,2024-05-14,2024-05-15,15.0,2024-05-20,14.099999999999998,3,-6.000000000000005,-6.210000000000005,-6.533333333333335,2.6666666666666616,stop_loss,,6.805604792327,6.805604792327,,1.0,0.1,-6.210000000000005,-6.420000000000005,original_control
301011,2024-05-14,2024-05-15,17.28,2024-05-20,17.08,3,-1.1574074074074292,-1.3674074074074292,-5.381944444444442,0.5208333333333259,hold_expired,,1.7009385113269,1.7009385113269,,1.0,0.1,-1.3674074074074292,-1.5774074074074291,original_control
300314,2024-05-20,2024-05-21,12.91,2024-05-24,12.135399999999999,3,-6.000000000000005,-6.210000000000005,-6.661502711076683,2.5561580170410547,stop_loss,,3.8737438608152,3.8737438608152,,1.0,0.1,-6.210000000000005,-6.420000000000005,original_control
300407,2024-05-21,2024-05-22,8.26,2024-05-27,8.03,3,-2.784503631961266,-2.994503631961266,-5.32687651331718,0.7263922518159882,hold_expired,,4.1330264148941,4.1330264148941,,1.0,0.1,-2.994503631961266,-3.204503631961266,original_control
301459,2024-05-22,2024-05-23,46.8,2024-05-27,43.992,2,-6.000000000000005,-6.210000000000005,-6.794871794871793,5.641025641025643,stop_loss,,1.0,1.0,,1.0,0.1,-6.210000000000005,-6.420000000000005,original_control
301161,2024-05-22,2024-05-23,17.71,2024-05-24,16.6474,1,-6.000000000000005,-6.210000000000005,-7.001693958215693,0.28232636928291477,stop_loss,,1.0077590141488,1.0077590141488,,1.0,0.1,-6.210000000000005,-6.420000000000005,original_control
300581,2024-05-23,2024-05-24,9.1,2024-05-27,8.554,1,-6.000000000000005,-6.210000000000005,-7.582417582417589,4.285714285714293,stop_loss,,11.7672625132801,11.7672625132801,,1.0,0.1,-6.210000000000005,-6.420000000000005,original_control
300880,2024-05-24,2024-05-27,20.3,2024-05-30,20.38,3,0.3940886699507429,0.18408866995074288,-3.251231527093601,18.768472906403932,hold_expired,,1.5023387315393,1.5023387315393,,1.0,0.1,0.18408866995074288,-0.02591133004925711,original_control
301381,2024-05-27,2024-05-28,28.13,2024-05-30,26.20181636363856,2,-6.000000000000005,-6.210000000000005,-7.441531291488679,3.0216850337717815,stop_loss,,1.0074940047962,1.0167370690603,,1.0,0.1,-6.210000000000005,-6.420000000000005,original_control
301387,2024-05-29,2024-05-30,35.36,2024-06-04,37.62,3,6.391402714932126,6.181402714932126,-3.393665158371051,28.93099547511313,hold_expired,,1.4371886039997,1.4371886039997,,1.0,0.1,6.181402714932126,5.971402714932126,original_control
300696,2024-05-31,2024-06-03,16.06,2024-06-04,15.096399999999997,1,-6.000000000000005,-6.210000000000005,-7.721046077210447,0.9962640099626441,stop_loss,,4.1296518461589,4.1296518461589,,1.0,0.1,-6.210000000000005,-6.420000000000005,original_control
300814,2024-06-03,2024-06-04,31.23,2024-06-07,30.93,3,-0.9606147934678289,-1.1706147934678288,-3.5542747358309312,7.780979827089318,hold_expired,,1.0156141327753,1.0156141327753,,1.0,0.1,-1.1706147934678288,-1.3806147934678288,original_control
300083,2024-06-05,2024-06-06,6.69,2024-06-11,6.2886,2,-6.000000000000005,-6.210000000000005,-7.473841554559035,3.587443946188329,stop_loss,,8.232232505427,8.232232505427,,1.0,0.1,-6.210000000000005,-6.420000000000005,original_control
300613,2024-06-11,2024-06-12,34.7,2024-06-17,35.99,3,3.717579250720471,3.507579250720471,-1.2391930835734866,7.665706051873178,hold_expired,,5.1899615324209,5.1899615324209,,1.0,0.1,3.507579250720471,3.297579250720471,original_control
300025,2024-06-17,2024-06-18,10.84,2024-06-21,10.33,3,-4.704797047970488,-4.914797047970488,-5.442804428044301,1.9372693726937174,hold_expired,,7.9543341965544,7.954334196554399,,1.0,0.1,-4.914797047970488,-5.124797047970488,original_control
301539,2024-06-18,2024-06-19,27.2,2024-06-20,25.567999999999994,1,-6.000000000000005,-6.210000000000005,-6.727941176470575,2.757352941176472,stop_loss,,1.0082918739635,1.0082918739635,,1.0,0.1,-6.210000000000005,-6.420000000000005,original_control
301055,2024-06-18,2024-06-19,12.53,2024-06-24,12.52,3,1.065360386079628,0.8553603860796279,-4.229848363926569,5.826017557861118,hold_expired,,1.042063703605,1.0540066239526,,1.0,0.1,0.8553603860796279,0.645360386079628,original_control
300779,2024-06-21,2024-06-24,54.6,2024-06-25,51.324,1,-5.999999999999995,-6.209999999999995,-15.75091575091575,0.952380952380949,stop_loss,,1.4292546529545,1.4292546529545,,1.0,0.1,-6.209999999999995,-6.419999999999995,original_control
300852,2024-06-21,2024-06-24,26.88,2024-06-26,25.267199999999995,2,-6.000000000000016,-6.210000000000016,-7.4032738095237915,16.07142857142856,stop_loss,,2.6007887523875,2.6007887523875,,1.0,0.1,-6.210000000000016,-6.420000000000016,original_control
300609,2024-06-26,2024-06-27,19.5,2024-07-02,20.07,3,2.923076923076917,2.713076923076917,-2.1538461538461617,5.230769230769239,hold_expired,,1.0533327979466,1.0533327979466,,1.0,0.1,2.713076923076917,2.503076923076917,original_control
301507,2024-07-01,2024-07-02,13.1,2024-07-05,12.94,3,-1.2213740458015265,-1.4313740458015265,-4.2748091603053595,5.038167938931304,hold_expired,,1.0083963056255,1.0083963056255,,1.0,0.1,-1.4313740458015265,-1.6413740458015265,original_control
300380,2024-07-01,2024-07-02,16.57,2024-07-05,15.575799999999997,3,-6.000000000000016,-6.210000000000016,-8.207604103802046,5.310802655401314,stop_loss,,2.0673662232369,2.0673662232369,,1.0,0.1,-6.210000000000016,-6.420000000000016,original_control
300250,2024-07-02,2024-07-03,11.3,2024-07-08,12.51,3,10.707964601769904,10.497964601769903,-5.3097345132743445,14.15929203539823,hold_expired,,4.2043799950987,4.2043799950987,,1.0,0.1,10.497964601769903,10.287964601769904,original_control
300879,2024-07-05,2024-07-08,14.73,2024-07-11,15.82,3,7.3998642226748235,7.1898642226748235,-4.548540393754241,32.38289205702647,hold_expired,,1.0092903591166,1.0092903591166,,1.0,0.1,7.1898642226748235,6.9798642226748235,original_control
300319,2024-07-16,2024-07-17,11.09,2024-07-18,10.424599999999998,1,-6.000000000000005,-6.210000000000005,-7.754733994589714,1.2623985572588037,stop_loss,,8.0830792231996,8.0830792231996,,1.0,0.1,-6.210000000000005,-6.420000000000005,original_control
300433,2024-07-16,2024-07-17,20.06,2024-07-18,18.856399999999997,1,-6.000000000000005,-6.210000000000005,-8.723828514456633,1.8444666001994126,stop_loss,,5.9385652027931,5.9385652027931,,1.0,0.1,-6.210000000000005,-6.420000000000005,original_control
301000,2024-07-18,2024-07-19,13.89,2024-07-24,13.3,3,-4.247660187185032,-4.457660187185032,-5.471562275018005,3.6717062634989306,hold_expired,,4.9645299667784,4.9645299667784,,1.0,0.1,-4.457660187185032,-4.667660187185032,original_control
300551,2024-07-22,2024-07-23,6.2,2024-07-24,5.827999999999999,1,-6.000000000000005,-6.210000000000005,-6.290322580645169,1.4516129032258185,stop_loss,,4.0855648868034,4.0855648868034,,1.0,0.1,-6.210000000000005,-6.420000000000005,original_control
300551,2024-07-25,2024-07-26,6.43,2024-07-31,7.01,3,9.020217729393455,8.810217729393454,-2.021772939346811,17.573872472783837,hold_expired,,4.0855648868034,4.0855648868034,,1.0,0.1,8.810217729393454,8.600217729393455,original_control
301266,2024-07-25,2024-07-26,31.37,2024-07-31,31.88,3,1.6257570927637799,1.41575709276378,-3.729678036340456,1.9764105833598888,hold_expired,,1.010039805637,1.010039805637,,1.0,0.1,1.41575709276378,1.20575709276378,original_control
300899,2024-07-29,2024-07-30,20.74,2024-08-02,19.58,3,-5.593056894889104,-5.803056894889104,-5.737704918032782,3.182256509161019,hold_expired,,1.0516961354718,1.0516961354718,,1.0,0.1,-5.803056894889104,-6.013056894889104,original_control
301178,2024-07-29,2024-07-30,22.41,2024-08-02,21.98,3,-1.9187862561356517,-2.1287862561356516,-2.632753235162877,5.488621151271733,hold_expired,,1.4222806648345,1.4222806648345,,1.0,0.1,-2.1287862561356516,-2.3387862561356516,original_control
301000,2024-07-31,2024-08-01,14.4,2024-08-05,13.536000000000001,2,-6.000000000000005,-6.210000000000005,-8.611111111111125,1.6666666666666607,stop_loss,,4.9645299667784,4.9645299667784,,1.0,0.1,-6.210000000000005,-6.420000000000005,original_control
300034,2024-07-31,2024-08-01,15.89,2024-08-06,15.54,3,-2.2026431718061734,-2.4126431718061734,-5.097545626179989,3.7759597230962783,hold_expired,,6.0848703335566,6.0848703335566,,1.0,0.1,-2.4126431718061734,-2.6226431718061733,original_control
301399,2024-08-12,2024-08-13,21.31,2024-08-16,21.67,3,1.689347724073209,1.4793477240732091,-2.7686532144533094,5.959643359924893,hold_expired,,1.4937640292845,1.4937640292845,,1.0,0.1,1.4793477240732091,1.2693477240732092,original_control
300722,2024-08-13,2024-08-14,21.29,2024-08-19,21.76,3,2.2076092062000896,1.9976092062000896,-3.6167214654767577,3.757632691404411,hold_expired,,3.6379578177514005,3.6379578177514,,1.0,0.1,1.9976092062000896,1.7876092062000897,original_control
300432,2024-08-13,2024-08-14,6.5,2024-08-19,6.4,3,-1.538461538461533,-1.748461538461533,-3.5384615384615348,2.4615384615384706,hold_expired,,8.1429187023934,8.1429187023934,,1.0,0.1,-1.748461538461533,-1.958461538461533,original_control
301314,2024-08-19,2024-08-20,32.4,2024-08-23,30.455999999999996,3,-6.000000000000005,-6.210000000000005,-7.314814814814796,3.5493827160493874,stop_loss,,1.3412024456522,1.3412024456522,,1.0,0.1,-6.210000000000005,-6.420000000000005,original_control
300333,2024-08-23,2024-08-26,4.98,2024-08-29,5.21,3,4.618473895582298,4.408473895582298,-3.413654618473927,14.457831325301186,hold_expired,,3.3372347958454,3.3372347958453994,,1.0,0.1,4.408473895582298,4.198473895582298,original_control
300417,2024-08-26,2024-08-27,8.36,2024-08-30,8.65,3,3.4688995215311103,3.2588995215311103,-3.588516746411463,5.2631578947368585,hold_expired,,3.718582325483,3.718582325483,,1.0,0.1,3.2588995215311103,3.0488995215311103,original_control
300827,2024-08-29,2024-08-30,35.98,2024-09-04,33.82119999999999,3,-6.000000000000016,-6.210000000000016,-6.614785992217886,3.251806559199566,stop_loss,,4.6769082973332,4.6769082973332,,1.0,0.1,-6.210000000000016,-6.420000000000016,original_control
300925,2024-08-29,2024-08-30,10.08,2024-09-04,10.39,3,3.0753968253968367,2.8653968253968367,0.0,11.111111111111116,hold_expired,,2.9290231922465,2.9290231922465,,1.0,0.1,2.8653968253968367,2.6553968253968367,original_control
300094,2024-08-30,2024-09-02,2.9,2024-09-05,2.83,3,-2.4137931034482696,-2.6237931034482695,-4.482758620689653,0.6896551724137945,hold_expired,,2.4577718704829,2.4577718704829,,1.0,0.1,-2.6237931034482695,-2.8337931034482695,original_control
300465,2024-08-30,2024-09-02,7.76,2024-09-05,7.73,3,-0.3865979381443063,-0.5965979381443063,-5.41237113402061,5.283505154639179,hold_expired,,3.2288660349854,3.2288660349854,,1.0,0.1,-0.5965979381443063,-0.8065979381443062,original_control
300973,2024-09-10,2024-09-11,24.9,2024-09-18,24.36,3,-2.168674698795181,-2.378674698795181,-5.783132530120472,3.694779116465874,hold_expired,,1.0332862716067,1.0332862716067,,1.0,0.1,-2.378674698795181,-2.588674698795181,original_control
300260,2024-09-18,2024-09-19,17.95,2024-09-24,18.34,3,2.1727019498607225,1.9627019498607226,-4.456824512534818,2.506963788300842,hold_expired,,5.6313444840676,5.6313444840676,,1.0,0.1,1.9627019498607226,1.7527019498607226,original_control
301021,2024-09-18,2024-09-19,17.49,2024-09-24,17.42,3,-0.40022870211547934,-0.6102287021154793,-5.6032018296169,2.8587764436821095,hold_expired,,1.0090433120676,1.0090433120676,,1.0,0.1,-0.6102287021154793,-0.8202287021154793,original_control
300583,2024-09-19,2024-09-20,14.3,2024-09-25,15.31,3,7.062937062937058,6.852937062937058,-1.2587412587412583,9.720279720279713,hold_expired,,1.6761203554779,1.6761203554779,,1.0,0.1,6.852937062937058,6.642937062937058,original_control
301153,2024-09-19,2024-09-20,21.18,2024-09-25,24.15,3,14.02266288951839,13.81266288951839,-3.021718602455159,18.035882908404144,hold_expired,,3.3810269367995,3.3810269367995,,1.0,0.1,13.81266288951839,13.60266288951839,original_control
301382,2024-09-23,2024-09-24,21.72,2024-09-27,25.46,3,17.21915285451199,17.00915285451199,-2.6243093922651894,19.060773480662995,hold_expired,,1.3076947856229,1.3076947856229,,1.0,0.1,17.00915285451199,16.799152854511988,original_control
300308,2024-09-24,2024-09-25,125.69,2024-09-30,154.86,3,23.207892433765622,22.99789243376562,-3.2460816294056727,23.717081708966514,hold_expired,,6.5611659809951,6.5611659809951,,1.0,0.1,22.99789243376562,22.78789243376562,original_control
300502,2024-09-24,2024-09-25,107.91,2024-09-30,129.97,3,20.442961727365393,20.232961727365392,-3.669724770642202,20.47076267259753,hold_expired,,8.498440268563101,8.498440268563101,,1.0,0.1,20.232961727365392,20.02296172736539,original_control
300327,2024-10-18,2024-10-21,26.67,2024-10-24,25.8,3,-3.262092238470171,-3.472092238470171,-4.386951631046109,6.824146981627299,hold_expired,,3.1044954410867995,3.1044954410868,,1.0,0.1,-3.472092238470171,-3.682092238470171,original_control
301095,2024-10-18,2024-10-21,51.8,2024-10-24,50.16,3,-3.1660231660231686,-3.3760231660231685,-3.976833976833971,5.945945945945974,hold_expired,,1.0131427485265,1.0131427485265,,1.0,0.1,-3.3760231660231685,-3.5860231660231685,original_control
301539,2024-10-24,2024-10-25,21.11,2024-10-29,19.843399999999995,2,-6.000000000000005,-6.210000000000005,-6.347702510658449,0.8053055423969724,stop_loss,,1.0082918739635,1.0082918739635,,1.0,0.1,-6.210000000000005,-6.420000000000005,original_control
300622,2024-10-25,2024-10-28,28.1,2024-10-31,30.79,3,9.572953736654789,9.362953736654788,-2.313167259786486,13.523131672597867,hold_expired,,2.3059910182646,2.3059910182646,,1.0,0.1,9.362953736654788,9.152953736654789,original_control
301209,2024-10-25,2024-10-28,28.48,2024-10-29,26.771199999999997,1,-6.000000000000005,-6.210000000000005,-6.60112359550562,0.3511235955056202,stop_loss,,1.0160031152615,1.0160031152615,,1.0,0.1,-6.210000000000005,-6.420000000000005,original_control
301191,2024-10-31,2024-11-01,90.87,2024-11-04,85.4178,1,-6.000000000000005,-6.210000000000005,-7.560250907890409,0.14306151645206988,stop_loss,,1.3299008517845,1.3299008517845,,1.0,0.1,-6.210000000000005,-6.420000000000005,original_control
300901,2024-10-31,2024-11-01,10.8,2024-11-06,11.66,3,7.962962962962972,7.752962962962972,-5.648148148148158,15.18518518518519,hold_expired,,1.0383803423321,1.0383803423321,,1.0,0.1,7.752962962962972,7.542962962962972,original_control
301055,2024-11-01,2024-11-04,14.9,2024-11-05,14.006,1,-6.000000000000005,-6.210000000000005,-7.046979865771819,0.6711409395973256,stop_loss,,1.0540066239526,1.0540066239526,,1.0,0.1,-6.210000000000005,-6.420000000000005,original_control
300937,2024-11-01,2024-11-04,25.29,2024-11-07,28.4,3,12.297350731514435,12.087350731514434,-3.5982601818900672,19.098457888493492,hold_expired,,1.0197818307329,1.0197818307329,,1.0,0.1,12.087350731514434,11.877350731514435,original_control
300457,2024-11-05,2024-11-06,25.5,2024-11-11,27.22,3,6.74509803921568,6.53509803921568,-4.156862745098033,7.803921568627437,hold_expired,,5.8466406642243,5.846640664224299,,1.0,0.1,6.53509803921568,6.32509803921568,original_control
301391,2024-11-08,2024-11-11,43.48,2024-11-14,45.93,3,5.634774609015647,5.424774609015647,-0.6439742410303428,10.119595216191367,hold_expired,,1.4208888867357,1.4208888867357,,1.0,0.1,5.424774609015647,5.214774609015647,original_control
301050,2024-11-08,2024-11-11,63.53,2024-11-13,59.718199999999996,2,-6.000000000000005,-6.210000000000005,-7.004564772548405,2.927750668975304,stop_loss,,2.5529885286756,2.5529885286756,,1.0,0.1,-6.210000000000005,-6.420000000000005,original_control
301413,2024-11-11,2024-11-12,52.0,2024-11-13,48.879999999999995,1,-6.000000000000005,-6.210000000000005,-8.442307692307693,1.846153846153853,stop_loss,,1.3063725490196,1.3063725490196,,1.0,0.1,-6.210000000000005,-6.420000000000005,original_control
300969,2024-11-11,2024-11-12,90.55,2024-11-13,84.47,1,-6.714522363335174,-6.924522363335174,-9.817780231916073,0.4969630038652806,stop_loss,,1.0165204813675,1.0165204813675,,1.0,0.1,-6.924522363335174,-7.134522363335174,original_control
300876,2024-11-13,2024-11-14,24.85,2024-11-18,23.358999999999998,2,-6.000000000000005,-6.210000000000005,-7.323943661971821,4.1448692152917355,stop_loss,,1.0392677941074,1.0392677941074,,1.0,0.1,-6.210000000000005,-6.420000000000005,original_control
300833,2024-11-19,2024-11-20,43.4,2024-11-25,50.0,3,15.207373271889391,14.99737327188939,-0.8986175115207495,19.792626728110598,hold_expired,,1.6037048554361,1.6037048554361,,1.0,0.1,14.99737327188939,14.787373271889392,original_control
301525,2024-11-25,2024-11-26,60.0,2024-11-29,62.62,3,4.366666666666674,4.156666666666674,-3.9999999999999925,5.833333333333335,hold_expired,,1.010570064576,1.010570064576,,1.0,0.1,4.156666666666674,3.9466666666666743,original_control
300720,2024-11-28,2024-11-29,19.02,2024-12-04,19.36,3,1.7875920084121866,1.5775920084121866,-3.259726603575197,5.099894847528907,hold_expired,,2.9493314273834,2.9493314273834,,1.0,0.1,1.5775920084121866,1.3675920084121866,original_control
300278,2024-11-29,2024-12-02,6.67,2024-12-05,6.95,3,4.197901049475261,3.987901049475261,-1.1994002998500841,7.946026986506749,hold_expired,,4.0596771467121,4.0596771467121,,1.0,0.1,3.987901049475261,3.777901049475261,original_control
300433,2024-12-02,2024-12-03,21.71,2024-12-06,21.95,3,1.1054813450023016,0.8954813450023016,-3.454629203132198,2.1188392445877557,hold_expired,,5.9385652027931,5.9385652027931,,1.0,0.1,0.8954813450023016,0.6854813450023016,original_control
300559,2024-12-05,2024-12-06,13.58,2024-12-11,13.46,3,-0.8836524300441684,-1.0936524300441683,-4.123711340206193,3.8291605301914444,hold_expired,,5.8025177814856,5.802517781485601,,1.0,0.1,-1.0936524300441683,-1.3036524300441683,original_control
301233,2024-12-05,2024-12-06,50.55,2024-12-11,50.3,3,-0.4945598417408492,-0.7045598417408492,-2.5123639960435096,7.794263105835819,hold_expired,,1.0299797242036,1.0299797242036,,1.0,0.1,-0.7045598417408492,-0.9145598417408491,original_control
300403,2024-12-09,2024-12-10,12.0,2024-12-13,13.46,3,12.166666666666659,11.956666666666658,-3.1666666666666843,22.999999999999975,hold_expired,,6.0669290814612005,6.066929081461199,,1.0,0.1,11.956666666666658,11.746666666666659,original_control
300287,2024-12-10,2024-12-11,6.2,2024-12-12,5.73,1,-7.580645161290334,-7.790645161290334,-7.90322580645163,4.8387096774193505,stop_loss,,12.387421919908702,12.3874219199087,,1.0,0.1,-7.790645161290334,-8.000645161290334,original_control
300894,2024-12-10,2024-12-11,16.4,2024-12-16,15.59,3,-4.9390243902438735,-5.1490243902438735,-5.609756097560958,5.792682926829307,hold_expired,,1.0923117078464,1.0923117078464,,1.0,0.1,-5.1490243902438735,-5.3590243902438734,original_control
300913,2024-12-11,2024-12-12,37.88,2024-12-17,42.88,3,13.199577613516356,12.989577613516355,-2.9039070749735996,17.370644139387537,hold_expired,,2.132303042515,2.132303042515,,1.0,0.1,12.989577613516355,12.779577613516356,original_control
300582,2024-12-13,2024-12-16,15.2,2024-12-17,14.287999999999997,1,-6.000000000000016,-6.210000000000016,-8.552631578947356,9.736842105263177,stop_loss,,2.3290793451844,2.3290793451844,,1.0,0.1,-6.210000000000016,-6.420000000000016,original_control
301110,2024-12-13,2024-12-16,50.1,2024-12-17,47.09399999999999,1,-6.000000000000005,-6.210000000000005,-10.219560878243506,7.784431137724557,stop_loss,,1.4692494422207998,1.4692494422208,,1.0,0.1,-6.210000000000005,-6.420000000000005,original_control
300488,2024-12-16,2024-12-17,27.94,2024-12-18,26.263599999999997,1,-6.000000000000016,-6.210000000000016,-8.017179670722985,0.9305654974946176,stop_loss,,2.78337757087,2.78337757087,,1.0,0.1,-6.210000000000016,-6.420000000000016,original_control
300563,2024-12-16,2024-12-17,56.78,2024-12-18,53.3732,1,-6.000000000000005,-6.210000000000005,-8.101444170482564,4.226840436773505,stop_loss,,1.9961882652365,1.9961882652365,,1.0,0.1,-6.210000000000005,-6.420000000000005,original_control
301600,2024-12-18,2024-12-19,139.83,2024-12-24,170.03,3,21.597654294500444,21.387654294500443,-1.301580490595744,37.30959021669169,hold_expired,,1.0,1.0,,1.0,0.1,21.387654294500443,21.177654294500442,original_control
301018,2024-12-19,2024-12-20,33.16,2024-12-24,31.170399999999997,2,-5.999999999999995,-6.209999999999995,-7.328106151990332,9.318455971049477,stop_loss,,1.0270608422498,1.0270608422498,,1.0,0.1,-6.209999999999995,-6.419999999999995,original_control
300441,2024-12-20,2024-12-23,9.68,2024-12-26,9.53,3,-1.5495867768595128,-1.7595867768595128,-4.648760330578517,8.4710743801653,hold_expired,,7.16606271252,7.16606271252,,1.0,0.1,-1.7595867768595128,-1.9695867768595128,original_control
300570,2024-12-26,2024-12-27,76.2,2025-01-02,71.628,3,-6.000000000000005,-6.210000000000005,-7.099737532808392,11.535433070866151,stop_loss,,2.0315670522345,2.0315670522345,,1.0,0.1,-6.210000000000005,-6.420000000000005,original_control
301600,2024-12-30,2024-12-31,201.0,2025-01-02,188.94,1,-6.000000000000005,-6.210000000000005,-11.049751243781103,2.0895522388059584,stop_loss,,1.0,1.0,,1.0,0.1,-6.210000000000005,-6.420000000000005,original_control
300436,2024-12-30,2024-12-31,33.6,2025-01-02,31.584,1,-6.000000000000016,-6.210000000000016,-9.04761904761906,4.999999999999982,stop_loss,,2.0268310079322,2.0268310079322,,1.0,0.1,-6.210000000000016,-6.420000000000016,original_control
301088,2025-01-02,2025-01-03,14.95,2025-01-06,14.052999999999997,1,-6.000000000000005,-6.210000000000005,-11.83946488294313,2.2742474916388034,stop_loss,,1.0773118418388,1.0773118418388,,1.0,0.1,-6.210000000000005,-6.420000000000005,original_control
301061,2025-01-07,2025-01-08,65.34,2025-01-13,66.95,3,2.4640342822160877,2.2540342822160877,-3.458830731558016,8.662381389654117,hold_expired,,2.2581938752212,2.2581938752212,,1.0,0.1,2.2540342822160877,2.0440342822160877,original_control
301203,2025-01-10,2025-01-13,32.5,2025-01-16,32.29,3,-0.6461538461538407,-0.8561538461538407,-3.200000000000003,2.738461538461534,hold_expired,,1.0922012544755,1.0922012544755,,1.0,0.1,-0.8561538461538407,-1.0661538461538407,original_control
300377,2025-01-13,2025-01-14,26.92,2025-01-17,29.1,3,8.09806835066864,7.88806835066864,-2.7117384843982184,12.36998514115899,hold_expired,,10.976483787382898,10.976483787382898,,1.0,0.1,7.88806835066864,7.6780683506686405,original_control
301210,2025-01-14,2025-01-15,33.5,2025-01-20,37.53,3,12.029850746268655,11.819850746268655,-0.8955223880597107,15.462686567164162,hold_expired,,1.0137482658437,1.0137482658437,,1.0,0.1,11.819850746268655,11.609850746268656,original_control
300426,2025-01-14,2025-01-15,10.7,2025-01-16,10.057999999999998,1,-6.000000000000005,-6.210000000000005,-7.00934579439253,0.9345794392523477,stop_loss,,5.0377386181114,5.0377386181114,,1.0,0.1,-6.210000000000005,-6.420000000000005,original_control
300852,2025-01-17,2025-01-20,29.18,2025-01-23,28.66,3,-1.7820424948594926,-1.9920424948594926,-2.2618231665524458,2.7758738862234233,hold_expired,,2.6007887523875,2.6007887523875,,1.0,0.1,-1.9920424948594926,-2.2020424948594925,original_control
301323,2025-01-17,2025-01-20,40.36,2025-01-23,42.06,3,4.212091179385524,4.002091179385524,-2.87413280475719,6.491575817641215,hold_expired,,1.0124801500602,1.0124801500602,,1.0,0.1,4.002091179385524,3.7920911793855243,original_control
301328,2025-01-20,2025-01-21,42.41,2025-01-24,44.49,3,4.904503654798398,4.694503654798398,-0.188634755953776,5.871256779061551,hold_expired,,1.5296022785851,1.5296022785850998,,1.0,0.1,4.694503654798398,4.484503654798398,original_control
301591,2025-01-20,2025-01-21,36.61,2025-01-24,40.43,3,10.434307566238733,10.224307566238732,-1.1745424747336752,17.39961759082216,hold_expired,,1.0063647640157,1.0063647640157,,1.0,0.1,10.224307566238732,10.014307566238733,original_control
301323,2025-01-23,2025-01-24,41.75,2025-02-06,41.59,3,-0.3832335329341241,-0.5932335329341241,-2.6107784431137704,2.4431137724550966,hold_expired,,1.0124801500602,1.0124801500602,,1.0,0.1,-0.5932335329341241,-0.803233532934124,original_control
300248,2025-01-23,2025-01-24,10.43,2025-02-06,11.56,3,10.834132310642385,10.624132310642384,-0.09587727708533222,12.655800575263676,hold_expired,,10.3802992976284,10.3802992976284,,1.0,0.1,10.624132310642384,10.414132310642385,original_control
301525,2025-01-24,2025-01-27,63.46,2025-02-07,65.5,3,3.214623384809334,3.004623384809334,-3.088559722659945,5.042546485975397,hold_expired,,1.010570064576,1.010570064576,,1.0,0.1,3.004623384809334,2.7946233848093343,original_control
300556,2025-01-24,2025-01-27,19.64,2025-02-07,22.25,3,13.289205702647667,13.079205702647666,-4.6843177189409335,17.10794297352343,hold_expired,,1.0303515569329,1.0303515569329,,1.0,0.1,13.079205702647666,12.869205702647667,original_control
300102,2025-02-06,2025-02-07,11.44,2025-02-12,10.753599999999999,3,-6.000000000000005,-6.210000000000005,-6.2937062937062915,3.9335664335664378,stop_loss,,5.4343765279371,5.4343765279371,,1.0,0.1,-6.210000000000005,-6.420000000000005,original_control
300916,2025-02-06,2025-02-07,31.34,2025-02-12,32.07,3,2.3292916400765806,2.1192916400765807,-1.340140395660483,5.934907466496497,hold_expired,,3.4726383696349,3.4726383696349,,1.0,0.1,2.1192916400765807,1.9092916400765807,original_control
300661,2025-02-12,2025-02-13,98.34,2025-02-18,93.85,3,-4.5657921496847775,-4.7757921496847775,-5.938580435224738,1.0880618263168662,hold_expired,,7.533417824954001,7.533417824954,,1.0,0.1,-4.7757921496847775,-4.9857921496847775,original_control
300154,2025-02-12,2025-02-13,10.68,2025-02-17,10.0392,2,-6.000000000000005,-6.210000000000005,-7.677902621722854,1.1235955056179803,stop_loss,,5.5815322354262,5.5815322354262,,1.0,0.1,-6.210000000000005,-6.420000000000005,original_control
301060,2025-02-14,2025-02-17,11.75,2025-02-19,11.045,2,-6.000000000000005,-6.210000000000005,-8.000000000000007,7.744680851063834,stop_loss,,1.026368441084,1.026368441084,,1.0,0.1,-6.210000000000005,-6.420000000000005,original_control
300206,2025-02-14,2025-02-17,14.2,2025-02-18,13.347999999999999,1,-6.000000000000005,-6.210000000000005,-7.535211267605623,5.1408450704225395,stop_loss,,6.9656809300593,6.9656809300593,,1.0,0.1,-6.210000000000005,-6.420000000000005,original_control
300115,2025-02-17,2025-02-18,23.75,2025-02-21,27.81,3,17.094736842105252,16.88473684210525,-3.2421052631578906,30.526315789473692,hold_expired,,12.2653746801733,12.265374680173302,,1.0,0.1,16.88473684210525,16.67473684210525,original_control
300918,2025-02-17,2025-02-18,13.9,2025-02-21,16.0,3,15.107913669064743,14.897913669064742,-1.7985611510791477,21.438848920863297,hold_expired,,1.0486754832576,1.0486754832576,,1.0,0.1,14.897913669064742,14.687913669064743,original_control
300583,2025-02-19,2025-02-20,24.12,2025-02-25,25.5,3,5.721393034825861,5.511393034825861,-4.187396351575467,12.562189054726346,hold_expired,,1.6761203554779,1.6761203554779,,1.0,0.1,5.511393034825861,5.301393034825861,original_control
300986,2025-02-19,2025-02-20,15.9,2025-02-25,16.8,3,5.660377358490565,5.450377358490565,-4.213836477987409,9.308176100628929,hold_expired,,2.1531227794042,2.1531227794042,,1.0,0.1,5.450377358490565,5.240377358490565,original_control
300823,2025-02-24,2025-02-25,15.88,2025-02-28,14.9272,3,-6.000000000000005,-6.210000000000005,-6.486146095717893,4.47103274559193,stop_loss,,1.5622679004632,1.5622679004632,,1.0,0.1,-6.210000000000005,-6.420000000000005,original_control
300402,2025-02-25,2025-02-26,15.81,2025-02-28,14.8614,2,-6.000000000000005,-6.210000000000005,-6.388361796331443,0.0,stop_loss,,1.0602202756279,1.0602202756279,,1.0,0.1,-6.210000000000005,-6.420000000000005,original_control
300894,2025-02-26,2025-02-27,15.94,2025-03-03,14.9836,2,-6.000000000000005,-6.210000000000005,-6.336260978669994,7.465495608532002,stop_loss,,1.0923117078464,1.0923117078464,,1.0,0.1,-6.210000000000005,-6.420000000000005,original_control
300258,2025-02-26,2025-02-27,14.25,2025-02-28,13.394999999999998,1,-6.000000000000005,-6.210000000000005,-13.122807017543858,1.263157894736855,stop_loss,,4.6299511574318,4.6299511574318,,1.0,0.1,-6.210000000000005,-6.420000000000005,original_control
300857,2025-03-05,2025-03-06,130.0,2025-03-07,120.36,1,-7.415384615384624,-7.625384615384624,-10.08461538461538,2.3076923076922995,stop_loss,,1.009474747791,1.009474747791,,1.0,0.1,-7.625384615384624,-7.835384615384624,original_control
301336,2025-03-06,2025-03-07,86.6,2025-03-10,81.40399999999998,1,-6.000000000000005,-6.210000000000005,-6.581986143187057,4.849884526558901,stop_loss,,1.0106517157545,1.0106517157545,,1.0,0.1,-6.210000000000005,-6.420000000000005,original_control
300617,2025-03-06,2025-03-07,35.03,2025-03-12,35.35,3,0.9135027119611783,0.7035027119611783,-5.7379389095061235,2.6263202968883848,hold_expired,,2.1160007594183,2.1160007594183,,1.0,0.1,0.7035027119611783,0.4935027119611783,original_control
300022,2025-03-10,2025-03-11,7.15,2025-03-14,6.88,3,-3.776223776223786,-3.986223776223786,-5.034965034965044,1.958041958041945,hold_expired,,4.0551764810634,4.0551764810634,,1.0,0.1,-3.986223776223786,-4.196223776223786,original_control
301611,2025-03-10,2025-03-11,63.0,2025-03-13,59.22,2,-6.000000000000005,-6.210000000000005,-6.269841269841281,2.15873015873016,stop_loss,,1.001497005988,1.001497005988,,1.0,0.1,-6.210000000000005,-6.420000000000005,original_control
300296,2025-03-11,2025-03-12,7.8,2025-03-17,7.99,3,2.4358974358974494,2.2258974358974495,-5.512820512820493,5.512820512820515,hold_expired,,19.4357555289235,19.4357555289235,,1.0,0.1,2.2258974358974495,2.0158974358974495,original_control
301003,2025-03-12,2025-03-13,29.31,2025-03-18,29.57,3,0.8870692596383511,0.6770692596383512,-3.6165131354486513,1.4329580348004134,hold_expired,,1.882854371483,1.882854371483,,1.0,0.1,0.6770692596383512,0.46706925963835116,original_control
300609,2025-03-12,2025-03-13,28.32,2025-03-18,29.06,3,2.6129943502824826,2.4029943502824826,-3.8488700564971667,6.850282485875714,hold_expired,,1.0533327979466,1.0533327979466,,1.0,0.1,2.4029943502824826,2.1929943502824827,original_control
301008,2025-03-14,2025-03-17,25.05,2025-03-20,27.9,3,11.377245508982025,11.167245508982024,-2.075848303393224,16.80638722554888,hold_expired,,1.7657002921599,1.7657002921599,,1.0,0.1,11.167245508982024,10.957245508982025,original_control
300973,2025-03-14,2025-03-17,45.5,2025-03-20,42.9,3,-5.714285714285716,-5.924285714285716,-5.9780219780219745,0.7692307692307665,hold_expired,,1.0384960778178,1.0384960778178,,1.0,0.1,-5.924285714285716,-6.134285714285716,original_control
300956,2025-03-17,2025-03-18,25.16,2025-03-21,24.93,3,-0.9141494435612185,-1.1241494435612185,-2.424483306836245,4.133545310015907,hold_expired,,1.2231298609431,1.2231298609431,,1.0,0.1,-1.1241494435612185,-1.3341494435612185,original_control
300798,2025-03-17,2025-03-18,7.94,2025-03-21,10.32,3,29.97481108312343,29.76481108312343,-0.7556675062972307,36.775818639798466,hold_expired,,1.015833292112,1.015833292112,,1.0,0.1,29.76481108312343,29.55481108312343,original_control
301268,2025-03-19,2025-03-20,22.1,2025-03-21,20.773999999999997,1,-6.000000000000005,-6.210000000000005,-7.918552036199089,5.022624434389145,stop_loss,,1.024696491471,1.024696491471,,1.0,0.1,-6.210000000000005,-6.420000000000005,original_control
300256,2025-03-20,2025-03-21,5.41,2025-03-24,5.0854,1,-6.000000000000005,-6.210000000000005,-7.578558225508325,1.109057301293892,stop_loss,,4.5976554632453,4.5976554632453,,1.0,0.1,-6.210000000000005,-6.420000000000005,original_control
300766,2025-03-20,2025-03-21,49.39,2025-03-24,46.42659999999999,1,-6.000000000000016,-6.210000000000016,-9.21239117230208,6.29682121887023,stop_loss,,1.0125727695221,1.0125727695221,,1.0,0.1,-6.210000000000016,-6.420000000000016,original_control
300778,2025-03-21,2025-03-24,11.71,2025-03-25,11.0074,1,-6.000000000000005,-6.210000000000005,-7.173356105892403,1.0247651579846195,stop_loss,,2.2789075107364,2.2789075107364,,1.0,0.1,-6.210000000000005,-6.420000000000005,original_control
300583,2025-03-21,2025-03-24,26.34,2025-03-25,24.759600000000002,1,-6.000000000000016,-6.210000000000016,-6.605922551252852,0.5694760820045497,stop_loss,,1.6761203554779,1.6761203554778998,,1.0,0.1,-6.210000000000016,-6.420000000000016,original_control
300040,2025-03-24,2025-03-25,7.33,2025-03-26,6.890199999999998,1,-6.000000000000005,-6.210000000000005,-7.094133697135052,10.504774897680758,stop_loss,,6.2849393833048,6.284939383304801,,1.0,0.1,-6.210000000000005,-6.420000000000005,original_control
300871,2025-03-25,2025-03-26,16.83,2025-03-31,22.5,3,33.68983957219254,33.47983957219254,-3.3868092691621943,49.73262032085564,hold_expired,,1.5988419146835,1.5988419146835002,,1.0,0.1,33.47983957219254,33.26983957219254,original_control
300779,2025-03-26,2025-03-27,151.72,2025-03-28,142.61679999999998,1,-6.000000000000005,-6.210000000000005,-8.673872923807014,1.7730029000790903,stop_loss,,1.4292546529545,1.4292546529545,,1.0,0.1,-6.210000000000005,-6.420000000000005,original_control
300193,2025-03-31,2025-04-01,11.36,2025-04-08,8.96,4,-21.126760563380266,-21.336760563380267,-25.440140845070413,0.7042253521126751,stop_loss,,3.1129707705287,3.1129707705287,,1.0,0.1,-21.336760563380267,-21.546760563380268,original_control
300144,2025-04-17,2025-04-18,10.1,2025-04-23,9.67,3,-4.2574257425742275,-4.467425742574227,-4.851485148514845,0.8910891089108919,hold_expired,,15.485997037824996,15.485997037824998,,1.0,0.1,-4.467425742574227,-4.677425742574227,original_control
301092,2025-04-17,2025-04-18,29.98,2025-04-21,28.1812,1,-5.999999999999995,-6.209999999999995,-6.104069379586397,1.0340226817878495,stop_loss,,1.0190606755536,1.0190606755536,,1.0,0.1,-6.209999999999995,-6.419999999999995,original_control
300492,2025-04-18,2025-04-21,90.0,2025-04-24,90.3,3,0.3333333333333188,0.12333333333331883,-0.4444444444444362,2.888888888888874,hold_expired,,1.7650987948409003,1.7650987948409,,1.0,0.1,0.12333333333331883,-0.08666666666668116,original_control
300252,2025-04-18,2025-04-21,9.8,2025-04-24,10.02,3,2.244897959183656,2.034897959183656,-2.857142857142869,3.469387755102038,hold_expired,,4.9747879069377,4.9747879069377,,1.0,0.1,2.034897959183656,1.824897959183656,original_control
300984,2025-04-21,2025-04-22,62.03,2025-04-25,69.46,3,11.978075124939537,11.768075124939536,-1.4831533129131103,16.072867967112693,hold_expired,,1.6714197241346,1.6714197241346,,1.0,0.1,11.768075124939536,11.558075124939537,original_control
300652,2025-04-21,2025-04-22,50.3,2025-04-25,58.6,3,16.50099403578529,16.29099403578529,-2.1272365805169002,21.252485089463224,hold_expired,,1.1140433343212,1.1140433343212,,1.0,0.1,16.29099403578529,16.080994035785288,original_control
300858,2025-04-24,2025-04-25,15.4,2025-04-28,14.475999999999997,1,-6.000000000000016,-6.210000000000016,-7.402597402597411,1.9480519480519431,stop_loss,,2.8524755393864,2.8524755393864,,1.0,0.1,-6.210000000000016,-6.420000000000016,original_control
300004,2025-04-24,2025-04-25,7.81,2025-04-29,7.3414,2,-6.000000000000005,-6.210000000000005,-6.402048655569792,8.834827144686308,stop_loss,,4.0759311906073,4.0759311906073,,1.0,0.1,-6.210000000000005,-6.420000000000005,original_control
300986,2025-04-25,2025-04-28,19.6,2025-05-06,20.48,3,4.489795918367334,4.279795918367334,-1.5306122448979775,6.428571428571428,hold_expired,,2.1531227794042,2.1531227794042,,1.0,0.1,4.279795918367334,4.069795918367334,original_control
300945,2025-04-28,2025-04-29,14.21,2025-05-07,14.64,3,3.0260380014074606,2.8160380014074606,-1.9704433497536922,7.600281491907102,hold_expired,,1.033562312694,1.033562312694,,1.0,0.1,2.8160380014074606,2.6060380014074607,original_control
301196,2025-04-29,2025-04-30,70.37,2025-05-06,66.14779999999999,1,-6.000000000000016,-6.210000000000016,-6.494244706551089,0.7815830609634977,stop_loss,,1.0865483485388,1.0865483485388,,1.0,0.1,-6.210000000000016,-6.420000000000016,original_control
301413,2025-04-29,2025-04-30,94.72,2025-05-08,93.9,3,-0.8657094594594628,-1.0757094594594627,-2.248733108108114,3.9168074324324342,hold_expired,,1.3063725490196,1.3063725490196,,1.0,0.1,-1.0757094594594627,-1.2857094594594627,original_control
300740,2025-05-09,2025-05-12,13.45,2025-05-15,14.34,3,6.617100371747231,6.407100371747231,-2.899628252788089,11.449814126394076,hold_expired,,2.6028950404548,2.6028950404548006,,1.0,0.1,6.407100371747231,6.197100371747231,original_control
300322,2025-05-09,2025-05-12,15.2,2025-05-15,14.59,3,-4.01315789473683,-4.22315789473683,-4.342105263157892,6.184210526315814,hold_expired,,4.438994375543,4.438994375543,,1.0,0.1,-4.22315789473683,-4.43315789473683,original_control
301151,2025-05-12,2025-05-13,16.31,2025-05-16,16.11,3,-1.2262415695891926,-1.4362415695891926,-3.004291845493545,1.6554261189454245,hold_expired,,1.0673462555108,1.0673462555108,,1.0,0.1,-1.4362415695891926,-1.6462415695891925,original_control
301004,2025-05-12,2025-05-13,74.81,2025-05-16,75.05,3,0.3208127255714288,0.11081272557142882,-0.8153990108274334,6.509824889720628,hold_expired,,1.5610065558278,1.5610065558278,,1.0,0.1,0.11081272557142882,-0.09918727442857117,original_control
300758,2025-05-13,2025-05-14,17.56,2025-05-16,16.5064,2,-6.000000000000005,-6.210000000000005,-7.630979498861046,5.751708428246016,stop_loss,,3.3105586668896,3.3105586668896,,1.0,0.1,-6.210000000000005,-6.420000000000005,original_control
301258,2025-05-13,2025-05-14,29.3,2025-05-19,30.87,3,5.358361774744025,5.148361774744025,-2.662116040955631,12.55972696245733,hold_expired,,1.0476270187946,1.0476270187946,,1.0,0.1,5.148361774744025,4.938361774744025,original_control
300119,2025-05-15,2025-05-16,23.12,2025-05-21,25.46,3,11.338842622140199,11.128842622140198,-1.5138408304498308,24.99999999999998,hold_expired,,6.26991210455,6.3392457122152,,1.0,0.1,11.128842622140198,10.918842622140199,original_control
301448,2025-05-15,2025-05-16,23.66,2025-05-21,25.07,3,5.959425190194412,5.749425190194412,-0.46491969568890346,9.382924767540146,hold_expired,,1.3265534888402,1.3265534888402,,1.0,0.1,5.749425190194412,5.539425190194412,original_control
300420,2025-05-16,2025-05-19,3.7,2025-05-22,3.66,3,-1.0810810810810811,-1.291081081081081,-3.2432432432432434,3.513513513513522,hold_expired,,9.4067894985825,9.4067894985825,,1.0,0.1,-1.291081081081081,-1.501081081081081,original_control
300945,2025-05-16,2025-05-19,16.5,2025-05-22,20.46,3,24.0,23.79,-2.3636363636363678,39.81818181818182,hold_expired,,1.033562312694,1.033562312694,,1.0,0.1,23.79,23.58,original_control
300867,2025-05-19,2025-05-20,19.49,2025-05-22,18.3206,2,-5.999999999999995,-6.209999999999995,-6.362237044638275,3.642893791688051,stop_loss,,1.0218676984052,1.0218676984052,,1.0,0.1,-6.209999999999995,-6.419999999999995,original_control
301263,2025-05-20,2025-05-21,24.06,2025-05-26,26.46,3,9.975062344139651,9.76506234413965,0.0,12.842892768079794,hold_expired,,1.9007019336462003,1.9007019336462,,1.0,0.1,9.76506234413965,9.555062344139651,original_control
300960,2025-05-21,2025-05-22,22.56,2025-05-27,23.61,3,4.654255319148914,4.4442553191489145,-3.812056737588654,15.24822695035457,hold_expired,,1.5665739639943002,1.5665739639943,,1.0,0.1,4.4442553191489145,4.2342553191489145,original_control
301378,2025-05-29,2025-05-30,27.35,2025-06-05,26.91,3,-1.6087751371115178,-1.8187751371115177,-3.7294332723948997,0.0,hold_expired,,2.155830244694,2.155830244694,,1.0,0.1,-1.8187751371115177,-2.0287751371115177,original_control
301078,2025-05-30,2025-06-03,14.3,2025-06-06,14.86,3,3.9160839160839123,3.7060839160839123,-0.6993006993007089,13.286713286713292,hold_expired,,1.0174753038827,1.0174753038827,,1.0,0.1,3.7060839160839123,3.4960839160839123,original_control
