code,signal_date,entry_date,entry_price,exit_date,exit_price,hold_days,gross_return_pct,net_return_pct,mae_pct,mfe_pct,exit_reason,benchmark_return_pct,entry_factor,exit_factor,included_closed
300707,2024-01-05,2024-01-08,18.7,2024-01-09,17.578,1,-6.000000000000005,-6.210000000000005,-8.983957219251348,0.5347593582887722,stop_loss,,2.0381520568262,2.0381520568262,True
301238,2024-01-05,2024-01-08,18.91,2024-01-17,17.7754,7,-6.000000000000005,-6.210000000000005,-6.557377049180335,10.417768376520353,stop_loss,,1.0047687172151,1.0047687172151,True
300763,2024-01-09,2024-01-10,71.01,2024-01-23,72.63,9,2.2813688212927508,2.071368821292751,-2.872834811998315,12.364455710463318,hold_expired,,4.5217720040257,4.5217720040257,True
300663,2024-01-11,2024-01-12,15.62,2024-01-18,14.6828,4,-6.000000000000005,-6.210000000000005,-7.106274007682467,3.905249679897582,stop_loss,,3.3825777753898,3.3825777753898,True
300862,2024-01-11,2024-01-12,42.24,2024-01-18,39.41,4,-6.699810606060619,-6.909810606060619,-11.908143939393955,0.9943181818181657,stop_loss,,1.0151630022745,1.0151630022745,True
300763,2024-01-18,2024-01-19,78.17,2024-01-22,72.21,1,-7.624408340795696,-7.834408340795696,-10.20851989254189,0.9594473583216079,stop_loss,,4.5217720040257,4.5217720040257,True
300783,2024-02-21,2024-02-22,18.16,2024-03-06,20.36,9,12.114537444933916,11.904537444933915,-4.735682819383258,16.629955947136565,hold_expired,,1.0264862761675,1.0264862761675,True
300862,2024-02-21,2024-02-22,33.5,2024-03-06,34.88,9,4.119402985074627,3.9094029850746272,-1.94029850746269,19.104477611940297,hold_expired,,1.0151630022745,1.0151630022745,True
301165,2024-02-22,2024-02-23,34.17,2024-03-01,41.004,5,19.999999999999996,19.789999999999996,-1.9607843137254943,21.01258413813285,take_profit,,1.0139982502187,1.0139982502187,True
301015,2024-02-26,2024-02-27,32.85,2024-03-11,34.19,9,4.0791476407914695,3.8691476407914696,-2.343987823439897,5.570776255707743,hold_expired,,1.0603581725903,1.0603581725903,True
300373,2024-02-27,2024-02-28,39.98,2024-02-29,37.45,1,-6.32816408204101,-6.53816408204101,-6.32816408204101,1.0005002501250804,stop_loss,,5.2943885339031,5.2943885339031,True
300875,2024-03-05,2024-03-06,25.85,2024-03-19,28.52,9,10.32882011605416,10.11882011605416,-1.3539651837524147,19.07156673114119,hold_expired,,1.3138193492727,1.3138193492727,True
300809,2024-03-06,2024-03-07,28.6,2024-03-08,26.79,1,-6.328671328671332,-6.538671328671332,-7.867132867132853,2.7272727272727115,stop_loss,,1.6478107544037,1.6478107544037,True
301265,2024-03-07,2024-03-08,10.0,2024-03-15,12.0,5,19.999999999999996,19.789999999999996,-3.0000000000000027,22.899999999999988,take_profit,,1.017094017094,1.017094017094,True
300302,2024-03-08,2024-03-11,12.5,2024-03-22,14.32,9,14.559999999999995,14.349999999999994,-3.520000000000001,18.799999999999994,hold_expired,,6.9095020875598,6.9095020875598,True
300604,2024-03-08,2024-03-11,30.0,2024-03-22,34.5,9,14.999999999999991,14.78999999999999,-3.0333333333333434,16.46666666666665,hold_expired,,6.9365739466893,6.9365739466893,True
300014,2024-03-11,2024-03-12,43.2,2024-03-15,40.608000000000004,3,-6.000000000000005,-6.210000000000005,-6.851851851851853,0.648148148148131,stop_loss,,17.8735369367306,17.8735369367306,True
300733,2024-03-11,2024-03-12,9.31,2024-03-22,11.171999999999999,8,19.999999999999996,19.789999999999996,0.0,21.37486573576801,take_profit,,1.6510027815467,1.6510027815467,True
300097,2024-03-12,2024-03-13,8.57,2024-03-14,8.0558,1,-6.000000000000005,-6.210000000000005,-6.301050175029188,0.7001166861143604,stop_loss,,3.6523485596678,3.6523485596678,True
301378,2024-03-12,2024-03-13,40.59,2024-03-14,37.5,1,-7.612712490761275,-7.822712490761275,-12.490761271249074,0.0,stop_loss,,1.5140937705534,1.5140937705534,True
301071,2024-03-13,2024-03-14,33.5,2024-03-27,33.36,9,-0.4179104477611939,-0.6279104477611939,-3.731343283582089,12.50746268656715,hold_expired,,3.6534236853709,3.6534236853709,True
300403,2024-03-15,2024-03-18,8.39,2024-03-26,7.8866,6,-6.000000000000016,-6.210000000000016,-7.032181168057217,1.0727056019070202,stop_loss,,5.7551778468336,5.7551778468336,True
300489,2024-03-15,2024-03-18,16.79,2024-03-29,18.3,9,8.993448481238842,8.78344848123884,-4.6456223942823005,16.378796902918392,hold_expired,,3.0113855556013,3.0113855556013,True
300450,2024-03-18,2024-03-19,25.99,2024-03-22,24.4306,3,-6.000000000000005,-6.210000000000005,-6.694882647171985,0.5001923816852827,stop_loss,,20.1961488952548,20.1961488952548,True
301110,2024-03-18,2024-03-19,36.88,2024-03-28,34.6672,7,-6.000000000000005,-6.210000000000005,-7.510845986984826,5.206073752711493,stop_loss,,1.023782660144,1.023782660144,True
300720,2024-03-21,2024-03-22,16.51,2024-03-25,15.5194,1,-6.000000000000005,-6.210000000000005,-6.117504542701391,0.363416111447612,stop_loss,,2.9035996917534,2.9035996917534,True
301013,2024-03-21,2024-03-22,14.74,2024-03-25,13.855599999999999,1,-6.000000000000005,-6.210000000000005,-7.191316146540028,5.49525101763908,stop_loss,,1.5075949367089,1.5075949367089,True
301182,2024-03-22,2024-03-25,17.73,2024-03-26,16.6662,1,-6.000000000000005,-6.210000000000005,-6.937394247038919,1.0716300056401673,stop_loss,,1.0172831049539,1.0172831049539,True
301004,2024-03-25,2024-03-26,67.5,2024-04-10,74.37,9,10.177777777777774,9.967777777777773,-2.400000000000002,15.466666666666672,hold_expired,,1.0541920344182,1.0541920344182,True
301210,2024-03-25,2024-03-26,36.7,2024-04-10,39.24,9,6.92098092643052,6.71098092643052,-3.787465940054502,12.915531335149844,hold_expired,,1.0,1.0,True
300174,2024-03-26,2024-03-27,15.15,2024-04-02,18.18,4,19.999999999999996,19.789999999999996,-3.5643564356435675,19.999999999999996,take_profit,,3.8463565392717,3.8463565392717,True
300871,2024-03-26,2024-03-27,12.6,2024-04-08,15.119999999999997,6,19.999999999999996,19.789999999999996,-5.079365079365061,26.587301587301603,take_profit,,1.5659631436096,1.5659631436096,True
300927,2024-04-02,2024-04-03,16.43,2024-04-08,15.27,1,-7.0602556299452335,-7.2702556299452334,-13.08581862446745,0.669506999391345,stop_loss,,1.8450020918556,1.8450020918556,True
300131,2024-04-08,2024-04-09,5.66,2024-04-12,5.320399999999999,3,-6.000000000000005,-6.210000000000005,-16.784452296819797,6.537102473498235,stop_loss,,18.5492030508447,18.5492030508447,True
301046,2024-04-08,2024-04-09,22.3,2024-04-12,20.962,3,-6.000000000000005,-6.210000000000005,-7.399103139013463,1.5695067264573925,stop_loss,,1.0125195618153,1.0125195618153,True
300894,2024-04-12,2024-04-15,13.92,2024-04-16,16.704,1,19.999999999999996,19.789999999999996,-4.669540229885061,20.114942528735625,take_profit,,1.05643940217,1.05643940217,True
300926,2024-04-12,2024-04-15,29.48,2024-04-16,27.711199999999998,1,-6.000000000000005,-6.210000000000005,-9.02306648575304,1.6282225237449266,stop_loss,,1.8196571784515,1.8196571784515,True
300628,2024-04-15,2024-04-16,33.14,2024-04-29,35.2,9,6.2160531080265535,6.006053108026554,-0.9354254677127471,14.272782136391049,hold_expired,,18.485856304900494,18.485856304900494,True
300636,2024-04-22,2024-04-23,10.0,2024-05-09,11.12,9,11.199999999999989,10.989999999999988,-4.200000000000004,14.999999999999991,hold_expired,,3.9098730913472,3.9098730913472006,True
301101,2024-04-22,2024-04-23,26.56,2024-05-09,27.91,9,5.082831325301229,4.872831325301229,-5.045180722891551,6.362951807228945,hold_expired,,1.5261534975796998,1.5261534975797,True
300660,2024-04-23,2024-04-24,26.64,2024-05-10,27.65,9,3.791291291291299,3.581291291291299,-0.48798798798797005,16.066066066066064,hold_expired,,3.3986110173115,3.3986110173115,True
301390,2024-04-23,2024-04-24,30.6,2024-05-10,32.0,9,4.575163398692816,4.365163398692816,-0.8169934640522847,7.843137254901955,hold_expired,,1.0,1.0,True
300337,2024-04-24,2024-04-25,6.79,2024-05-13,6.95,9,2.356406480117812,2.146406480117812,-0.7363770250368273,10.014727540500745,hold_expired,,4.4667869465361,4.4667869465361,True
300757,2024-04-24,2024-04-25,109.97,2024-04-29,131.96399999999997,2,19.999999999999996,19.789999999999996,-1.3367281985996127,23.961080294625802,take_profit,,1.3157577098431,1.3157577098431,True
300801,2024-04-25,2024-04-26,14.51,2024-05-10,17.222810554495855,7,19.999999999999996,19.789999999999996,-2.0675396278428626,33.288349931989146,take_profit,,1.9242984168264,1.9454364853961,True
300596,2024-04-29,2024-04-30,29.9,2024-05-16,31.25,9,4.515050167224088,4.305050167224088,-1.304347826086938,19.79933110367893,hold_expired,,1.5586717721254,1.5586717721254,True
300457,2024-05-09,2024-05-10,17.25,2024-05-23,16.68,9,-3.304347826086962,-3.514347826086962,-4.463768115942024,8.057971014492749,hold_expired,,5.7861413239305,5.7861413239305,True
300890,2024-05-09,2024-05-10,34.7,2024-05-13,32.618,1,-5.999999999999995,-6.209999999999995,-8.991354466858791,0.8645533141210304,stop_loss,,1.001992825827,1.001992825827,True
300374,2024-05-13,2024-05-14,17.24,2024-05-15,16.205599999999997,1,-6.000000000000005,-6.210000000000005,-7.1345707656612305,1.5081206496520005,stop_loss,,2.207644874819,2.207644874819,True
300031,2024-05-14,2024-05-15,15.0,2024-05-20,14.099999999999998,3,-6.000000000000005,-6.210000000000005,-6.533333333333335,2.6666666666666616,stop_loss,,6.805604792327,6.805604792327,True
301011,2024-05-14,2024-05-15,17.28,2024-05-28,16.75,9,-3.067129629629639,-3.277129629629639,-5.381944444444442,3.414351851851838,hold_expired,,1.7009385113269,1.7009385113269,True
300314,2024-05-20,2024-05-21,12.91,2024-05-24,12.135399999999999,3,-6.000000000000005,-6.210000000000005,-6.661502711076683,2.5561580170410547,stop_loss,,3.8737438608152,3.8737438608152,True
300407,2024-05-21,2024-05-22,8.26,2024-05-31,7.6423711268828844,7,-6.000000000000005,-6.210000000000005,-6.152162975035413,0.7263922518159882,stop_loss,,4.1330264148941,4.199020142181,True
301161,2024-05-22,2024-05-23,17.71,2024-05-24,16.6474,1,-6.000000000000005,-6.210000000000005,-7.001693958215693,0.28232636928291477,stop_loss,,1.0077590141488,1.0077590141488,True
301459,2024-05-22,2024-05-23,46.8,2024-05-27,43.992,2,-6.000000000000005,-6.210000000000005,-6.794871794871793,5.641025641025643,stop_loss,,1.0,1.0,True
300581,2024-05-23,2024-05-24,9.1,2024-05-27,8.554,1,-6.000000000000005,-6.210000000000005,-7.582417582417589,4.285714285714293,stop_loss,,11.7672625132801,11.7672625132801,True
300880,2024-05-24,2024-05-27,20.3,2024-06-04,19.082,6,-6.000000000000005,-6.210000000000005,-6.157635467980294,18.768472906403932,stop_loss,,1.5023387315393,1.5023387315393,True
301381,2024-05-27,2024-05-28,28.13,2024-05-30,26.20181636363856,2,-6.000000000000005,-6.210000000000005,-7.441531291488679,3.0216850337717815,stop_loss,,1.0074940047962,1.0167370690603,True
301387,2024-05-29,2024-05-30,35.36,2024-05-31,42.6,1,20.475113122171962,20.26511312217196,-3.393665158371051,28.93099547511313,take_profit,,1.4371886039997,1.4371886039997,True
300696,2024-05-31,2024-06-03,16.06,2024-06-04,15.096399999999997,1,-6.000000000000005,-6.210000000000005,-7.721046077210447,0.9962640099626441,stop_loss,,4.1296518461589,4.1296518461589,True
300814,2024-06-03,2024-06-04,31.23,2024-06-18,33.23,9,6.40409862311877,6.19409862311877,-5.443483829650974,10.47070124879923,hold_expired,,1.0156141327753,1.0156141327753,True
300083,2024-06-05,2024-06-06,6.69,2024-06-11,6.2886,2,-6.000000000000005,-6.210000000000005,-7.473841554559035,3.587443946188329,stop_loss,,8.232232505427,8.232232505427,True
300613,2024-06-11,2024-06-12,34.7,2024-06-25,32.509168330600524,9,-6.000000000000005,-6.210000000000005,-9.26498118921545,7.665706051873178,stop_loss,,5.1899615324209,5.2073360826385,True
300025,2024-06-17,2024-06-18,10.84,2024-06-25,10.189599999999999,5,-5.999999999999995,-6.209999999999995,-7.93357933579335,1.9372693726937174,stop_loss,,7.9543341965544,7.9543341965544005,True
301055,2024-06-18,2024-06-19,12.53,2024-06-28,11.64474153660762,7,-6.000000000000005,-6.210000000000005,-7.9756303193843525,5.826017557861118,stop_loss,,1.042063703605,1.0540066239526,True
301539,2024-06-18,2024-06-19,27.2,2024-06-20,25.567999999999994,1,-6.000000000000005,-6.210000000000005,-6.727941176470575,2.757352941176472,stop_loss,,1.0082918739635,1.0082918739635,True
300779,2024-06-21,2024-06-24,54.6,2024-06-25,51.324,1,-5.999999999999995,-6.209999999999995,-15.75091575091575,0.952380952380949,stop_loss,,1.4292546529545,1.4292546529545,True
300852,2024-06-21,2024-06-24,26.88,2024-06-26,25.267199999999995,2,-6.000000000000016,-6.210000000000016,-7.4032738095237915,16.07142857142856,stop_loss,,2.6007887523875,2.6007887523875,True
300609,2024-06-26,2024-06-27,19.5,2024-07-09,18.33,8,-6.000000000000005,-6.210000000000005,-7.743589743589762,7.692307692307687,stop_loss,,1.0533327979466,1.0533327979466,True
300380,2024-07-01,2024-07-02,16.57,2024-07-05,15.575799999999997,3,-6.000000000000016,-6.210000000000016,-8.207604103802046,5.310802655401314,stop_loss,,2.0673662232369,2.0673662232369,True
301507,2024-07-01,2024-07-02,13.1,2024-07-09,12.314,5,-6.000000000000005,-6.210000000000005,-10.839694656488552,5.038167938931304,stop_loss,,1.0083963056255,1.0083963056255,True
300250,2024-07-02,2024-07-03,11.3,2024-07-16,11.46,9,1.415929203539834,1.2059292035398341,-5.3097345132743445,14.15929203539823,hold_expired,,4.2043799950987,4.2043799950987,True
300879,2024-07-05,2024-07-08,14.73,2024-07-11,17.676,3,19.999999999999996,19.789999999999996,-4.548540393754241,32.38289205702647,take_profit,,1.0092903591166,1.0092903591166,True
300319,2024-07-16,2024-07-17,11.09,2024-07-18,10.424599999999998,1,-6.000000000000005,-6.210000000000005,-7.754733994589714,1.2623985572588037,stop_loss,,8.0830792231996,8.0830792231996,True
300433,2024-07-16,2024-07-17,20.06,2024-07-18,18.856399999999997,1,-6.000000000000005,-6.210000000000005,-8.723828514456633,1.8444666001994126,stop_loss,,5.9385652027931,5.9385652027931,True
301000,2024-07-18,2024-07-19,13.89,2024-07-25,13.0566,4,-6.000000000000005,-6.210000000000005,-6.191504679625648,3.6717062634989306,stop_loss,,4.9645299667784,4.9645299667784,True
300551,2024-07-22,2024-07-23,6.2,2024-07-24,5.827999999999999,1,-6.000000000000005,-6.210000000000005,-6.290322580645169,1.4516129032258185,stop_loss,,4.0855648868034,4.0855648868034,True
300551,2024-07-25,2024-07-26,6.43,2024-08-08,6.16,9,-4.19906687402799,-4.40906687402799,-5.598755832037316,17.573872472783837,hold_expired,,4.0855648868034,4.0855648868034,True
301266,2024-07-25,2024-07-26,31.37,2024-08-08,32.72,9,4.303474657315887,4.093474657315887,-3.729678036340456,16.671979598342368,hold_expired,,1.010039805637,1.010039805637,True
300899,2024-07-29,2024-07-30,20.74,2024-08-05,19.4956,4,-6.000000000000005,-6.210000000000005,-12.054001928640313,3.182256509161019,stop_loss,,1.0516961354718,1.0516961354718,True
301178,2024-07-29,2024-07-30,22.41,2024-08-05,21.0654,4,-6.000000000000005,-6.210000000000005,-8.299866131191436,5.488621151271733,stop_loss,,1.4222806648345,1.4222806648345,True
300034,2024-07-31,2024-08-01,15.89,2024-08-09,14.9366,6,-6.000000000000005,-6.210000000000005,-6.859660163624914,3.7759597230962783,stop_loss,,6.0848703335566,6.0848703335566,True
301000,2024-07-31,2024-08-01,14.4,2024-08-05,13.536000000000001,2,-6.000000000000005,-6.210000000000005,-8.611111111111125,1.6666666666666607,stop_loss,,4.9645299667784,4.9645299667784,True
301399,2024-08-12,2024-08-13,21.31,2024-08-22,20.031399999999998,7,-6.000000000000005,-6.210000000000005,-11.403097137494134,5.959643359924893,stop_loss,,1.4937640292845,1.4937640292845,True
300432,2024-08-13,2024-08-14,6.5,2024-08-27,6.22,9,-4.307692307692312,-4.517692307692312,-5.230769230769228,2.9230769230769393,hold_expired,,8.1429187023934,8.1429187023934,True
300722,2024-08-13,2024-08-14,21.29,2024-08-21,20.0126,5,-6.000000000000005,-6.210000000000005,-6.059182714889633,3.757632691404411,stop_loss,,3.6379578177514005,3.6379578177514,True
301314,2024-08-19,2024-08-20,32.4,2024-08-23,30.455999999999996,3,-6.000000000000005,-6.210000000000005,-7.314814814814796,3.5493827160493874,stop_loss,,1.3412024456522,1.3412024456522,True
300333,2024-08-23,2024-08-26,4.98,2024-08-30,5.976,4,19.999999999999996,19.789999999999996,-3.413654618473927,25.502008032128497,take_profit,,3.3372347958454,3.3372347958454,True
300417,2024-08-26,2024-08-27,8.36,2024-09-09,8.29,9,-0.837320574162681,-1.047320574162681,-3.588516746411463,7.416267942583743,hold_expired,,3.718582325483,3.718582325483,True
300827,2024-08-29,2024-08-30,35.98,2024-09-04,33.82119999999999,3,-6.000000000000016,-6.210000000000016,-6.614785992217886,3.251806559199566,stop_loss,,4.6769082973332,4.6769082973332,True
300925,2024-08-29,2024-08-30,10.08,2024-09-10,12.095999999999998,7,19.999999999999996,19.789999999999996,-0.1984126984126977,21.52777777777779,take_profit,,2.9290231922465,2.9290231922465004,True
300094,2024-08-30,2024-09-02,2.9,2024-09-13,2.75,9,-5.1724137931034475,-5.3824137931034475,-5.862068965517242,0.6896551724137945,hold_expired,,2.4577718704829,2.4577718704829,True
300465,2024-08-30,2024-09-02,7.76,2024-09-09,7.294399999999999,5,-6.000000000000005,-6.210000000000005,-7.474226804123707,5.283505154639179,stop_loss,,3.2288660349854,3.2288660349854,True
300973,2024-09-10,2024-09-11,24.9,2024-09-26,29.88,9,19.999999999999996,19.789999999999996,-5.783132530120472,21.927710843373504,take_profit,,1.0332862716067,1.0332862716067,True
300260,2024-09-18,2024-09-19,17.95,2024-09-30,21.7,7,20.891364902506957,20.681364902506957,-4.456824512534818,35.54317548746519,take_profit,,5.6313444840676,5.6313444840676,True
301021,2024-09-18,2024-09-19,17.49,2024-09-30,20.987999999999996,7,19.999999999999996,19.789999999999996,-5.6032018296169,27.101200686106374,take_profit,,1.0090433120676,1.0090433120676,True
300583,2024-09-19,2024-09-20,14.3,2024-09-27,17.16,5,19.999999999999996,19.789999999999996,-1.2587412587412583,20.069930069930074,take_profit,,1.6761203554779,1.6761203554779,True
301153,2024-09-19,2024-09-20,21.18,2024-09-27,25.416,5,19.999999999999996,19.789999999999996,-3.021718602455159,30.311614730878176,take_profit,,3.3810269367995,3.3810269367995,True
301382,2024-09-23,2024-09-24,21.72,2024-09-30,26.7,4,22.928176795580125,22.718176795580124,-2.6243093922651894,40.285451197053426,take_profit,,1.3076947856229,1.3076947856229,True
300308,2024-09-24,2024-09-25,125.69,2024-09-30,150.82799999999997,3,19.999999999999996,19.789999999999996,-3.2460816294056727,23.717081708966514,take_profit,,6.5611659809951,6.5611659809951,True
300502,2024-09-24,2024-09-25,107.91,2024-09-30,129.492,3,19.999999999999996,19.789999999999996,-3.669724770642202,20.47076267259753,take_profit,,8.498440268563101,8.498440268563101,True
300327,2024-10-18,2024-10-21,26.67,2024-10-30,25.069799999999994,7,-6.000000000000005,-6.210000000000005,-7.011623547056589,6.824146981627299,stop_loss,,3.1044954410867995,3.1044954410868,True
301095,2024-10-18,2024-10-21,51.8,2024-11-01,57.3,9,10.617760617760608,10.407760617760607,-3.976833976833971,19.034749034749044,hold_expired,,1.0131427485265,1.0131427485265,True
301539,2024-10-24,2024-10-25,21.11,2024-10-29,19.843399999999995,2,-6.000000000000005,-6.210000000000005,-6.347702510658449,0.8053055423969724,stop_loss,,1.0082918739635,1.0082918739635,True
300622,2024-10-25,2024-10-28,28.1,2024-11-05,33.72,6,19.999999999999996,19.789999999999996,-3.523131672597868,28.327402135231328,take_profit,,2.3059910182646,2.3059910182646,True
301209,2024-10-25,2024-10-28,28.48,2024-10-29,26.771199999999997,1,-6.000000000000005,-6.210000000000005,-6.60112359550562,0.3511235955056202,stop_loss,,1.0160031152615,1.0160031152615,True
300901,2024-10-31,2024-11-01,10.8,2024-11-07,12.959999999999999,4,19.999999999999996,19.789999999999996,-5.648148148148158,23.796296296296294,take_profit,,1.0383803423321,1.0383803423321,True
301191,2024-10-31,2024-11-01,90.87,2024-11-04,85.4178,1,-6.000000000000005,-6.210000000000005,-7.560250907890409,0.14306151645206988,stop_loss,,1.3299008517845,1.3299008517845,True
300937,2024-11-01,2024-11-04,25.29,2024-11-12,30.347999999999995,6,19.999999999999996,19.789999999999996,-3.5982601818900672,29.26057730328193,take_profit,,1.0197818307329,1.0197818307329,True
301055,2024-11-01,2024-11-04,14.9,2024-11-05,14.006,1,-6.000000000000005,-6.210000000000005,-7.046979865771819,0.6711409395973256,stop_loss,,1.0540066239526,1.0540066239526,True
300457,2024-11-05,2024-11-06,25.5,2024-11-15,23.969999999999995,7,-6.000000000000016,-6.210000000000016,-7.137254901960787,8.11764705882354,stop_loss,,5.8466406642243,5.8466406642243,True
301050,2024-11-08,2024-11-11,63.53,2024-11-13,59.718199999999996,2,-6.000000000000005,-6.210000000000005,-7.004564772548405,2.927750668975304,stop_loss,,2.5529885286756,2.5529885286756,True
301391,2024-11-08,2024-11-11,43.48,2024-11-18,40.871199999999995,5,-6.000000000000005,-6.210000000000005,-8.46366145354186,11.08555657773691,stop_loss,,1.4208888867357,1.4208888867357,True
300969,2024-11-11,2024-11-12,90.55,2024-11-13,84.47,1,-6.714522363335174,-6.924522363335174,-9.817780231916073,0.4969630038652806,stop_loss,,1.0165204813675,1.0165204813675,True
301413,2024-11-11,2024-11-12,52.0,2024-11-13,48.879999999999995,1,-6.000000000000005,-6.210000000000005,-8.442307692307693,1.846153846153853,stop_loss,,1.3063725490196,1.3063725490196,True
300876,2024-11-13,2024-11-14,24.85,2024-11-18,23.358999999999998,2,-6.000000000000005,-6.210000000000005,-7.323943661971821,4.1448692152917355,stop_loss,,1.0392677941074,1.0392677941074,True
300833,2024-11-19,2024-11-20,43.4,2024-12-03,45.09,9,3.8940092165898443,3.6840092165898444,-0.8986175115207495,19.792626728110598,hold_expired,,1.6037048554361,1.6037048554360998,True
301525,2024-11-25,2024-11-26,60.0,2024-12-09,66.27,9,10.450000000000003,10.240000000000002,-3.9999999999999925,11.93333333333333,hold_expired,,1.010570064576,1.010570064576,True
300720,2024-11-28,2024-11-29,19.02,2024-12-11,22.823999999999998,8,19.999999999999996,19.789999999999996,-3.259726603575197,25.446898002103048,take_profit,,2.9493314273834,2.9493314273834,True
300278,2024-11-29,2024-12-02,6.67,2024-12-10,8.004,6,19.999999999999996,19.789999999999996,-1.1994002998500841,26.236881559220393,take_profit,,4.0596771467121,4.0596771467121,True
300433,2024-12-02,2024-12-03,21.71,2024-12-16,21.99,9,1.2897282358360185,1.0797282358360185,-3.454629203132198,5.43528327959466,hold_expired,,5.9385652027931,5.9385652027931,True
300559,2024-12-05,2024-12-06,13.58,2024-12-16,12.765199999999998,6,-6.000000000000005,-6.210000000000005,-6.259204712812949,3.8291605301914444,stop_loss,,5.8025177814856,5.8025177814856,True
301233,2024-12-05,2024-12-06,50.55,2024-12-17,47.517,7,-5.999999999999995,-6.209999999999995,-8.01186943620178,7.794263105835819,stop_loss,,1.0299797242036,1.0299797242036,True
300403,2024-12-09,2024-12-10,12.0,2024-12-11,14.400000000000002,1,19.999999999999996,19.789999999999996,-3.1666666666666843,22.999999999999975,take_profit,,6.0669290814612005,6.0669290814612,True
300287,2024-12-10,2024-12-11,6.2,2024-12-12,5.73,1,-7.580645161290334,-7.790645161290334,-7.90322580645163,4.8387096774193505,stop_loss,,12.387421919908702,12.3874219199087,True
300894,2024-12-10,2024-12-11,16.4,2024-12-17,15.415999999999997,4,-6.000000000000005,-6.210000000000005,-8.597560975609742,5.792682926829307,stop_loss,,1.0923117078464,1.0923117078464,True
300913,2024-12-11,2024-12-12,37.88,2024-12-19,45.456,5,19.999999999999996,19.789999999999996,-2.9039070749735996,25.923970432946142,take_profit,,2.132303042515,2.132303042515,True
300582,2024-12-13,2024-12-16,15.2,2024-12-17,14.287999999999997,1,-6.000000000000016,-6.210000000000016,-8.552631578947356,9.736842105263177,stop_loss,,2.3290793451844,2.3290793451844,True
301110,2024-12-13,2024-12-16,50.1,2024-12-17,47.09399999999999,1,-6.000000000000005,-6.210000000000005,-10.219560878243506,7.784431137724557,stop_loss,,1.4692494422207998,1.4692494422208,True
300488,2024-12-16,2024-12-17,27.94,2024-12-18,26.263599999999997,1,-6.000000000000016,-6.210000000000016,-8.017179670722985,0.9305654974946176,stop_loss,,2.78337757087,2.78337757087,True
300563,2024-12-16,2024-12-17,56.78,2024-12-18,53.3732,1,-6.000000000000005,-6.210000000000005,-8.101444170482564,4.226840436773505,stop_loss,,1.9961882652365,1.9961882652365,True
301600,2024-12-18,2024-12-19,139.83,2024-12-20,167.79600000000002,1,19.999999999999996,19.789999999999996,-1.301580490595744,24.200815275691888,take_profit,,1.0,1.0,True
301018,2024-12-19,2024-12-20,33.16,2024-12-24,31.170399999999997,2,-5.999999999999995,-6.209999999999995,-7.328106151990332,9.318455971049477,stop_loss,,1.0270608422498,1.0270608422498,True
300441,2024-12-20,2024-12-23,9.68,2024-12-30,9.0992,5,-6.000000000000005,-6.210000000000005,-6.198347107438018,8.4710743801653,stop_loss,,7.16606271252,7.16606271252,True
300570,2024-12-26,2024-12-27,76.2,2025-01-02,71.628,3,-6.000000000000005,-6.210000000000005,-7.099737532808392,11.535433070866151,stop_loss,,2.0315670522345,2.0315670522345,True
300436,2024-12-30,2024-12-31,33.6,2025-01-02,31.584,1,-6.000000000000016,-6.210000000000016,-9.04761904761906,4.999999999999982,stop_loss,,2.0268310079322,2.0268310079322,True
301600,2024-12-30,2024-12-31,201.0,2025-01-02,188.94,1,-6.000000000000005,-6.210000000000005,-11.049751243781103,2.0895522388059584,stop_loss,,1.0,1.0,True
301088,2025-01-02,2025-01-03,14.95,2025-01-06,14.052999999999997,1,-6.000000000000005,-6.210000000000005,-11.83946488294313,2.2742474916388034,stop_loss,,1.0773118418388,1.0773118418388,True
301061,2025-01-07,2025-01-08,65.34,2025-01-21,74.6,9,14.172023262932342,13.962023262932341,-3.458830731558016,17.493112947658386,hold_expired,,2.2581938752212,2.2581938752212,True
301203,2025-01-10,2025-01-13,32.5,2025-01-24,31.63,9,-0.23161963665021545,-0.4416196366502154,-3.200000000000003,5.292307692307685,hold_expired,,1.0922012544755,1.1196434970502,True
300377,2025-01-13,2025-01-14,26.92,2025-01-27,25.3048,9,-5.999999999999995,-6.209999999999995,-7.838038632986633,18.127786032689453,stop_loss,,10.976483787382898,10.976483787382898,True
300426,2025-01-14,2025-01-15,10.7,2025-01-16,10.057999999999998,1,-6.000000000000005,-6.210000000000005,-7.00934579439253,0.9345794392523477,stop_loss,,5.0377386181114,5.0377386181114,True
301210,2025-01-14,2025-01-15,33.5,2025-01-21,40.2,4,19.999999999999996,19.789999999999996,-0.8955223880597107,20.86567164179105,take_profit,,1.0137482658437,1.0137482658437,True
300852,2025-01-17,2025-01-20,29.18,2025-02-06,35.016,7,19.999999999999996,19.789999999999996,-2.947224126113779,25.771076079506507,take_profit,,2.6007887523875,2.6007887523875,True
301323,2025-01-17,2025-01-20,40.36,2025-02-10,40.34,9,-0.049554013875119374,-0.25955401387511934,-2.87413280475719,6.491575817641215,hold_expired,,1.0124801500602,1.0124801500602,True
301328,2025-01-20,2025-01-21,42.41,2025-02-11,45.72,9,7.8047630275878355,7.5947630275878355,-2.004244282008938,9.643951898137226,hold_expired,,1.5296022785851,1.5296022785851,True
301591,2025-01-20,2025-01-21,36.61,2025-02-11,38.8,9,5.981972138759883,5.7719721387598835,-1.1745424747336752,17.39961759082216,hold_expired,,1.0063647640157,1.0063647640157,True
300248,2025-01-23,2025-01-24,10.43,2025-02-14,12.21,9,17.06615532118889,16.85615532118889,-0.09587727708533222,19.84659635666346,hold_expired,,10.3802992976284,10.3802992976284,True
301323,2025-01-23,2025-01-24,41.75,2025-02-14,40.96,9,-1.8922155688622655,-2.1022155688622655,-5.149700598802398,2.4431137724550966,hold_expired,,1.0124801500602,1.0124801500602,True
300556,2025-01-24,2025-01-27,19.64,2025-02-11,23.567999999999998,5,19.999999999999996,19.789999999999996,-4.6843177189409335,26.221995926680243,take_profit,,1.0303515569329,1.0303515569329,True
301525,2025-01-24,2025-01-27,63.46,2025-02-17,64.82,9,2.1430822565395413,1.9330822565395414,-3.088559722659945,5.042546485975397,hold_expired,,1.010570064576,1.010570064576,True
300102,2025-02-06,2025-02-07,11.44,2025-02-12,10.753599999999999,3,-6.000000000000005,-6.210000000000005,-6.2937062937062915,3.9335664335664378,stop_loss,,5.4343765279371,5.4343765279371,True
300916,2025-02-06,2025-02-07,31.34,2025-02-20,32.75,9,4.499042756860239,4.289042756860239,-3.6056158264199056,5.934907466496497,hold_expired,,3.4726383696349,3.4726383696349,True
300154,2025-02-12,2025-02-13,10.68,2025-02-17,10.0392,2,-6.000000000000005,-6.210000000000005,-7.677902621722854,1.1235955056179803,stop_loss,,5.5815322354262,5.5815322354262,True
300661,2025-02-12,2025-02-13,98.34,2025-02-19,92.36,4,-6.080943664836291,-6.290943664836291,-6.263982102908283,1.0880618263168662,stop_loss,,7.533417824954001,7.533417824954,True
300206,2025-02-14,2025-02-17,14.2,2025-02-18,13.347999999999999,1,-6.000000000000005,-6.210000000000005,-7.535211267605623,5.1408450704225395,stop_loss,,6.9656809300593,6.9656809300593,True
301060,2025-02-14,2025-02-17,11.75,2025-02-19,11.045,2,-6.000000000000005,-6.210000000000005,-8.000000000000007,7.744680851063834,stop_loss,,1.026368441084,1.026368441084,True
300115,2025-02-17,2025-02-18,23.75,2025-02-21,28.499999999999996,3,19.999999999999996,19.789999999999996,-3.2421052631578906,30.526315789473692,take_profit,,12.2653746801733,12.265374680173302,True
300918,2025-02-17,2025-02-18,13.9,2025-02-20,16.68,2,19.999999999999996,19.789999999999996,-1.7985611510791477,21.438848920863297,take_profit,,1.0486754832576,1.0486754832576,True
300583,2025-02-19,2025-02-20,24.12,2025-03-05,26.65,9,10.4892205638474,10.2792205638474,-4.187396351575467,12.562189054726346,hold_expired,,1.6761203554779,1.6761203554779,True
300986,2025-02-19,2025-02-20,15.9,2025-03-05,14.8,9,-6.91823899371069,-7.12823899371069,-8.805031446540879,13.1446540880503,stop_loss,,2.1531227794042,2.1531227794042,True
300823,2025-02-24,2025-02-25,15.88,2025-02-28,14.9272,3,-6.000000000000005,-6.210000000000005,-6.486146095717893,4.47103274559193,stop_loss,,1.5622679004632,1.5622679004632,True
300402,2025-02-25,2025-02-26,15.81,2025-02-28,14.8614,2,-6.000000000000005,-6.210000000000005,-6.388361796331443,0.0,stop_loss,,1.0602202756279,1.0602202756279,True
300258,2025-02-26,2025-02-27,14.25,2025-02-28,13.394999999999998,1,-6.000000000000005,-6.210000000000005,-13.122807017543858,1.263157894736855,stop_loss,,4.6299511574318,4.6299511574318,True
300894,2025-02-26,2025-02-27,15.94,2025-03-03,14.9836,2,-6.000000000000005,-6.210000000000005,-6.336260978669994,7.465495608532002,stop_loss,,1.0923117078464,1.0923117078464,True
300857,2025-03-05,2025-03-06,130.0,2025-03-07,120.36,1,-7.415384615384624,-7.625384615384624,-10.08461538461538,2.3076923076922995,stop_loss,,1.009474747791,1.009474747791,True
300617,2025-03-06,2025-03-07,35.03,2025-03-18,32.9282,7,-6.000000000000005,-6.210000000000005,-7.993148729660304,2.6263202968883848,stop_loss,,2.1160007594183,2.1160007594183,True
301336,2025-03-06,2025-03-07,86.6,2025-03-10,81.40399999999998,1,-6.000000000000005,-6.210000000000005,-6.581986143187057,4.849884526558901,stop_loss,,1.0106517157545,1.0106517157545,True
300022,2025-03-10,2025-03-11,7.15,2025-03-18,6.721,5,-6.000000000000005,-6.210000000000005,-7.692307692307699,1.958041958041945,stop_loss,,4.0551764810634,4.0551764810634,True
301611,2025-03-10,2025-03-11,63.0,2025-03-13,59.22,2,-6.000000000000005,-6.210000000000005,-6.269841269841281,2.15873015873016,stop_loss,,1.001497005988,1.001497005988,True
300296,2025-03-11,2025-03-12,7.8,2025-03-24,7.332,8,-5.999999999999995,-6.209999999999995,-6.41025641025641,6.794871794871793,stop_loss,,19.4357555289235,19.4357555289235,True
300609,2025-03-12,2025-03-13,28.32,2025-03-26,29.17,9,3.001412429378547,2.791412429378547,-5.190677966101687,6.850282485875714,hold_expired,,1.0533327979466,1.0533327979466,True
301003,2025-03-12,2025-03-13,29.31,2025-03-24,27.551399999999994,7,-6.000000000000005,-6.210000000000005,-6.10713067212555,5.697714090754014,stop_loss,,1.882854371483,1.882854371483,True
300973,2025-03-14,2025-03-17,45.5,2025-03-21,42.769999999999996,4,-6.000000000000005,-6.210000000000005,-6.6813186813186825,0.7692307692307665,stop_loss,,1.0384960778178,1.0384960778178,True
301008,2025-03-14,2025-03-17,25.05,2025-03-24,23.546999999999997,5,-6.000000000000005,-6.210000000000005,-6.227544910179638,16.80638722554888,stop_loss,,1.7657002921599,1.7657002921599003,True
300798,2025-03-17,2025-03-18,7.94,2025-03-19,9.528,1,19.999999999999996,19.789999999999996,-0.7556675062972307,20.906801007556663,take_profit,,1.015833292112,1.015833292112,True
300956,2025-03-17,2025-03-18,25.16,2025-03-31,25.65,9,1.9475357710651675,1.7375357710651675,-3.8950715421303683,10.81081081081081,hold_expired,,1.2231298609431,1.2231298609431,True
301268,2025-03-19,2025-03-20,22.1,2025-03-21,20.773999999999997,1,-6.000000000000005,-6.210000000000005,-7.918552036199089,5.022624434389145,stop_loss,,1.024696491471,1.024696491471,True
300256,2025-03-20,2025-03-21,5.41,2025-03-24,5.0854,1,-6.000000000000005,-6.210000000000005,-7.578558225508325,1.109057301293892,stop_loss,,4.5976554632453,4.5976554632453,True
300766,2025-03-20,2025-03-21,49.39,2025-03-24,46.42659999999999,1,-6.000000000000016,-6.210000000000016,-9.21239117230208,6.29682121887023,stop_loss,,1.0125727695221,1.0125727695221,True
300583,2025-03-21,2025-03-24,26.34,2025-03-25,24.759600000000002,1,-6.000000000000016,-6.210000000000016,-6.605922551252852,0.5694760820045497,stop_loss,,1.6761203554779,1.6761203554778998,True
300778,2025-03-21,2025-03-24,11.71,2025-03-25,11.0074,1,-6.000000000000005,-6.210000000000005,-7.173356105892403,1.0247651579846195,stop_loss,,2.2789075107364,2.2789075107364,True
300040,2025-03-24,2025-03-25,7.33,2025-03-26,6.890199999999998,1,-6.000000000000005,-6.210000000000005,-7.094133697135052,10.504774897680758,stop_loss,,6.2849393833048,6.284939383304801,True
300871,2025-03-25,2025-03-26,16.83,2025-03-27,20.195999999999994,1,19.999999999999996,19.789999999999996,-3.3868092691621943,24.777183600713037,take_profit,,1.5988419146835,1.5988419146835002,True
300779,2025-03-26,2025-03-27,151.72,2025-03-28,142.61679999999998,1,-6.000000000000005,-6.210000000000005,-8.673872923807014,1.7730029000790903,stop_loss,,1.4292546529545,1.4292546529545,True
300193,2025-03-31,2025-04-01,11.36,2025-04-08,8.96,4,-21.126760563380266,-21.336760563380267,-25.440140845070413,0.7042253521126751,stop_loss,,3.1129707705287,3.1129707705287,True
300144,2025-04-17,2025-04-18,10.1,2025-04-25,9.493999999999998,5,-5.999999999999995,-6.209999999999995,-7.128712871287091,0.8910891089108919,stop_loss,,15.485997037824996,15.485997037824998,True
301092,2025-04-17,2025-04-18,29.98,2025-04-21,28.1812,1,-5.999999999999995,-6.209999999999995,-6.104069379586397,1.0340226817878495,stop_loss,,1.0190606755536,1.0190606755536,True
300252,2025-04-18,2025-04-21,9.8,2025-04-28,9.212,5,-6.000000000000005,-6.210000000000005,-6.530612244897959,3.469387755102038,stop_loss,,4.9747879069377,4.9747879069377,True
300492,2025-04-18,2025-04-21,90.0,2025-05-07,96.22,9,6.911111111111112,6.701111111111112,-0.7111111111111068,9.866666666666667,hold_expired,,1.7650987948409003,1.7650987948409003,True
300652,2025-04-21,2025-04-22,50.3,2025-04-25,60.35999999999999,3,19.999999999999996,19.789999999999996,-2.1272365805169002,21.252485089463224,take_profit,,1.1140433343212,1.1140433343212,True
300984,2025-04-21,2025-04-22,62.03,2025-04-30,74.43599999999999,6,19.999999999999996,19.789999999999996,-1.4831533129131103,20.18378204094793,take_profit,,1.6714197241346,1.6714197241346,True
300004,2025-04-24,2025-04-25,7.81,2025-04-29,7.3414,2,-6.000000000000005,-6.210000000000005,-6.402048655569792,8.834827144686308,stop_loss,,4.0759311906073,4.0759311906073,True
300858,2025-04-24,2025-04-25,15.4,2025-04-28,14.475999999999997,1,-6.000000000000016,-6.210000000000016,-7.402597402597411,1.9480519480519431,stop_loss,,2.8524755393864,2.8524755393864,True
300986,2025-04-25,2025-04-28,19.6,2025-05-14,20.26,9,3.367346938775495,3.157346938775495,-1.5306122448979775,13.16326530612244,hold_expired,,2.1531227794042,2.1531227794042,True
300945,2025-04-28,2025-04-29,14.21,2025-05-15,15.2,9,6.966924700914845,6.756924700914845,-1.9704433497536922,10.837438423645306,hold_expired,,1.033562312694,1.033562312694,True
301196,2025-04-29,2025-04-30,70.37,2025-05-06,66.14779999999999,1,-6.000000000000016,-6.210000000000016,-6.494244706551089,0.7815830609634977,stop_loss,,1.0865483485388,1.0865483485388,True
301413,2025-04-29,2025-04-30,94.72,2025-05-14,89.0368,7,-6.000000000000005,-6.210000000000005,-6.165540540540548,3.9168074324324342,stop_loss,,1.3063725490196,1.3063725490196,True
300322,2025-05-09,2025-05-12,15.2,2025-05-23,14.287999999999998,9,-6.000000000000005,-6.210000000000005,-8.486842105263149,6.184210526315814,stop_loss,,4.438994375543,4.438994375543,True
300740,2025-05-09,2025-05-12,13.45,2025-05-23,13.53,9,0.5947955390334547,0.38479553903345476,-2.899628252788089,14.349442379182165,hold_expired,,2.6028950404548,2.6028950404548,True
301004,2025-05-12,2025-05-13,74.81,2025-05-26,72.29,9,-3.3685336185002024,-3.5785336185002024,-5.079534821547926,6.509824889720628,hold_expired,,1.5610065558278,1.5610065558278,True
301151,2025-05-12,2025-05-13,16.31,2025-05-26,16.24,9,-0.42918454935620964,-0.6391845493562096,-3.004291845493545,2.023298589822198,hold_expired,,1.0673462555108,1.0673462555108,True
300758,2025-05-13,2025-05-14,17.56,2025-05-16,16.5064,2,-6.000000000000005,-6.210000000000005,-7.630979498861046,5.751708428246016,stop_loss,,3.3105586668896,3.3105586668896,True
301258,2025-05-13,2025-05-14,29.3,2025-05-21,35.16,5,19.999999999999996,19.789999999999996,-2.662116040955631,20.955631399317397,take_profit,,1.0476270187946,1.0476270187946,True
300119,2025-05-15,2025-05-16,23.12,2025-05-20,27.744,2,19.999999999999996,19.789999999999996,-1.5138408304498308,24.99999999999998,take_profit,,6.26991210455,6.26991210455,True
301448,2025-05-15,2025-05-16,23.66,2025-05-29,25.36,9,8.081890527492131,7.871890527492131,-0.46491969568890346,11.36939983093832,hold_expired,,1.3265534888402,1.3376521435277,True
300420,2025-05-16,2025-05-19,3.7,2025-05-30,3.4779999999999993,9,-6.000000000000016,-6.210000000000016,-11.891891891891893,3.513513513513522,stop_loss,,9.4067894985825,9.4067894985825,True
300945,2025-05-16,2025-05-19,16.5,2025-05-20,19.8,1,19.999999999999996,19.789999999999996,-2.3636363636363678,22.18181818181817,take_profit,,1.033562312694,1.033562312694,True
300867,2025-05-19,2025-05-20,19.49,2025-05-22,18.3206,2,-5.999999999999995,-6.209999999999995,-6.362237044638275,3.642893791688051,stop_loss,,1.0218676984052,1.0218676984052,True
301263,2025-05-20,2025-05-21,24.06,2025-05-30,28.654786756462013,7,19.999999999999996,19.789999999999996,0.0,23.53956880177046,take_profit,,1.9007019336462003,1.9151099149554,True
300960,2025-05-21,2025-05-22,22.56,2025-06-05,21.69,9,-3.856382978723405,-4.066382978723405,-5.363475177304977,15.24822695035457,hold_expired,,1.5665739639943002,1.5665739639943,True
301378,2025-05-29,2025-05-30,27.35,2025-06-13,25.94,9,-5.155393053016455,-5.365393053016455,-5.630712979890317,0.1828153564899404,hold_expired,,2.155830244694,2.155830244694,True
301078,2025-05-30,2025-06-03,14.3,2025-06-09,13.442,4,-6.000000000000005,-6.210000000000005,-9.090909090909093,13.286713286713292,stop_loss,,1.0174753038827,1.0174753038827,True
