signal_date,code,score,original_rank,baseline_selected,closed,event_cancelled,target_price,entry_day,entry_day_open,entry_day_high,entry_day_low,fill_kind,limit_only_touched,net_pct
2026-01-05,300838,88.5235,1.0,True,True,False,,2026-01-06,16.72,17.38,16.15,open,False,-6.210000000000005
2026-01-05,301257,79.4891,2.0,True,True,False,,2026-01-06,55.03,55.47,53.2,open,False,9.075844085044514
2026-01-06,300855,70.6355,1.0,True,True,False,,2026-01-07,33.61,34.9,32.8,open,False,8.656408806902725
2026-01-08,300699,79.5514,1.0,True,True,False,,2026-01-09,41.73,44.5,40.76,open,False,-2.390685358255441
2026-01-08,300751,69.6521,2.0,True,True,False,,2026-01-09,215.22,231.99,198.88,open,False,4.180855868413723
2026-01-09,300846,82.5815,1.0,True,True,False,,2026-01-12,25.28,26.62,24.24,open,False,-6.210000000000016
2026-01-09,301280,78.3104,2.0,True,True,False,,2026-01-12,57.3,60.0,55.08,open,False,2.72193717277489
2026-01-12,301002,79.8894,2.0,True,True,False,,2026-01-13,44.09,44.09,38.08,open,False,-12.97933545021547
2026-01-12,301662,83.5762,1.0,True,True,False,,2026-01-13,145.91,151.88,142.0,open,False,10.810492084161492
2026-01-13,300827,62.1534,1.0,True,True,False,,2026-01-14,41.0,42.9,39.33,open,False,2.7412195121951246
2026-01-14,300844,76.0205,1.0,True,True,False,,2026-01-15,41.71,43.88,40.0,open,False,11.082256053704164
2026-01-15,300236,82.2844,1.0,True,True,False,,2026-01-16,89.16,89.37,86.01,open,False,-6.210000000000005
2026-01-15,301083,75.5,2.0,True,True,False,,2026-01-16,21.8,22.59,21.1,open,False,-3.0999082568807244
2026-01-16,300611,67.7705,2.0,True,True,False,,2026-01-19,29.7,29.9,29.18,open,False,-2.7689225589225495
2026-01-16,300903,73.3802,1.0,True,True,False,,2026-01-19,23.05,23.88,22.36,open,False,-6.210000000000005
2026-01-19,300234,81.4952,1.0,True,True,False,,2026-01-20,6.15,6.26,6.02,open,False,1.4160162601626105
2026-01-19,300314,63.7467,2.0,True,True,False,,2026-01-20,14.35,14.53,13.95,open,False,-1.394668989547033
2026-01-21,300757,71.403,2.0,True,True,False,,2026-01-22,330.0,348.8,327.1,open,False,5.7081818181818
2026-01-21,300836,80.0309,1.0,True,True,False,,2026-01-22,68.22,69.03,64.03,open,False,-0.07807387862797202
2026-01-22,300072,59.0352,1.0,True,True,False,,2026-01-23,5.29,5.36,5.24,open,False,-3.612646502835527
2026-01-23,300389,48.6562,2.0,True,True,False,,2026-01-26,18.71,18.86,18.1,open,False,0.2710261892036483
2026-01-23,300433,60.1476,1.0,True,True,False,,2026-01-26,42.1,42.1,38.35,open,False,-8.642304038004758
2026-01-26,301281,59.4784,1.0,True,True,False,,2026-01-27,32.05,32.2,30.6,open,False,-2.0196723868954556
2026-01-26,301331,47.5859,2.0,True,True,False,,2026-01-27,30.85,30.85,28.81,open,False,-6.209999999999995
2026-01-27,300854,83.6949,1.0,True,True,False,,2026-01-28,21.33,22.1,20.84,open,False,2.8373511486169836
2026-01-27,301486,79.2504,2.0,True,True,False,,2026-01-28,174.58,178.5,160.5,open,False,-6.210000000000005
2026-01-28,300189,45.0616,1.0,True,True,False,,2026-01-29,7.14,7.8,7.14,open,False,13.655546218487412
2026-01-29,300654,62.6424,2.0,True,True,False,,2026-01-30,12.43,12.61,12.16,open,False,0.9967578439259874
2026-01-29,300737,87.5615,1.0,True,True,False,,2026-01-30,7.29,7.4,6.85,open,False,-6.210000000000005
2026-01-30,300614,70.6684,1.0,True,True,False,,2026-02-02,15.18,15.18,14.6,open,False,0.44876152832673455
2026-01-30,301062,61.4214,2.0,True,True,False,,2026-02-02,10.16,10.21,9.66,open,False,-6.210000000000005
2026-02-02,300617,37.1601,1.0,True,True,False,,2026-02-03,44.09,48.49,44.09,open,False,10.948992968927193
2026-02-03,300775,78.0932,1.0,True,True,False,,2026-02-04,43.36,47.8,43.36,open,False,3.111033210332103
2026-02-03,300943,64.782,2.0,True,True,False,,2026-02-04,30.67,35.88,30.67,open,False,10.451884577763291
2026-02-06,300617,54.0338,1.0,True,True,False,,2026-02-09,49.58,50.7,48.08,open,False,-6.210000000000005
2026-02-06,301292,49.7097,2.0,True,True,False,,2026-02-09,58.31,58.5,55.3,open,False,-6.210000000000005
2026-02-09,300179,62.2375,2.0,True,True,False,,2026-02-10,20.92,21.22,20.44,open,False,-6.210000000000005
2026-02-09,300620,73.8675,1.0,True,True,False,,2026-02-10,185.51,186.96,177.97,open,False,-6.210000000000005
2026-02-10,300877,73.0073,1.0,True,True,False,,2026-02-11,32.64,33.41,32.04,open,False,1.4750490196078427
2026-02-12,300570,78.4033,2.0,True,True,False,,2026-02-13,153.33,155.96,141.98,open,False,-6.210000000000005
2026-02-12,301120,79.6972,1.0,True,True,False,,2026-02-13,21.81,22.68,21.38,open,False,8.868404401650618
2026-02-13,300424,53.1148,1.0,True,True,False,,2026-02-24,19.39,19.87,19.19,open,False,1.4919082001031416
2026-02-24,300483,78.0519,1.0,True,True,False,,2026-02-25,17.88,18.18,17.5,open,False,16.45666666666665
2026-02-24,300875,77.0626,2.0,True,True,False,,2026-02-25,46.71,47.06,45.5,open,False,14.369319203596651
2026-02-26,301252,84.7566,1.0,True,True,False,,2026-02-27,40.9,41.99,40.5,open,False,-6.210000000000005
2026-03-02,300875,90.5209,1.0,True,True,False,,2026-03-03,52.0,57.22,49.8,open,False,-1.690769230769241
2026-03-10,300499,74.0388,1.0,True,True,False,,2026-03-11,41.29,43.5,40.97,open,False,-6.210000000000005
2026-03-10,300782,70.281,2.0,True,True,False,,2026-03-11,84.51,84.89,83.01,open,False,-6.210000000000005
2026-03-13,300387,47.0345,1.0,True,True,False,,2026-03-16,10.33,10.61,10.0,open,False,-6.209999999999995
2026-03-13,301092,36.8468,2.0,True,True,False,,2026-03-16,38.8,39.7,37.41,open,False,-6.209999999999995
2026-03-16,300939,69.3989,2.0,True,True,False,,2026-03-17,39.23,39.25,38.45,open,False,4.327343869487631
2026-03-16,301176,69.686,1.0,True,True,False,,2026-03-17,30.01,31.45,29.2,open,False,-6.210000000000005
2026-03-18,300389,75.328,1.0,True,True,False,,2026-03-19,19.67,22.0,19.5,open,False,4.772206405693934
2026-03-24,300531,62.6152,1.0,True,True,False,,2026-03-25,19.33,20.19,19.01,open,False,2.6353181583031784
2026-03-26,301306,75.7755,1.0,True,True,False,,2026-03-27,144.99,155.55,141.0,open,False,11.659784123042957
2026-03-30,300775,39.6635,2.0,True,True,False,,2026-03-31,35.55,38.75,35.3,open,False,-2.2915752461321945
2026-03-30,300961,42.7469,1.0,True,True,False,,2026-03-31,14.68,15.08,14.25,open,False,-6.210000000000005
2026-03-31,301128,72.142,1.0,True,True,False,,2026-04-01,150.99,159.88,147.72,open,False,-2.7267229617855557
2026-04-01,300158,61.2043,2.0,True,True,False,,2026-04-02,6.4,6.55,6.31,open,False,-6.210000000000005
2026-04-01,301396,64.4459,1.0,True,True,False,,2026-04-02,176.65,177.99,166.66,open,False,-6.4539852816303265
2026-04-07,300722,59.3918,2.0,True,True,False,,2026-04-08,30.01,30.49,30.01,open,False,2.322489170276575
2026-04-07,300936,79.0583,1.0,True,True,False,,2026-04-08,69.01,71.2,66.0,open,False,-6.411999710186945
2026-04-08,300857,66.4353,1.0,True,True,False,,2026-04-09,227.0,233.99,225.5,open,False,-6.210000000000016
2026-04-08,301489,65.3531,2.0,True,True,False,,2026-04-09,179.98,188.0,179.0,open,False,8.796556284031574
2026-04-13,300255,67.101,2.0,True,True,False,,2026-04-14,44.42,45.16,44.03,open,False,-1.8984286357496614
2026-04-13,300667,95.3792,1.0,True,True,False,,2026-04-14,18.5,18.97,18.16,open,False,-3.6694594594594685
2026-04-14,300632,81.1784,2.0,True,True,False,,2026-04-15,18.17,18.4,17.45,open,False,-6.210000000000005
2026-04-14,300911,89.0198,1.0,True,True,False,,2026-04-15,33.33,35.6,32.5,open,False,-2.100189018901889
2026-04-15,300256,49.1297,1.0,True,True,False,,2026-04-16,3.52,3.57,3.48,open,False,-1.062272727272707
2026-04-16,300478,65.6483,1.0,True,True,False,,2026-04-17,26.81,27.25,26.25,open,False,16.686680343155544
2026-04-16,300866,62.093,2.0,True,True,False,,2026-04-17,119.73,120.4,116.77,open,False,-1.2957763300760048
2026-04-17,300489,84.732,1.0,True,True,False,,2026-04-20,70.26,81.55,69.15,open,False,23.71541986905776
2026-04-17,301090,76.9479,2.0,True,True,False,,2026-04-20,8.7,9.33,8.51,open,False,-1.474367816091938
2026-04-20,300265,76.5992,1.0,True,True,False,,2026-04-21,21.0,21.12,20.32,open,False,-6.210000000000005
2026-04-21,300358,79.2843,1.0,True,True,False,,2026-04-22,10.99,11.37,10.68,open,False,-6.210000000000005
2026-04-21,300940,62.2242,2.0,True,True,False,,2026-04-22,24.07,24.14,23.61,open,False,-6.210000000000016
2026-04-22,300657,84.3175,1.0,True,True,False,,2026-04-23,37.0,37.79,35.66,open,False,-6.210000000000005
2026-04-22,300857,81.9696,2.0,True,True,False,,2026-04-23,259.01,268.0,253.8,open,False,0.5583101038570062
2026-04-24,301307,73.8639,1.0,True,True,False,,2026-04-27,47.02,47.67,45.46,open,False,-0.35887282007655097
2026-04-27,300816,42.4628,2.0,True,True,False,,2026-04-28,69.86,72.2,68.6,open,False,8.664892642427711
2026-04-27,300854,72.9709,1.0,True,True,False,,2026-04-28,33.65,34.35,31.09,open,False,-6.210000000000005
2026-04-28,300529,56.466,1.0,True,True,False,,2026-04-29,19.31,19.4,19.05,open,False,-1.0385862247540132
2026-04-29,301603,75.9576,1.0,True,True,False,,2026-04-30,111.63,115.0,106.51,open,False,19.56962913195379
2026-04-29,301638,51.208,2.0,True,True,False,,2026-04-30,28.99,29.2,28.43,open,False,3.5844118661607407
2026-04-30,300762,64.9806,1.0,True,True,False,,2026-05-06,43.14,45.99,43.0,open,False,11.426532220676865
2026-04-30,300870,64.4802,2.0,True,True,False,,2026-05-06,410.46,424.88,404.2,open,False,-6.210000000000005
2026-05-06,300133,77.921,1.0,True,True,False,,2026-05-07,9.3,9.65,9.1,open,False,-6.210000000000005
2026-05-06,300910,67.289,2.0,True,True,False,,2026-05-07,49.43,49.7,48.54,open,False,-4.7214303054825
2026-05-07,300709,46.2701,1.0,True,True,False,,2026-05-08,42.72,43.7,42.43,open,False,8.966029962546806
2026-05-07,301181,43.4536,2.0,True,True,False,,2026-05-08,47.16,49.41,47.16,open,False,7.08431721798135
2026-05-11,300725,48.4819,2.0,True,True,False,,2026-05-12,40.3,40.98,40.06,open,False,-6.210000000000005
2026-05-11,300748,66.6455,1.0,True,True,False,,2026-05-12,37.0,37.1,35.42,open,False,-6.210000000000005
2026-05-12,300243,60.6464,1.0,True,True,False,,2026-05-13,19.0,21.0,18.8,open,False,1.3689473684210576
2026-05-13,300571,78.1311,1.0,True,True,False,,2026-05-14,66.0,68.68,61.0,open,False,-6.210000000000016
2026-05-13,301178,75.3093,2.0,True,True,False,,2026-05-14,62.46,62.75,59.61,open,False,-6.210000000000005
2026-05-14,300721,57.3539,1.0,True,True,False,,2026-05-15,26.82,29.36,26.82,open,False,22.086793437733007
2026-05-14,300804,46.7526,2.0,True,True,False,,2026-05-15,51.3,53.26,49.76,open,False,-6.210000000000005
2026-05-15,300161,82.6808,1.0,True,True,False,,2026-05-18,40.31,40.95,37.49,open,False,-6.210000000000005
2026-05-15,301029,65.6459,2.0,True,True,False,,2026-05-18,30.59,31.26,30.27,open,False,-2.5964007845701196
2026-05-18,301302,80.7498,1.0,True,True,False,,2026-05-19,28.6,29.68,27.69,open,False,-2.412797202797224
2026-05-18,301682,68.179,2.0,True,True,False,,2026-05-19,153.02,160.5,151.0,open,False,10.657860410403861
2026-05-19,300349,87.2269,2.0,True,True,False,,2026-05-20,15.98,16.21,15.4,open,False,-6.210000000000016
2026-05-19,301179,91.207,1.0,True,True,False,,2026-05-20,26.92,27.55,26.06,open,False,-6.210000000000005
2026-05-20,300225,88.3679,1.0,True,True,False,,2026-05-21,8.09,8.3,8.06,open,False,-6.210000000000005
2026-05-22,300221,69.59,1.0,True,True,False,,2026-05-25,13.38,13.6,13.18,open,False,7.5627952167413905
2026-05-22,300868,46.8065,2.0,True,True,False,,2026-05-25,102.0,117.72,102.0,open,False,11.221372549019602
2026-05-27,300763,69.9514,1.0,True,True,False,,2026-05-28,119.92,121.8,116.6,open,False,-6.209999999999995
2026-05-28,300566,81.7926,1.0,True,True,False,,2026-05-29,25.08,25.5,23.28,open,False,-6.210000000000016
2026-05-28,301682,81.1087,2.0,True,True,False,,2026-05-29,187.68,192.5,167.68,open,False,-10.75987212276215
2026-06-02,300666,28.2599,1.0,True,True,False,,2026-06-03,209.16,214.44,204.27,open,False,-6.9799368904188155
2026-06-03,301281,71.8664,1.0,True,True,False,,2026-06-04,44.4,46.74,43.5,open,False,4.9927027027026885
2026-06-04,300001,52.8841,1.0,True,True,False,,2026-06-05,40.98,41.0,38.52,open,False,-6.209999999999995
2026-06-05,300835,77.5857,1.0,True,True,False,,2026-06-08,197.84,203.8,181.03,open,False,-6.210000000000005
2026-06-08,300120,89.0027,1.0,True,True,False,,2026-06-09,8.94,9.06,8.7,open,False,1.8034228187919323
2026-06-09,300666,58.148,2.0,True,True,False,,2026-06-10,224.85,249.88,220.0,open,False,30.365939515232384
2026-06-09,300821,61.7571,1.0,True,True,False,,2026-06-10,17.05,18.26,17.05,open,False,2.781202346041044
2026-06-10,301557,72.6915,1.0,True,True,False,,2026-06-11,90.53,93.99,83.0,open,False,-6.210000000000005
2026-06-12,300599,54.8134,2.0,True,True,False,,2026-06-15,13.84,13.95,12.75,open,False,-6.568381502890175
2026-06-12,301046,55.1566,1.0,True,True,False,,2026-06-15,28.58,30.4,28.18,open,False,0.20987403778864785
2026-06-15,300606,82.2127,1.0,True,True,False,,2026-06-16,43.81,45.45,43.4,open,False,11.22574526363842
2026-06-15,300671,71.8454,2.0,True,True,False,,2026-06-16,52.79,53.75,51.9,open,False,26.480661110058733
2026-06-18,300738,43.0327,2.0,True,True,False,,2026-06-22,21.09,22.3,20.95,open,False,-1.537643432906589
2026-06-18,301230,46.3719,1.0,True,True,False,,2026-06-22,34.0,35.32,33.03,open,False,7.7017647058823515
2026-06-22,300033,87.0814,2.0,True,True,False,,2026-06-23,244.91,258.36,242.42,open,False,-1.398191580580622
2026-06-22,300377,89.1418,1.0,True,True,False,,2026-06-23,17.28,19.72,17.28,open,False,-6.210000000000005
2026-06-23,301020,61.3655,1.0,True,True,False,,2026-06-24,26.24,26.99,24.82,open,False,-6.210000000000005
2026-06-23,301379,52.1863,2.0,True,True,False,,2026-06-24,25.69,26.83,25.5,open,False,-6.210000000000005
2026-06-24,301150,68.2223,1.0,True,True,False,,2026-06-25,66.67,72.24,66.33,open,False,-6.210000000000016
2026-06-24,301251,63.4003,2.0,True,True,False,,2026-06-25,55.9,57.07,54.06,open,False,-6.210000000000005
2026-06-25,301392,80.1124,1.0,True,True,False,,2026-06-26,248.1,253.35,234.31,open,False,14.58242241031844
2026-06-26,300668,68.8525,1.0,True,True,False,,2026-06-29,64.5,64.92,53.16,open,False,-8.597596899224804
2026-06-29,301161,55.1184,2.0,True,True,False,,2026-06-30,36.96,39.39,35.6,open,False,1.7380519480519432
2026-06-29,301328,79.3552,1.0,True,True,False,,2026-06-30,70.79,72.6,68.4,open,False,16.063484955502183
2026-06-30,300077,75.0297,1.0,True,True,False,,2026-07-01,31.88,33.51,30.32,open,False,-7.675495608531992
2026-07-01,300483,46.6739,1.0,True,True,False,,2026-07-02,19.9,20.3,19.4,open,False,-6.210000000000005
2026-07-06,301509,75.3195,1.0,True,True,False,,2026-07-07,31.29,32.05,30.23,open,False,-6.210000000000005
2026-07-07,300717,81.1689,1.0,True,True,False,,2026-07-08,23.63,24.69,22.3,open,False,-6.209999999999995
2026-07-10,300918,78.7186,1.0,True,True,False,,2026-07-13,11.92,11.92,10.83,open,False,-8.767046979865768
2026-07-10,301588,72.5924,2.0,True,True,False,,2026-07-13,52.0,54.0,44.34,open,False,-13.671538461538459
2026-07-13,300564,63.7395,1.0,True,True,False,,2026-07-14,13.09,13.24,12.43,open,False,-6.210000000000005
2026-07-15,300204,42.3917,2.0,True,True,False,,2026-07-16,25.94,29.98,25.88,open,False,-6.210000000000005
2026-07-15,300765,76.6648,1.0,True,True,False,,2026-07-16,40.08,42.77,39.0,open,False,-6.210000000000005
2026-07-27,301108,60.7743,1.0,True,True,False,,2026-07-28,34.78,35.15,31.01,open,False,-6.210000000000016
2026-07-31,300093,68.299,1.0,True,True,False,,2026-08-03,22.15,22.85,22.01,open,False,2.4536568848758424
2026-07-31,301428,41.4872,2.0,True,True,False,,2026-08-03,28.39,29.12,27.89,open,False,3.5941563930961475
2026-08-07,300143,63.305,2.0,True,True,False,,2026-08-10,7.68,7.87,7.65,open,False,2.9150000000000222
2026-08-07,301263,75.5972,1.0,True,True,False,,2026-08-10,21.48,22.58,21.48,open,False,-4.399944134078227
2026-08-10,300915,80.8681,2.0,True,True,False,,2026-08-11,20.74,21.2,20.68,open,False,-1.8011282545805094
2026-08-10,301449,85.8359,1.0,True,True,False,,2026-08-11,40.1,41.45,39.46,open,False,-2.8284538653366673
2026-08-11,301596,88.4665,1.0,True,True,False,,2026-08-12,54.0,59.5,53.03,open,False,-0.2285185185185177
2026-08-12,300063,84.958,1.0,True,True,False,,2026-08-13,10.19,10.75,9.76,open,False,-6.210000000000005
2026-08-12,300620,81.9586,2.0,True,True,False,,2026-08-13,318.5,330.89,312.22,open,False,1.4791679748822553
2026-08-14,301072,88.9377,1.0,True,True,False,,2026-08-17,39.18,40.0,37.06,open,False,8.365803981623275
2026-08-17,300689,80.915,2.0,True,True,False,,2026-08-18,56.37,58.5,56.37,open,False,-6.210000000000005
2026-08-17,301279,89.0321,1.0,True,True,False,,2026-08-18,21.73,21.99,20.83,open,False,-6.210000000000005
2026-08-19,301277,60.5857,1.0,True,True,False,,2026-08-20,11.8,11.98,11.09,open,False,-7.837118644067776
2026-08-20,300171,76.4518,1.0,True,True,False,,2026-08-21,14.26,14.88,14.09,open,False,4.558583450210362
2026-08-20,301122,73.6798,2.0,True,True,False,,2026-08-21,39.23,40.56,37.22,open,False,0.4017767015039633
2026-08-25,300856,53.1163,1.0,True,True,False,,2026-08-26,11.15,11.29,11.12,open,False,-3.169641255605383
2026-08-26,300757,40.5219,1.0,True,True,False,,2026-08-27,539.76,555.5,531.0,open,False,4.002983548243665
2026-08-27,300548,78.6553,1.0,True,True,False,,2026-08-28,218.16,221.65,212.0,open,False,-6.210000000000005
2026-08-27,301338,52.2602,2.0,True,True,False,,2026-08-28,103.73,103.87,98.81,open,False,-6.6979976863009725
2026-08-28,301156,56.7913,1.0,True,True,False,,2026-08-31,12.29,12.52,12.09,open,False,-3.1392107404393808
2026-08-31,300884,59.515,2.0,True,True,False,,2026-09-01,13.75,13.9,13.5,open,False,-6.210000000000005
2026-08-31,301025,59.6671,1.0,True,True,False,,2026-09-01,9.66,9.92,9.54,open,False,0.5146376811594235
2026-09-01,300399,85.7421,1.0,True,True,False,,2026-09-02,21.05,21.36,20.36,open,False,-4.152992874109263
2026-09-01,300468,76.1111,2.0,True,True,False,,2026-09-02,23.99,25.61,23.61,open,False,6.751233847436432
2026-09-02,301606,65.502,1.0,True,True,False,,2026-09-03,55.55,55.98,53.75,open,False,-1.9381728172817145
2026-09-03,300400,84.0567,1.0,True,True,False,,2026-09-04,33.66,34.54,32.45,open,False,5.731770647653
2026-09-03,301282,63.1098,2.0,True,True,False,,2026-09-04,40.6,41.67,39.05,open,False,5.405763546798047
2026-09-04,300674,66.789,1.0,True,True,False,,2026-09-07,18.22,18.29,17.52,open,False,-6.210000000000005
2026-09-04,301061,57.667,2.0,True,True,False,,2026-09-07,38.03,38.74,37.24,open,False,-6.209999999999995
2026-09-07,300650,62.8217,2.0,True,True,False,,2026-09-08,12.42,13.14,12.05,open,False,-1.1761835748792202
2026-09-07,301016,84.8306,1.0,True,True,False,,2026-09-08,14.89,15.55,14.5,open,False,5.364210879785091
2026-09-08,300611,70.6207,1.0,True,True,False,,2026-09-09,26.98,27.6,26.93,open,False,-1.6184507042253613
2026-09-08,300697,52.1281,2.0,True,True,False,,2026-09-09,16.44,17.85,16.19,open,False,-8.239197080291984
2026-09-09,300810,72.0154,1.0,True,True,False,,2026-09-10,27.5,28.95,27.08,open,False,-6.210000000000016
2026-09-11,301566,50.1937,1.0,True,True,False,,2026-09-14,25.26,26.66,24.84,open,False,2.5215914489311144
2026-09-14,300347,51.6768,2.0,True,True,False,,2026-09-15,56.0,56.49,55.32,open,False,2.2721428571428772
2026-09-14,301333,80.5727,1.0,True,True,False,,2026-09-15,62.98,63.52,61.46,open,False,1.9652937440457254
2026-09-16,300776,63.8436,2.0,True,True,False,,2026-09-17,117.2,122.68,116.31,open,False,5.609112627986334
2026-09-16,301085,84.2216,1.0,True,True,False,,2026-09-17,75.61,76.77,74.0,open,False,13.028989551646617
2026-09-18,301575,48.8,1.0,True,True,False,,2026-09-21,25.52,26.3,25.25,open,False,-3.5015360501567403
2026-09-22,300192,48.2986,1.0,True,True,False,,2026-09-23,20.1,23.3,19.58,open,False,19.242736318407957
2026-09-23,301608,83.2766,1.0,True,True,False,,2026-09-24,51.6,52.0,49.88,open,False,-3.0782170542636
