code,signal_date,entry_date,entry_price,exit_date,exit_price,hold_days,gross_return_pct,net_return_pct,mae_pct,mfe_pct,exit_reason,benchmark_return_pct,entry_factor,exit_factor
300838,2026-01-05,2026-01-06,16.72,2026-01-09,15.716799999999997,3,-6.000000000000005,-6.210000000000005,-6.100478468899507,3.9473684210526327,stop_loss,,1.0750147469316,1.0750147469316
301257,2026-01-05,2026-01-06,55.03,2026-01-09,60.14,3,9.285844085044515,9.075844085044514,-3.325458840632378,13.538070143558034,hold_expired,,1.321929908889,1.321929908889
300855,2026-01-06,2026-01-07,33.61,2026-01-12,36.59,3,8.866408806902726,8.656408806902725,-2.409997024695032,11.425171080035712,hold_expired,,2.0238492239497,2.0238492239497
300699,2026-01-08,2026-01-09,41.73,2026-01-14,40.82,3,-2.180685358255441,-2.390685358255441,-2.9235561945842314,13.10807572489816,hold_expired,,2.4519881313045,2.4519881313045
300751,2026-01-08,2026-01-09,215.22,2026-01-14,224.67,3,4.390855868413723,4.180855868413723,-7.592231205278321,11.45804293281294,hold_expired,,4.8334384671798,4.8334384671798
300846,2026-01-09,2026-01-12,25.28,2026-01-15,23.763199999999998,3,-6.000000000000016,-6.210000000000016,-6.091772151898745,6.170886075949378,stop_loss,,1.0015918497294,1.0015918497294
301280,2026-01-09,2026-01-12,57.3,2026-01-15,58.98,3,2.93193717277489,2.72193717277489,-3.8743455497382118,6.369982547993036,hold_expired,,2.2409713965371,2.2409713965371
301002,2026-01-12,2026-01-13,44.09,2026-01-14,38.46,1,-12.769335450215468,-12.97933545021547,-13.631208890904977,0.0,stop_loss,,1.36923881105,1.36923881105
301662,2026-01-12,2026-01-13,145.91,2026-01-16,161.99,3,11.020492084161493,10.810492084161492,-2.679734082653684,18.566239462682475,hold_expired,,1.0126566257436,1.0126566257436
300827,2026-01-13,2026-01-14,41.0,2026-01-19,42.21,3,2.9512195121951246,2.7412195121951246,-4.073170731707309,4.878048780487809,hold_expired,,6.558203540380001,6.558203540380001
300844,2026-01-14,2026-01-15,41.71,2026-01-20,46.42,3,11.292256053704165,11.082256053704164,-4.099736274274745,11.627906976744185,hold_expired,,2.24,2.24
300236,2026-01-15,2026-01-16,89.16,2026-01-19,83.81039999999999,1,-6.000000000000005,-6.210000000000005,-6.101390758187519,0.23553162853298115,stop_loss,,2.5931282130535,2.5931282130535
300331,2026-01-15,2026-01-16,46.45,2026-01-21,45.53,3,-1.9806243272335933,-2.1906243272335932,-3.509149623250818,14.854682454251877,hold_expired,,3.089266984622,3.089266984622
300611,2026-01-16,2026-01-19,29.7,2026-01-22,28.94,3,-2.5589225589225495,-2.7689225589225495,-3.3333333333333215,0.6734006734006703,hold_expired,,2.0974612489623,2.0974612489623
300903,2026-01-16,2026-01-19,23.05,2026-01-20,21.666999999999998,1,-6.000000000000005,-6.210000000000005,-6.464208242950109,3.6008676789587746,stop_loss,,1.8111830713526,1.8111830713526
300234,2026-01-19,2026-01-20,6.15,2026-01-23,6.25,3,1.6260162601626105,1.4160162601626105,-2.764227642276418,2.276422764227659,hold_expired,,6.3014011491785995,6.3014011491786
300314,2026-01-19,2026-01-20,14.35,2026-01-23,14.18,3,-1.184668989547033,-1.394668989547033,-4.529616724738672,1.2543554006968716,hold_expired,,3.9663617914402,3.9663617914402
300757,2026-01-21,2026-01-22,330.0,2026-01-27,349.53,3,5.9181818181818,5.7081818181818,-0.909090909090926,9.660606060606058,hold_expired,,1.8463786132187,1.8463786132187
300836,2026-01-21,2026-01-22,68.22,2026-01-27,68.31,3,0.13192612137202797,-0.07807387862797202,-6.141893872764581,5.071826443858107,hold_expired,,1.9209268633365,1.9209268633365
300072,2026-01-22,2026-01-23,5.29,2026-01-28,5.11,3,-3.402646502835527,-3.612646502835527,-5.482041587901698,5.860113421550084,hold_expired,,20.4388533483013,20.4388533483013
300389,2026-01-23,2026-01-26,18.71,2026-01-29,18.8,3,0.48102618920364826,0.2710261892036483,-4.54302512025656,4.061998931052901,hold_expired,,5.0055640647242,5.0055640647242
300433,2026-01-23,2026-01-26,42.1,2026-01-27,38.55,1,-8.432304038004757,-8.642304038004758,-8.90736342042755,0.0,stop_loss,,6.0681794702231,6.0681794702231
301281,2026-01-26,2026-01-27,32.05,2026-01-30,31.47,3,-1.8096723868954556,-2.0196723868954556,-5.741029641185635,5.553822152886134,hold_expired,,1.4393284397809,1.4393284397809
301331,2026-01-26,2026-01-27,30.85,2026-01-28,28.999000000000002,1,-5.999999999999995,-6.209999999999995,-8.719611021069696,0.0,stop_loss,,1.5820467016142,1.5820467016142
300854,2026-01-27,2026-01-28,21.33,2026-02-02,21.98,3,3.0473511486169835,2.8373511486169836,-2.297233942803556,9.939052977027663,hold_expired,,1.028428200335,1.028428200335
301486,2026-01-27,2026-01-28,174.58,2026-01-29,164.1052,1,-6.000000000000005,-6.210000000000005,-8.065070454805811,3.10459388246076,stop_loss,,1.0157355094415,1.0157355094415
300189,2026-01-28,2026-01-29,7.14,2026-02-03,8.13,3,13.865546218487413,13.655546218487412,0.0,28.851540616246506,hold_expired,,6.5219770954633,6.5219770954633
300654,2026-01-29,2026-01-30,12.43,2026-02-04,12.58,3,1.2067578439259874,0.9967578439259874,-2.1721641190667773,4.183427192276734,hold_expired,,3.4898170684944,3.4898170684944
300737,2026-01-29,2026-01-30,7.29,2026-02-02,6.852600000000001,1,-6.000000000000005,-6.210000000000005,-8.779149519890261,1.5089163237311354,stop_loss,,1.9962181391884,1.9962181391884
300614,2026-01-30,2026-02-02,15.18,2026-02-05,15.28,3,0.6587615283267345,0.44876152832673455,-3.820816864295129,3.0303030303030276,hold_expired,,1.0035292430736,1.0035292430736
301062,2026-01-30,2026-02-02,10.16,2026-02-03,9.5504,1,-6.000000000000005,-6.210000000000005,-6.594488188976378,0.49212598425198983,stop_loss,,1.0258598206523,1.0258598206523
300617,2026-02-02,2026-02-03,44.09,2026-02-06,49.01,3,11.158992968927194,10.948992968927193,-1.2928101610342413,15.967339532773872,hold_expired,,2.1343985080828,2.1343985080828
300775,2026-02-03,2026-02-04,43.36,2026-02-09,44.8,3,3.3210332103321027,3.111033210332103,-0.8302583025830201,13.676199261992616,hold_expired,,1.0289167578113,1.0289167578113
300943,2026-02-03,2026-02-04,30.67,2026-02-09,33.94,3,10.661884577763292,10.451884577763291,-0.2934463645255958,16.987283990870573,hold_expired,,1.5559795173954,1.5559795173954
300617,2026-02-06,2026-02-09,49.58,2026-02-11,46.60519999999999,2,-6.000000000000005,-6.210000000000005,-6.030657523194827,2.2589753933037526,stop_loss,,2.1343985080828,2.1343985080828
301292,2026-02-06,2026-02-09,58.31,2026-02-10,54.8114,1,-6.000000000000005,-6.210000000000005,-8.334762476419133,0.32584462356370913,stop_loss,,1.0,1.0
300179,2026-02-09,2026-02-10,20.92,2026-02-11,19.6648,1,-6.000000000000005,-6.210000000000005,-6.548757170172081,1.434034416825991,stop_loss,,7.1762513597537,7.176251359753701
300620,2026-02-09,2026-02-10,185.51,2026-02-13,174.37939999999998,3,-6.000000000000005,-6.210000000000005,-8.091208021130925,5.848741307746219,stop_loss,,2.3345615021431,2.3345615021431
300877,2026-02-10,2026-02-11,32.64,2026-02-24,33.19,3,1.6850490196078427,1.4750490196078427,-5.361519607843135,3.645833333333326,hold_expired,,1.0421182387523,1.0421182387523
300570,2026-02-12,2026-02-13,153.33,2026-02-25,144.13020000000003,2,-6.000000000000005,-6.210000000000005,-11.524163568773249,1.7152546794495294,stop_loss,,2.0494900081431,2.0494900081431
301120,2026-02-12,2026-02-13,21.81,2026-02-26,23.79,3,9.07840440165062,8.868404401650618,-1.971572673085742,9.399358092618048,hold_expired,,1.5363264395947,1.5363264395947
300424,2026-02-13,2026-02-24,19.39,2026-02-27,19.72,3,1.7019082001031416,1.4919082001031416,-1.0314595152140282,3.3522434244456,hold_expired,,1.8276691013223,1.8276691013223003
300483,2026-02-24,2026-02-25,17.88,2026-03-02,20.86,3,16.66666666666665,16.45666666666665,-3.803131991051467,16.66666666666665,hold_expired,,1.8129169993154,1.8129169993154
300875,2026-02-24,2026-02-25,46.71,2026-03-02,53.52,3,14.579319203596652,14.369319203596651,-4.624277456647407,14.64354527938343,hold_expired,,1.3138193492727,1.3138193492727
301252,2026-02-26,2026-02-27,40.9,2026-03-03,38.446,2,-6.000000000000005,-6.210000000000005,-7.286063569682144,2.6650366748166343,stop_loss,,2.1564086656342,2.1564086656342
300875,2026-03-02,2026-03-03,52.0,2026-03-06,51.23,3,-1.480769230769241,-1.690769230769241,-4.2307692307692495,11.538461538461519,hold_expired,,1.3138193492727,1.3138193492727
300499,2026-03-10,2026-03-11,41.29,2026-03-13,38.812599999999996,2,-6.000000000000005,-6.210000000000005,-7.895374182610793,5.35238556551223,stop_loss,,4.1508432483374,4.1508432483374
300782,2026-03-10,2026-03-11,84.51,2026-03-13,79.43939999999999,2,-6.000000000000005,-6.210000000000005,-6.283280085197019,0.4496509288841599,stop_loss,,5.2589422426927,5.2589422426927
300387,2026-03-13,2026-03-16,10.33,2026-03-19,9.7102,3,-5.999999999999995,-6.209999999999995,-10.745401742497585,7.550822846079375,stop_loss,,4.2512316601581,4.2512316601581
301092,2026-03-13,2026-03-16,38.8,2026-03-18,36.471999999999994,2,-5.999999999999995,-6.209999999999995,-7.03608247422679,2.989690721649496,stop_loss,,1.0269821926629,1.0269821926629
300939,2026-03-16,2026-03-17,39.23,2026-03-20,41.01,3,4.537343869487631,4.327343869487631,-1.988274279887825,10.425694621463165,hold_expired,,1.5980179529675,1.5980179529674998
301176,2026-03-16,2026-03-17,30.01,2026-03-20,28.2094,3,-6.000000000000005,-6.210000000000005,-9.6967677440853,4.798400533155611,stop_loss,,1.0064629847239,1.0064629847239
300389,2026-03-18,2026-03-19,19.67,2026-03-24,20.65,3,4.982206405693934,4.772206405693934,-5.592272496187089,11.845449923741725,hold_expired,,5.0055640647242,5.0055640647242
300531,2026-03-24,2026-03-25,19.33,2026-03-30,19.88,3,2.8453181583031784,2.6353181583031784,-2.1727884117951013,6.052767718572194,hold_expired,,3.5796883977868994,3.5796883977869
301306,2026-03-26,2026-03-27,144.99,2026-04-01,162.2,3,11.869784123042958,11.659784123042957,-2.7519139250982927,21.38768190909719,hold_expired,,1.0037593984962,1.0037593984962
300775,2026-03-30,2026-03-31,35.55,2026-04-03,34.81,3,-2.0815752461321946,-2.2915752461321945,-2.447257383966228,9.001406469760909,hold_expired,,1.0289167578113,1.0289167578113
300961,2026-03-30,2026-03-31,14.68,2026-04-01,13.799199999999999,1,-6.000000000000005,-6.210000000000005,-6.880108991825617,2.7247956403269713,stop_loss,,1.0037289459921,1.0037289459921
301128,2026-03-31,2026-04-01,150.99,2026-04-07,147.19,3,-2.5167229617855558,-2.7267229617855557,-4.0996092456453965,8.682694218160126,hold_expired,,1.4860905996237,1.4860905996237
301191,2026-04-01,2026-04-02,135.56,2026-04-08,150.57,3,11.072587784007082,10.862587784007081,-1.1138979049867048,17.660076718796102,hold_expired,,1.3462711130417,1.3462711130417
301396,2026-04-01,2026-04-02,176.65,2026-04-07,165.62,2,-6.2439852816303265,-6.4539852816303265,-9.09708463062553,0.7585621285026933,stop_loss,,1.7079285696853,1.7079285696853
300722,2026-04-07,2026-04-08,30.01,2026-04-13,30.77,3,2.532489170276575,2.322489170276575,-0.033322225924714566,2.999000333222246,hold_expired,,3.6606242216003,3.6606242216003
300936,2026-04-07,2026-04-08,69.01,2026-04-13,64.73,3,-6.201999710186945,-6.411999710186945,-7.462686567164201,3.1734531227358254,stop_loss,,1.0499577730583,1.0499577730583
300857,2026-04-08,2026-04-09,227.0,2026-04-10,213.37999999999994,1,-6.000000000000016,-6.210000000000016,-10.563876651982351,3.572687224669635,stop_loss,,1.4171605753044998,1.4171605753045
301282,2026-04-08,2026-04-09,36.0,2026-04-14,41.34,3,14.833333333333364,14.623333333333363,-0.9444444444444478,16.000000000000014,hold_expired,,1.0380281623645,1.0380281623645
300501,2026-04-13,2026-04-14,19.06,2026-04-17,19.4,3,1.783840503672618,1.573840503672618,-0.8394543546694777,5.823714585519424,hold_expired,,3.2039659574664,3.2039659574664
300667,2026-04-13,2026-04-14,18.5,2026-04-17,17.86,3,-3.4594594594594685,-3.6694594594594685,-4.756756756756763,2.540540540540537,hold_expired,,2.3408338331195,2.3408338331195
300632,2026-04-14,2026-04-15,18.17,2026-04-17,17.0798,2,-6.000000000000005,-6.210000000000005,-6.439185470555864,4.45789763346176,stop_loss,,2.1824836901179,2.1824836901179
300911,2026-04-14,2026-04-15,33.33,2026-04-20,32.7,3,-1.8901890189018888,-2.100189018901889,-2.490249024902491,12.12121212121209,hold_expired,,1.8276429787952,1.8276429787952
300256,2026-04-15,2026-04-16,3.52,2026-04-21,3.49,3,-0.8522727272727071,-1.062272727272707,-1.1363636363636354,1.7045454545454586,hold_expired,,4.5976554632453,4.5976554632453
300478,2026-04-16,2026-04-17,26.81,2026-04-22,31.34,3,16.896680343155545,16.686680343155544,-2.088772845952991,16.896680343155545,hold_expired,,1.9280654765138,1.9280654765138
300866,2026-04-16,2026-04-17,119.73,2026-04-22,118.43,3,-1.0857763300760048,-1.2957763300760048,-3.9422032907374893,0.5595924162699495,hold_expired,,1.4171189664843,1.4171189664843
300489,2026-04-17,2026-04-20,70.26,2026-04-23,87.07,3,23.925419869057762,23.71541986905776,-1.5798462852263162,34.40079703956731,hold_expired,,3.0113855556013,3.0113855556013003
300626,2026-04-17,2026-04-20,28.39,2026-04-23,28.01,3,-1.3384994716449383,-1.5484994716449383,-2.5713279323705485,3.522367030644591,hold_expired,,1.8216388528998,1.8216388528998
300265,2026-04-20,2026-04-21,21.0,2026-04-23,19.74,2,-6.000000000000005,-6.210000000000005,-10.000000000000009,2.904761904761899,stop_loss,,2.6501066015706,2.6501066015706
300358,2026-04-21,2026-04-22,10.99,2026-04-23,10.330599999999999,1,-6.000000000000005,-6.210000000000005,-11.46496815286624,3.4576888080072754,stop_loss,,5.4251543229242,5.4251543229242
300940,2026-04-21,2026-04-22,24.07,2026-04-24,22.625799999999998,2,-6.000000000000016,-6.210000000000016,-7.062733693394263,0.2908184461985819,stop_loss,,1.6095608976819,1.6095608976818998
300657,2026-04-22,2026-04-23,37.0,2026-04-28,34.779999999999994,3,-6.000000000000005,-6.210000000000005,-6.351351351351342,2.1351351351351466,stop_loss,,3.4562389327317997,3.4562389327318
300857,2026-04-22,2026-04-23,259.01,2026-04-28,261.0,3,0.7683101038570062,0.5583101038570062,-3.135014092119992,6.55959229373384,hold_expired,,1.986242102977,1.9862421029770003
301307,2026-04-24,2026-04-27,47.02,2026-04-30,46.95,3,-0.148872820076551,-0.35887282007655097,-4.508719693747354,2.0204168438962,hold_expired,,1.0053859964093,1.0053859964093
300816,2026-04-27,2026-04-28,69.86,2026-05-06,76.06,3,8.874892642427712,8.664892642427711,-3.0775837389063865,10.936158030346398,hold_expired,,1.0177948337514,1.0177948337514
300854,2026-04-27,2026-04-28,33.65,2026-04-29,31.631000000000007,1,-6.000000000000005,-6.210000000000005,-8.231797919762284,2.0802377414561812,stop_loss,,1.0284282003350003,1.028428200335
300529,2026-04-28,2026-04-29,19.31,2026-05-07,19.15,3,-0.8285862247540132,-1.0385862247540132,-1.7089590885551509,0.46607975142414215,hold_expired,,2.1643199591729,2.1643199591729
300618,2026-04-29,2026-04-30,47.55,2026-05-08,47.43,3,-0.2523659305993631,-0.46236593059936304,-0.525762355415349,5.383806519453205,hold_expired,,2.3340396220403,2.3340396220403
301603,2026-04-29,2026-04-30,111.63,2026-05-08,133.71,3,19.77962913195379,19.56962913195379,-4.586580668279138,25.396398817522158,hold_expired,,1.0215611253451,1.0215611253451
300762,2026-04-30,2026-05-06,43.14,2026-05-11,48.16,3,11.636532220676866,11.426532220676865,-0.3245248029670855,14.60361613351877,hold_expired,,4.1271650633979,4.1271650633979
300870,2026-04-30,2026-05-06,410.46,2026-05-08,385.83239999999995,2,-6.000000000000005,-6.210000000000005,-7.372216537543242,3.5131316084393127,stop_loss,,1.0326362697873,1.0326362697873
300133,2026-05-06,2026-05-07,9.3,2026-05-11,8.742,2,-6.000000000000005,-6.210000000000005,-6.2365591397849585,3.7634408602150504,stop_loss,,25.9689059671988,25.9689059671988
300910,2026-05-06,2026-05-07,49.43,2026-05-12,47.2,3,-4.5114303054825005,-4.7214303054825,-4.916042888933836,0.5462269876593373,hold_expired,,2.0911582997996,2.0911582997996
300709,2026-05-07,2026-05-08,42.72,2026-05-13,46.64,3,9.176029962546806,8.966029962546806,-0.6788389513108672,10.838014981273414,hold_expired,,1.9349259736019,1.9349259736019
301181,2026-05-07,2026-05-08,47.16,2026-05-13,50.6,3,7.29431721798135,7.08431721798135,0.0,10.008481764206966,hold_expired,,1.4280374556987,1.4280374556987
300725,2026-05-11,2026-05-12,40.3,2026-05-14,37.882,2,-6.000000000000005,-6.210000000000005,-6.501240694789079,1.6873449131513674,stop_loss,,2.6069436773713,2.6069436773713
300748,2026-05-11,2026-05-12,37.0,2026-05-14,34.78,2,-6.000000000000005,-6.210000000000005,-6.459459459459449,0.2702702702702897,stop_loss,,2.7503638157724,2.7503638157724
300243,2026-05-12,2026-05-13,19.0,2026-05-18,19.3,3,1.5789473684210575,1.3689473684210576,-5.157894736842106,10.526315789473696,hold_expired,,4.5947755411113,4.5947755411113
300571,2026-05-13,2026-05-14,66.0,2026-05-15,62.03999999999999,1,-6.000000000000016,-6.210000000000016,-8.015151515151508,4.0606060606060534,stop_loss,,3.0685312418352,3.0685312418352
301178,2026-05-13,2026-05-14,62.46,2026-05-15,58.7124,1,-6.000000000000005,-6.210000000000005,-8.789625360230557,0.4642971501761073,stop_loss,,1.4222806648345,1.4222806648345
300721,2026-05-14,2026-05-15,26.82,2026-05-20,32.8,3,22.296793437733008,22.086793437733007,0.0,30.499627143922446,hold_expired,,1.9640101956122,1.9640101956122
300804,2026-05-14,2026-05-15,51.3,2026-05-18,48.221999999999994,1,-6.000000000000005,-6.210000000000005,-12.28070175438597,3.820662768031169,stop_loss,,1.0219762331109,1.0219762331109
300161,2026-05-15,2026-05-18,40.31,2026-05-19,37.891400000000004,1,-6.000000000000005,-6.210000000000005,-8.285785164971482,1.5876953609526234,stop_loss,,1.5508622657227,1.5508622657227
301029,2026-05-15,2026-05-18,30.59,2026-05-21,29.86,3,-2.3864007845701196,-2.5964007845701196,-3.1709709055246837,2.6806145799280756,hold_expired,,1.5060498184802,1.5060498184802
300042,2026-05-18,2026-05-19,71.09,2026-05-22,66.8246,3,-6.000000000000005,-6.210000000000005,-7.792938528625692,8.397805598537067,stop_loss,,3.1886470563265,3.1886470563265
301302,2026-05-18,2026-05-19,28.6,2026-05-22,27.97,3,-2.2027972027972242,-2.412797202797224,-4.370629370629375,3.7762237762237527,hold_expired,,1.5,1.5
300285,2026-05-19,2026-05-20,43.0,2026-05-25,51.15,3,18.95348837209305,18.74348837209305,-3.7209302325581395,23.441860465116292,hold_expired,,12.6843169955403,12.684316995540302
300349,2026-05-19,2026-05-20,15.98,2026-05-21,15.021199999999999,1,-6.000000000000016,-6.210000000000016,-9.44931163954944,1.4392991239048802,stop_loss,,6.6561502066942,6.6561502066942
300225,2026-05-20,2026-05-21,8.09,2026-05-22,7.604599999999999,1,-6.000000000000005,-6.210000000000005,-6.056860321384416,6.180469715698389,stop_loss,,7.932799431464899,7.932799431464899
300221,2026-05-22,2026-05-25,13.38,2026-05-28,14.42,3,7.7727952167413905,7.5627952167413905,-3.139013452914796,11.210762331838552,hold_expired,,4.2150054200423,4.2150054200423
300868,2026-05-22,2026-05-25,102.0,2026-05-28,113.66,3,11.431372549019603,11.221372549019602,0.0,21.745098039215694,hold_expired,,1.0144142542684,1.0144142542684
300763,2026-05-27,2026-05-28,119.92,2026-06-02,112.7248,3,-5.999999999999995,-6.209999999999995,-8.122081387591717,4.069379586390931,stop_loss,,4.5624843083375,4.5624843083375
300566,2026-05-28,2026-05-29,25.08,2026-06-01,23.5752,1,-6.000000000000016,-6.210000000000016,-8.811802232854859,1.674641148325362,stop_loss,,3.0631162631786997,3.0631162631786997
301682,2026-05-28,2026-05-29,187.68,2026-06-01,167.88,1,-10.54987212276215,-10.75987212276215,-15.286658141517472,2.5682011935208804,stop_loss,,1.0,1.0
300666,2026-06-02,2026-06-03,209.16,2026-06-08,195.0,3,-6.7699368904188155,-6.9799368904188155,-8.68234844138458,3.2510996366418077,stop_loss,,1.0214582729955,1.0214582729955
301281,2026-06-03,2026-06-04,44.4,2026-06-09,46.71,3,5.202702702702688,4.9927027027026885,-4.729729729729748,5.720720720720696,hold_expired,,1.4393284397809003,1.4393284397809
300001,2026-06-04,2026-06-05,40.98,2026-06-10,38.52120000000001,3,-5.999999999999995,-6.209999999999995,-12.640312347486605,9.809663250366029,stop_loss,,7.071824005146101,7.071824005146099
300835,2026-06-05,2026-06-08,197.84,2026-06-09,185.96959999999999,1,-6.000000000000005,-6.210000000000005,-8.496765062676914,6.49009300444805,stop_loss,,1.7679267242097998,1.7679267242098
300120,2026-06-08,2026-06-09,8.94,2026-06-12,9.12,3,2.0134228187919323,1.8034228187919323,-3.803131991051456,5.257270693512295,hold_expired,,3.4261172151386,3.4261172151386
300666,2026-06-09,2026-06-10,224.85,2026-06-15,293.6,3,30.575939515232385,30.365939515232384,-2.156993551256403,50.71380920613742,hold_expired,,1.0214582729955,1.0214582729955
300821,2026-06-09,2026-06-10,17.05,2026-06-15,17.56,3,2.991202346041044,2.781202346041044,-3.8123167155425186,9.266862170087986,hold_expired,,1.0838898588801,1.0838898588801
301557,2026-06-10,2026-06-11,90.53,2026-06-12,85.0982,1,-6.000000000000005,-6.210000000000005,-8.317684745388277,3.8219374792886063,stop_loss,,1.4327884934293,1.4327884934293
300599,2026-06-12,2026-06-15,13.84,2026-06-16,12.96,1,-6.358381502890175,-6.568381502890175,-11.271676300578049,0.7947976878612595,stop_loss,,1.1248110623217,1.1248110623217
301046,2026-06-12,2026-06-15,28.58,2026-06-18,28.7,3,0.41987403778864785,0.20987403778864785,-1.6445066480055948,9.517144856543048,hold_expired,,1.0589950645037,1.0589950645037
300606,2026-06-15,2026-06-16,43.81,2026-06-22,48.82,3,11.43574526363842,11.22574526363842,-0.9358593928326941,18.46610362930836,hold_expired,,1.5977916752965002,1.5977916752965
300863,2026-06-15,2026-06-16,72.9,2026-06-17,68.526,1,-6.000000000000016,-6.210000000000016,-7.133058984910834,1.4540466392318097,stop_loss,,4.209750573491,4.209750573491
300738,2026-06-18,2026-06-22,21.09,2026-06-25,20.81,3,-1.327643432906589,-1.537643432906589,-2.0862968231389445,5.737316263632053,hold_expired,,12.0817473215184,12.0817473215184
301230,2026-06-18,2026-06-22,34.0,2026-06-25,36.69,3,7.9117647058823515,7.7017647058823515,-2.8529411764705803,12.058823529411766,hold_expired,,1.8833259118956998,1.8833259118957
300377,2026-06-22,2026-06-23,17.28,2026-06-26,16.2432,3,-6.000000000000005,-6.210000000000005,-7.233796296296302,14.120370370370349,stop_loss,,10.976483787382898,10.976483787382898
300786,2026-06-22,2026-06-23,22.34,2026-06-26,23.72,3,6.177260519247985,5.967260519247985,-2.9095792300805834,14.055505819158466,hold_expired,,2.9458559876467,2.9458559876467
301020,2026-06-23,2026-06-24,26.24,2026-06-25,24.665599999999998,1,-6.000000000000005,-6.210000000000005,-9.33689024390244,2.8582317073170715,stop_loss,,1.063140431438,1.063140431438
301379,2026-06-23,2026-06-24,25.69,2026-06-29,24.1486,3,-6.000000000000005,-6.210000000000005,-11.872323861424693,5.877773452705304,stop_loss,,2.8774296339136,2.8774296339136
301150,2026-06-24,2026-06-25,66.67,2026-06-29,62.669799999999995,2,-6.000000000000016,-6.210000000000016,-9.974501274936253,8.354582270886436,stop_loss,,5.033175379873,5.033175379873
301251,2026-06-24,2026-06-25,55.9,2026-06-26,52.54599999999999,1,-6.000000000000005,-6.210000000000005,-8.08586762075133,2.093023255813975,stop_loss,,1.4131482882066,1.4131482882066
301392,2026-06-25,2026-06-26,248.1,2026-07-01,284.8,3,14.79242241031844,14.58242241031844,-5.558242644095124,18.702136235388945,hold_expired,,1.0091794509379,1.0091794509379
300668,2026-06-26,2026-06-29,64.5,2026-06-30,59.09,1,-8.387596899224803,-8.597596899224804,-17.581395348837226,0.6511627906976791,stop_loss,,2.7095403295229,2.7095403295229
301161,2026-06-29,2026-06-30,36.96,2026-07-03,37.68,3,1.9480519480519431,1.7380519480519432,-3.6796536796536827,12.689393939393945,hold_expired,,1.0209836265492,1.0209836265492
301328,2026-06-29,2026-06-30,70.79,2026-07-03,82.31,3,16.273484955502184,16.063484955502183,-3.3761830767057632,21.45783302726374,hold_expired,,2.2517558510755,2.2517558510755
300077,2026-06-30,2026-07-01,31.88,2026-07-02,29.5,1,-7.465495608531992,-7.675495608531992,-9.661229611041389,5.112923462986196,stop_loss,,5.1521974411992,5.1521974411992
300483,2026-07-01,2026-07-02,19.9,2026-07-07,18.705999999999996,3,-6.000000000000005,-6.210000000000005,-8.442211055276383,2.462311557788932,stop_loss,,1.8129169993154,1.8129169993154002
301509,2026-07-06,2026-07-07,31.29,2026-07-09,29.412599999999998,2,-6.000000000000005,-6.210000000000005,-7.957813998082452,2.4288910194950386,stop_loss,,1.4792576845551,1.4792576845551
300717,2026-07-07,2026-07-08,23.63,2026-07-13,22.2122,3,-5.999999999999995,-6.209999999999995,-6.559458315700384,9.056284384257317,stop_loss,,1.7309135360621,1.7309135360621
300918,2026-07-10,2026-07-13,11.92,2026-07-14,10.9,1,-8.557046979865767,-8.767046979865768,-14.76510067114094,0.0,stop_loss,,1.0634271137256,1.0634271137256
301588,2026-07-10,2026-07-13,52.0,2026-07-14,45.0,1,-13.461538461538458,-13.671538461538459,-19.23076923076923,3.8461538461538547,stop_loss,,1.015535994162,1.015535994162
300564,2026-07-13,2026-07-14,13.09,2026-07-17,12.304599999999999,3,-6.000000000000005,-6.210000000000005,-8.097784568372802,2.5210084033613356,stop_loss,,2.0000319336056,2.0000319336056
300204,2026-07-15,2026-07-16,25.94,2026-07-17,24.383599999999998,1,-6.000000000000005,-6.210000000000005,-7.440246723207389,15.574402467232073,stop_loss,,7.8415937002942,7.8415937002942
300765,2026-07-15,2026-07-16,40.08,2026-07-17,37.6752,1,-6.000000000000005,-6.210000000000005,-6.362275449101784,6.711576846307388,stop_loss,,6.1056774255445,6.1056774255445
301108,2026-07-27,2026-07-28,34.78,2026-07-30,32.6932,2,-6.000000000000016,-6.210000000000016,-10.839562967222538,1.0638297872340496,stop_loss,,1.4852119151904,1.4852119151904
300093,2026-07-31,2026-08-03,22.15,2026-08-06,22.74,3,2.6636568848758424,2.4536568848758424,-0.6320541760722165,9.661399548532735,hold_expired,,2.0715613631379,2.0715613631379
301584,2026-07-31,2026-08-03,21.9,2026-08-06,23.95,3,9.360730593607292,9.15073059360729,-0.6849315068492956,9.589041095890426,hold_expired,,1.0087796312555,1.0087796312555
300143,2026-08-07,2026-08-10,7.68,2026-08-13,7.92,3,3.125000000000022,2.9150000000000222,-0.9114583333333259,4.817708333333348,hold_expired,,5.5313337559416,5.5313337559416
301263,2026-08-07,2026-08-10,21.48,2026-08-13,20.58,3,-4.189944134078227,-4.399944134078227,-5.72625698324023,5.1210428305400235,hold_expired,,2.3026808526138,2.3026808526138
300906,2026-08-10,2026-08-11,27.69,2026-08-14,27.17,3,-1.8779342723004744,-2.0879342723004743,-2.7807872878295448,2.0223907547850972,hold_expired,,1.0823119547696,1.0823119547696
301449,2026-08-10,2026-08-11,40.1,2026-08-14,39.05,3,-2.6184538653366674,-2.8284538653366673,-4.788029925187032,4.3640897755611086,hold_expired,,1.4136540962289,1.4136540962289
301596,2026-08-11,2026-08-12,54.0,2026-08-17,53.99,3,-0.018518518518517713,-0.2285185185185177,-1.7962962962962958,10.185185185185187,hold_expired,,1.9830233069912,1.9830233069912
300063,2026-08-12,2026-08-13,10.19,2026-08-14,9.578600000000002,1,-6.000000000000005,-6.210000000000005,-8.635917566241424,5.495583905789991,stop_loss,,7.867284146860801,7.8672841468608
300620,2026-08-12,2026-08-13,318.5,2026-08-18,323.88,3,1.6891679748822552,1.4791679748822553,-1.9717425431711066,4.722135007849304,hold_expired,,2.3363177358767,2.3363177358767
301072,2026-08-14,2026-08-17,39.18,2026-08-20,42.54,3,8.575803981623276,8.365803981623275,-5.410923940786105,11.30678917815211,hold_expired,,1.0043478164794,1.0043478164794
300508,2026-08-17,2026-08-18,49.82,2026-08-19,46.830799999999996,1,-6.000000000000005,-6.210000000000005,-13.368125250903251,2.5291047771979214,stop_loss,,1.9864954265146,1.9864954265146
300797,2026-08-17,2026-08-18,14.36,2026-08-21,14.5,3,0.9749303621169991,0.7649303621169992,-2.0194986072423315,12.3259052924791,hold_expired,,1.5762788905607,1.5762788905606997
301277,2026-08-19,2026-08-20,11.8,2026-08-21,10.9,1,-7.627118644067776,-7.837118644067776,-10.593220338983024,1.5254237288135464,stop_loss,,3.1652168129130995,3.1652168129131
300171,2026-08-20,2026-08-21,14.26,2026-08-26,14.94,3,4.768583450210362,4.558583450210362,-5.469845722300137,5.960729312762991,hold_expired,,9.2426436560093,9.2426436560093
301122,2026-08-20,2026-08-21,39.23,2026-08-26,39.47,3,0.6117767015039632,0.4017767015039633,-5.607953097119545,3.3902625541677445,hold_expired,,1.3652456319488,1.3652456319488
300856,2026-08-25,2026-08-26,11.15,2026-08-31,10.82,3,-2.959641255605383,-3.169641255605383,-4.394618834080721,1.255605381165914,hold_expired,,4.5666873656364,4.5666873656364
300757,2026-08-26,2026-08-27,539.76,2026-09-01,562.5,3,4.212983548243665,4.002983548243665,-1.6229435304579765,6.836371720764767,hold_expired,,1.8463786132187,1.8463786132187
300548,2026-08-27,2026-08-28,218.16,2026-08-31,205.07039999999998,1,-6.000000000000005,-6.210000000000005,-6.0276861019435195,1.5997433076641032,stop_loss,,2.8097954068,2.8097954068
301338,2026-08-27,2026-08-28,103.73,2026-08-31,97.0,1,-6.4879976863009725,-6.6979976863009725,-7.4520389472669475,0.13496577653522301,stop_loss,,2.0053314865855,2.0053314865855
301156,2026-08-28,2026-08-31,12.29,2026-09-03,11.93,3,-2.929210740439381,-3.1392107404393808,-3.0919446704637865,4.312449145646879,hold_expired,,2.5527085386135,2.5527085386135
300884,2026-08-31,2026-09-01,13.75,2026-09-04,12.924999999999999,3,-6.000000000000005,-6.210000000000005,-6.1090909090909085,1.090909090909098,stop_loss,,2.2815093632009,2.2815093632009
301025,2026-08-31,2026-09-01,9.66,2026-09-04,9.73,3,0.7246376811594235,0.5146376811594235,-2.0703933747412084,4.347826086956519,hold_expired,,1.0191809862429,1.0191809862429
300399,2026-09-01,2026-09-02,21.05,2026-09-07,20.22,3,-3.9429928741092635,-4.152992874109263,-4.370546318289792,1.4726840855106893,hold_expired,,2.515447689254,2.515447689254
300468,2026-09-01,2026-09-02,23.99,2026-09-07,25.66,3,6.961233847436432,6.751233847436432,-1.5839933305544007,20.050020842017524,hold_expired,,5.0034259316299,5.0034259316299
301606,2026-09-02,2026-09-03,55.55,2026-09-08,54.59,3,-1.7281728172817146,-1.9381728172817145,-3.24032403240323,6.6246624662466225,hold_expired,,1.0307953924936,1.0307953924936
300400,2026-09-03,2026-09-04,33.66,2026-09-09,35.66,3,5.941770647653,5.731770647653,-3.5947712418300526,8.080808080808112,hold_expired,,3.3999679920192,3.3999679920192
301282,2026-09-03,2026-09-04,40.6,2026-09-09,42.88,3,5.615763546798047,5.405763546798047,-3.817733990147798,6.995073891625592,hold_expired,,1.4538080523667,1.4538080523667
300674,2026-09-04,2026-09-07,18.22,2026-09-09,17.126799999999996,2,-6.000000000000005,-6.210000000000005,-6.5861690450054855,0.38419319429199295,stop_loss,,1.7431262668362,1.7431262668362
301337,2026-09-04,2026-09-07,27.67,2026-09-10,28.43,3,2.7466570292735693,2.5366570292735693,-1.5901698590531255,8.059269967473792,hold_expired,,1.0122623687647,1.0122623687647
300650,2026-09-07,2026-09-08,12.42,2026-09-11,12.3,3,-0.9661835748792202,-1.1761835748792202,-4.1062801932367226,5.797101449275366,hold_expired,,3.0173306432777,3.0173306432777
301016,2026-09-07,2026-09-08,14.89,2026-09-11,15.72,3,5.574210879785091,5.364210879785091,-2.6192075218267385,8.797850906648751,hold_expired,,2.7401527548129,2.7401527548129
300611,2026-09-08,2026-09-09,26.98,2026-09-14,26.6,3,-1.4084507042253613,-1.6184507042253613,-3.187546330615265,2.2979985174202966,hold_expired,,2.1095017842606,2.1095017842606
300697,2026-09-08,2026-09-09,16.44,2026-09-11,15.12,2,-8.029197080291983,-8.239197080291984,-14.355231143552306,8.576642335766426,stop_loss,,3.0945328478647,3.0945328478647
300810,2026-09-09,2026-09-10,27.5,2026-09-14,25.849999999999994,2,-6.000000000000016,-6.210000000000016,-7.9999999999999964,5.272727272727273,stop_loss,,1.5114723965378,1.5114723965378
301566,2026-09-11,2026-09-14,25.26,2026-09-17,25.95,3,2.7315914489311144,2.5215914489311144,-1.6627078384798155,6.8487727632620565,hold_expired,,1.0093757155306,1.0093757155306
301071,2026-09-14,2026-09-15,66.63,2026-09-18,71.1,3,6.708689779378663,6.498689779378663,-2.866576617139427,7.384061233678518,hold_expired,,3.780889147405,3.7808891474049995
301333,2026-09-14,2026-09-15,62.98,2026-09-18,64.35,3,2.1752937440457254,1.9652937440457254,-3.0327087964433175,6.335344553826627,hold_expired,,1.6246311610367,1.6246311610367
300842,2026-09-16,2026-09-17,65.21,2026-09-22,63.74,3,-2.2542554822879923,-2.4642554822879923,-2.606962122373857,1.9782241987425397,hold_expired,,1.4277999740342,1.4277999740342
301085,2026-09-16,2026-09-17,75.61,2026-09-22,85.62,3,13.238989551646618,13.028989551646617,-2.129347969845252,15.725433143764045,hold_expired,,1.0474108706587,1.0474108706587
301575,2026-09-18,2026-09-21,25.52,2026-09-24,24.68,3,-3.2915360501567403,-3.5015360501567403,-3.6442006269592486,3.05642633228842,hold_expired,,1.4140315710348,1.4140315710348
300192,2026-09-22,2026-09-23,20.1,2026-09-29,24.01,3,19.452736318407958,19.242736318407957,-2.5870646766169236,31.59203980099501,hold_expired,,5.2878988527324,5.2878988527324
301608,2026-09-23,2026-09-24,51.6,2026-09-30,50.12,3,-2.8682170542636,-3.0782170542636,-5.2131782945736616,0.968992248061995,hold_expired,,1.5422788623963002,1.5422788623963
