signal_date,code,score,baseline_selected,closed,opportunity_net_pct
2024-01-05,300707,64.2074,True,True,-6.210000000000005
2024-01-05,301238,75.8718,True,True,1.112051824431525
2024-01-09,300763,50.1746,True,True,5.915897760878729
2024-01-11,300663,71.0122,True,True,-2.5787580025608223
2024-01-11,300862,48.6108,True,True,-5.51303030303031
2024-01-18,300763,82.2373,True,True,-7.834408340795696
2024-02-21,300783,59.9041,True,True,2.543303964757725
2024-02-21,300862,57.4848,True,True,7.1631343283582
2024-02-22,301165,64.6115,True,True,3.623772314896078
2024-02-26,301015,77.2213,True,True,2.9254642313546455
2024-02-27,300373,64.1385,True,True,-6.53816408204101
2024-03-05,300875,87.3661,True,True,14.219400386847191
2024-03-06,300809,77.1563,True,True,-6.538671328671332
2024-03-07,301265,84.7072,True,True,-2.1100000000000017
2024-03-08,300302,82.4763,True,True,11.230000000000004
2024-03-08,300604,78.542,True,True,-1.5766666666666715
2024-03-11,300014,83.8969,True,True,-6.210000000000005
2024-03-11,300733,55.0505,True,True,3.549398496240607
2024-03-12,300097,56.9303,True,True,-6.210000000000005
2024-03-12,301378,46.336,True,True,-7.822712490761275
2024-03-13,301071,89.6478,True,True,7.2526865671641785
2024-03-15,300403,51.6949,True,True,-1.8786531585220598
2024-03-15,300489,55.3981,True,True,7.890059559261453
2024-03-18,300450,74.2577,True,True,-6.210000000000005
2024-03-18,301110,53.7978,True,True,0.9288286334056197
2024-03-21,300720,53.4088,True,True,-6.210000000000005
2024-03-21,301013,84.8948,True,True,-6.210000000000005
2024-03-22,301182,61.7895,True,True,-6.210000000000005
2024-03-25,301004,41.6222,True,True,3.6418518518518397
2024-03-25,301210,49.3985,True,True,3.84994550408717
2024-03-26,300174,49.0882,True,True,6.852706270627062
2024-03-26,300871,78.648,True,True,13.12333333333333
2024-04-02,300927,75.0635,True,True,-7.2702556299452334
2024-04-08,300131,49.8347,True,True,-6.210000000000005
2024-04-08,301046,47.2987,True,True,-6.210000000000005
2024-04-12,300894,68.7655,True,True,28.38195402298851
2024-04-12,300926,78.9531,True,True,-6.210000000000005
2024-04-15,300628,80.0455,True,True,3.1696016898008263
2024-04-22,300636,85.4563,True,True,2.8899999999999917
2024-04-22,301101,49.2102,True,True,1.2583734939759275
2024-04-23,300660,53.1097,True,True,8.42363363363363
2024-04-23,301390,50.2151,True,True,5.672352941176472
2024-04-24,300337,50.4914,True,True,2.4409572901325385
2024-04-24,300757,48.8779,True,True,18.913397290170053
2024-04-25,300801,44.8244,True,True,8.413386065850023
2024-04-29,300596,81.3258,True,True,15.074280936454862
2024-05-09,300457,81.7474,True,True,-2.41289855072463
2024-05-09,300890,81.6036,True,True,-6.209999999999995
2024-05-13,300374,48.3958,True,True,-6.210000000000005
2024-05-14,300031,81.2563,True,True,-6.210000000000005
2024-05-14,301011,75.1368,True,True,-1.3674074074074292
2024-05-20,300314,80.4181,True,True,-6.210000000000005
2024-05-21,300407,44.0745,True,True,-2.994503631961266
2024-05-22,301161,51.1261,True,True,-6.210000000000005
2024-05-22,301459,65.8039,True,True,-6.210000000000005
2024-05-23,300581,53.397,True,True,-6.210000000000005
2024-05-24,300880,59.5032,True,True,0.18408866995074288
2024-05-27,301381,62.1129,True,True,-6.210000000000005
2024-05-29,301387,92.7859,True,True,6.181402714932126
2024-05-31,300696,52.7558,True,True,-6.210000000000005
2024-06-03,300814,76.3609,True,True,-1.1706147934678288
2024-06-05,300083,37.4033,True,True,-6.210000000000005
2024-06-11,300613,68.2788,True,True,3.507579250720471
2024-06-17,300025,68.681,True,True,-4.914797047970488
2024-06-18,301055,57.4408,True,True,0.8553603860796279
2024-06-18,301539,58.7367,True,True,-6.210000000000005
2024-06-21,300779,81.8167,True,True,-6.209999999999995
2024-06-21,300852,42.3406,True,True,-6.210000000000016
2024-06-26,300609,51.5543,True,True,2.713076923076917
2024-07-01,300380,46.6189,True,True,-6.210000000000016
2024-07-01,301507,64.0193,True,True,-1.4313740458015265
2024-07-02,300250,41.3223,True,True,10.497964601769903
2024-07-05,300879,72.0639,True,True,7.1898642226748235
2024-07-16,300319,86.0099,True,True,-6.210000000000005
2024-07-16,300433,78.1204,True,True,-6.210000000000005
2024-07-18,301000,54.7968,True,True,-4.457660187185032
2024-07-22,300551,70.1834,True,True,-6.210000000000005
2024-07-25,300551,38.8672,True,True,8.810217729393454
2024-07-25,301266,37.7418,True,True,1.41575709276378
2024-07-29,300899,80.848,True,True,-5.803056894889104
2024-07-29,301178,48.1452,True,True,-2.1287862561356516
2024-07-31,300034,49.8326,True,True,-2.4126431718061734
2024-07-31,301000,60.9383,True,True,-6.210000000000005
2024-08-12,301399,65.6572,True,True,1.4793477240732091
2024-08-13,300432,48.1641,True,True,-1.748461538461533
2024-08-13,300722,50.7934,True,True,1.9976092062000896
2024-08-19,301314,63.4774,True,True,-6.210000000000005
2024-08-23,300333,63.3123,True,True,4.408473895582298
2024-08-26,300417,62.7409,True,True,3.2588995215311103
2024-08-29,300827,72.6163,True,True,-6.210000000000016
2024-08-29,300925,54.1606,True,True,2.8653968253968367
2024-08-30,300094,64.0316,True,True,-2.6237931034482695
2024-08-30,300465,61.0251,True,True,-0.5965979381443063
2024-09-10,300973,62.9984,True,True,-2.378674698795181
2024-09-18,300260,44.9134,True,True,1.9627019498607226
2024-09-18,301021,34.7177,True,True,-0.6102287021154793
2024-09-19,300583,77.1193,True,True,6.852937062937058
2024-09-19,301153,62.8292,True,True,13.81266288951839
2024-09-23,301382,55.1771,True,True,17.00915285451199
2024-09-24,300308,93.4382,True,True,22.99789243376562
2024-09-24,300502,84.9074,True,True,20.232961727365392
2024-10-18,300327,86.5234,True,True,-3.472092238470171
2024-10-18,301095,85.983,True,True,-3.3760231660231685
2024-10-24,301539,51.668,True,True,-6.210000000000005
2024-10-25,300622,86.8366,True,True,9.362953736654788
2024-10-25,301209,83.3084,True,True,-6.210000000000005
2024-10-31,300901,79.3026,True,True,7.752962962962972
2024-10-31,301191,79.3106,True,True,-6.210000000000005
2024-11-01,300937,52.1359,True,True,12.087350731514434
2024-11-01,301055,74.9282,True,True,-6.210000000000005
2024-11-05,300457,67.6312,True,True,6.53509803921568
2024-11-08,301050,45.9466,True,True,-6.210000000000005
2024-11-08,301391,57.049,True,True,5.424774609015647
2024-11-11,300969,70.9389,True,True,-6.924522363335174
2024-11-11,301413,75.2175,True,True,-6.210000000000005
2024-11-13,300876,47.0402,True,True,-6.210000000000005
2024-11-19,300833,65.4007,True,True,14.99737327188939
2024-11-25,301525,35.8983,True,True,4.156666666666674
2024-11-28,300720,66.0721,True,True,1.5775920084121866
2024-11-29,300278,56.3366,True,True,3.987901049475261
2024-12-02,300433,43.1062,True,True,0.8954813450023016
2024-12-05,300559,72.6327,True,True,-1.0936524300441683
2024-12-05,301233,70.6193,True,True,-0.7045598417408492
2024-12-09,300403,74.7458,True,True,11.956666666666658
2024-12-10,300287,76.9737,True,True,-7.790645161290334
2024-12-10,300894,75.4347,True,True,-5.1490243902438735
2024-12-11,300913,80.0182,True,True,12.989577613516355
2024-12-13,300582,56.6077,True,True,-6.210000000000016
2024-12-13,301110,35.8775,True,True,-6.210000000000005
2024-12-16,300488,78.4179,True,True,-6.210000000000016
2024-12-16,300563,27.7622,True,True,-6.210000000000005
2024-12-18,301600,78.2203,True,True,21.387654294500443
2024-12-19,301018,78.2468,True,True,-6.209999999999995
2024-12-20,300441,55.6759,True,True,-1.7595867768595128
2024-12-26,300570,76.6703,True,True,-6.210000000000005
2024-12-30,300436,46.378,True,True,-6.210000000000016
2024-12-30,301600,72.7791,True,True,-6.210000000000005
2025-01-02,301088,58.3327,True,True,-6.210000000000005
2025-01-07,301061,53.1194,True,True,2.2540342822160877
2025-01-10,301203,65.6713,True,True,-0.8561538461538407
2025-01-13,300377,40.0146,True,True,7.88806835066864
2025-01-14,300426,52.1563,True,True,-6.210000000000005
2025-01-14,301210,55.4731,True,True,11.819850746268655
2025-01-17,300852,77.6012,True,True,-1.9920424948594926
2025-01-17,301323,61.3548,True,True,4.002091179385524
2025-01-20,301328,73.801,True,True,4.694503654798398
2025-01-20,301591,67.77,True,True,10.224307566238732
2025-01-23,300248,69.0792,True,True,10.624132310642384
2025-01-23,301323,73.8133,True,True,-0.5932335329341241
2025-01-24,300556,61.7596,True,True,13.079205702647666
2025-01-24,301525,66.5269,True,True,3.004623384809334
2025-02-06,300102,67.4867,True,True,-6.210000000000005
2025-02-06,300916,63.9647,True,True,2.1192916400765807
2025-02-12,300154,44.1181,True,True,-6.210000000000005
2025-02-12,300661,71.8474,True,True,-4.7757921496847775
2025-02-14,300206,84.3778,True,True,-6.210000000000005
2025-02-14,301060,87.1651,True,True,-6.210000000000005
2025-02-17,300115,81.92,True,True,16.88473684210525
2025-02-17,300918,81.3157,True,True,14.897913669064742
2025-02-19,300583,83.1366,True,True,5.511393034825861
2025-02-19,300986,82.155,True,True,5.450377358490565
2025-02-24,300823,69.9516,True,True,-6.210000000000005
2025-02-25,300402,55.1772,True,True,-6.210000000000005
2025-02-26,300258,75.6807,True,True,-6.210000000000005
2025-02-26,300894,77.7184,True,True,-6.210000000000005
2025-03-05,300857,76.6182,True,True,-7.625384615384624
2025-03-06,300617,72.0882,True,True,0.7035027119611783
2025-03-06,301336,75.9477,True,True,-6.210000000000005
2025-03-10,300022,79.4656,True,True,-3.986223776223786
2025-03-10,301611,51.4363,True,True,-6.210000000000005
2025-03-11,300296,43.2836,True,True,2.2258974358974495
2025-03-12,300609,55.3463,True,True,2.4029943502824826
2025-03-12,301003,55.5554,True,True,0.6770692596383512
2025-03-14,300973,66.7064,True,True,-5.924285714285716
2025-03-14,301008,73.0099,True,True,11.167245508982024
2025-03-17,300798,81.5871,True,True,29.76481108312343
2025-03-17,300956,88.9908,True,True,-1.1241494435612185
2025-03-19,301268,92.0851,True,True,-6.210000000000005
2025-03-20,300256,50.7953,True,True,-6.210000000000005
2025-03-20,300766,43.9011,True,True,-6.210000000000016
2025-03-21,300583,55.7555,True,True,-6.210000000000016
2025-03-21,300778,69.0649,True,True,-6.210000000000005
2025-03-24,300040,75.3271,True,True,-6.210000000000005
2025-03-25,300871,87.2835,True,True,33.47983957219254
2025-03-26,300779,70.9391,True,True,-6.210000000000005
2025-03-31,300193,55.9311,True,True,-21.336760563380267
2025-04-17,300144,59.5121,True,True,-4.467425742574227
2025-04-17,301092,59.2387,True,True,-6.209999999999995
2025-04-18,300252,42.0699,True,True,2.034897959183656
2025-04-18,300492,53.617,True,True,0.12333333333331883
2025-04-21,300652,88.8668,True,True,16.29099403578529
2025-04-21,300984,89.5371,True,True,11.768075124939536
2025-04-24,300004,66.4766,True,True,-6.210000000000005
2025-04-24,300858,73.9183,True,True,-6.210000000000016
2025-04-25,300986,75.2341,True,True,4.279795918367334
2025-04-28,300945,71.9452,True,True,2.8160380014074606
2025-04-29,301196,89.6541,True,True,-6.210000000000016
2025-04-29,301413,65.23,True,True,-1.0757094594594627
2025-05-09,300322,61.5881,True,True,-4.22315789473683
2025-05-09,300740,70.4089,True,True,6.407100371747231
2025-05-12,301004,54.167,True,True,0.11081272557142882
2025-05-12,301151,68.8464,True,True,-1.4362415695891926
2025-05-13,300758,75.4754,True,True,-6.210000000000005
2025-05-13,301258,55.9263,True,True,5.148361774744025
2025-05-15,300119,83.1908,True,True,11.128842622140198
2025-05-15,301448,78.4558,True,True,5.749425190194412
2025-05-16,300420,68.6559,True,True,-1.291081081081081
2025-05-16,300945,66.2469,True,True,23.79
2025-05-19,300867,73.8302,True,True,-6.209999999999995
2025-05-20,301263,69.5102,True,True,9.76506234413965
2025-05-21,300960,79.6,True,True,4.4442553191489145
2025-05-29,301378,50.7852,True,True,-1.8187751371115177
2025-05-30,301078,64.4499,True,True,3.7060839160839123
2025-06-03,300875,63.5872,True,True,-3.413074951953877
2025-06-03,301371,69.0523,True,True,-1.580370370370355
2025-06-04,300857,54.6094,True,True,2.6380625840361818
2025-06-06,300191,58.5464,True,True,4.895263157894724
2025-06-06,300255,77.6276,True,True,17.693733693207392
2025-06-09,300834,76.4522,True,True,3.4449086272843035
2025-06-09,301148,75.9627,True,True,6.559911504424764
2025-06-10,300743,88.44,True,True,13.51549019607845
2025-06-12,300844,73.2958,True,True,-7.827187500000011
2025-06-12,300906,63.5088,True,True,-0.9466482504604032
2025-06-20,300587,60.8702,True,True,2.361428571428558
2025-06-23,300172,69.5237,True,True,-2.701103202846956
2025-06-23,301219,78.3547,True,True,-3.515785123966931
