code,signal_date,entry_date,entry_price,exit_date,exit_price,hold_days,gross_return_pct,net_return_pct,mae_pct,mfe_pct,exit_reason,benchmark_return_pct,entry_factor,exit_factor,alpha_pct,name,score,rank
300838,2026-01-05,2026-01-06,16.72,2026-01-09,15.716799999999997,3,-6.000000000000005,-6.210000000000005,-6.100478468899507,3.9473684210526327,stop_loss,-0.6632,1.0750147469316,1.0750147469316,-5.5468,浙江力诺,88.5235,1.0
301257,2026-01-05,2026-01-06,55.03,2026-01-09,60.14,3,9.285844085044515,9.075844085044514,-3.325458840632378,13.538070143558034,hold_expired,-0.6632,1.321929908889,1.321929908889,9.739,普蕊斯,79.4891,2.0
300855,2026-01-06,2026-01-07,33.61,2026-01-12,36.59,3,8.866408806902726,8.656408806902725,-2.409997024695032,11.425171080035712,hold_expired,0.2774,2.0238492239497,2.0238492239497,8.379,图南股份,70.6355,1.0
300699,2026-01-08,2026-01-09,41.73,2026-01-14,40.82,3,-2.180685358255441,-2.390685358255441,-2.9235561945842314,13.10807572489816,hold_expired,-0.357,2.4519881313045,2.4519881313045,-2.0337,光威复材,79.5514,1.0
300751,2026-01-08,2026-01-09,215.22,2026-01-14,224.67,3,4.390855868413723,4.180855868413723,-7.592231205278321,11.45804293281294,hold_expired,-0.357,4.8334384671798,4.8334384671798,4.5379,迈为股份,69.6521,2.0
300846,2026-01-09,2026-01-12,25.28,2026-01-15,23.763199999999998,3,-6.000000000000016,-6.210000000000016,-6.091772151898745,6.170886075949378,stop_loss,-0.8035,1.0015918497294,1.0015918497294,-5.4065,首都在线,82.5815,1.0
301280,2026-01-09,2026-01-12,57.3,2026-01-15,58.98,3,2.93193717277489,2.72193717277489,-3.8743455497382118,6.369982547993036,hold_expired,-0.8035,2.2409713965371,2.2409713965371,3.5254,珠城科技,78.3104,2.0
301002,2026-01-12,2026-01-13,44.09,2026-01-14,38.46,1,-12.769335450215468,-12.97933545021547,-13.631208890904977,0.0,stop_loss,-0.4012,1.36923881105,1.36923881105,-12.5781,崧盛股份,79.8894,2.0
301662,2026-01-12,2026-01-13,145.91,2026-01-16,161.99,3,11.020492084161493,10.810492084161492,-2.679734082653684,18.566239462682475,hold_expired,-0.6125,1.0126566257436,1.0126566257436,11.423,宏工科技,83.5762,1.0
300827,2026-01-13,2026-01-14,41.0,2026-01-19,42.21,3,2.9512195121951246,2.7412195121951246,-4.073170731707309,4.878048780487809,hold_expired,-0.1576,6.558203540380001,6.558203540380001,2.8988,上能电气,62.1534,1.0
300844,2026-01-14,2026-01-15,41.71,2026-01-20,46.42,3,11.292256053704165,11.082256053704164,-4.099736274274745,11.627906976744185,hold_expired,-0.6851,2.24,2.24,11.7674,山水比德,76.0205,1.0
300236,2026-01-15,2026-01-16,89.16,2026-01-19,83.81039999999999,1,-6.000000000000005,-6.210000000000005,-6.101390758187519,0.23553162853298115,stop_loss,0.0546,2.5931282130535,2.5931282130535,-6.2646,上海新阳,82.2844,1.0
301083,2026-01-15,2026-01-16,21.8,2026-01-21,21.17,3,-2.8899082568807244,-3.0999082568807244,-5.871559633027523,3.623853211009176,hold_expired,-0.1861,1.0205107673432,1.0205107673432,-2.9138,百胜智能,75.5,2.0
300611,2026-01-16,2026-01-19,29.7,2026-01-22,28.94,3,-2.5589225589225495,-2.7689225589225495,-3.3333333333333215,0.6734006734006703,hold_expired,-0.227,2.0974612489623,2.0974612489623,-2.5419,美力科技,67.7705,2.0
300903,2026-01-16,2026-01-19,23.05,2026-01-20,21.666999999999998,1,-6.000000000000005,-6.210000000000005,-6.464208242950109,3.6008676789587746,stop_loss,-0.329,1.8111830713526,1.8111830713526,-5.881,科翔股份,73.3802,1.0
300234,2026-01-19,2026-01-20,6.15,2026-01-23,6.25,3,1.6260162601626105,1.4160162601626105,-2.764227642276418,2.276422764227659,hold_expired,-0.3471,6.3014011491785995,6.3014011491786,1.7631,开尔新材,81.4952,1.0
300314,2026-01-19,2026-01-20,14.35,2026-01-23,14.18,3,-1.184668989547033,-1.394668989547033,-4.529616724738672,1.2543554006968716,hold_expired,-0.3471,3.9663617914402,3.9663617914402,-1.0476,戴维医疗,63.7467,2.0
300757,2026-01-21,2026-01-22,330.0,2026-01-27,349.53,3,5.9181818181818,5.7081818181818,-0.909090909090926,9.660606060606058,hold_expired,-0.3814,1.8463786132187,1.8463786132187,6.0896,罗博特科,71.403,2.0
300836,2026-01-21,2026-01-22,68.22,2026-01-27,68.31,3,0.13192612137202797,-0.07807387862797202,-6.141893872764581,5.071826443858107,hold_expired,-0.3814,1.9209268633365,1.9209268633365,0.3033,佰奥智能,80.0309,1.0
300072,2026-01-22,2026-01-23,5.29,2026-01-28,5.11,3,-3.402646502835527,-3.612646502835527,-5.482041587901698,5.860113421550084,hold_expired,0.3295,20.4388533483013,20.4388533483013,-3.9421,海新能科,59.0352,1.0
300389,2026-01-23,2026-01-26,18.71,2026-01-29,18.8,3,0.48102618920364826,0.2710261892036483,-4.54302512025656,4.061998931052901,hold_expired,0.9965,5.0055640647242,5.0055640647242,-0.7255,艾比森,48.6562,2.0
300433,2026-01-23,2026-01-26,42.1,2026-01-27,38.55,1,-8.432304038004757,-8.642304038004758,-8.90736342042755,0.0,stop_loss,-0.027,6.0681794702231,6.0681794702231,-8.6153,蓝思科技,60.1476,1.0
301281,2026-01-26,2026-01-27,32.05,2026-01-30,31.47,3,-1.8096723868954556,-2.0196723868954556,-5.741029641185635,5.553822152886134,hold_expired,0.0138,1.4393284397809,1.4393284397809,-2.0335,科源制药,59.4784,1.0
301331,2026-01-26,2026-01-27,30.85,2026-01-28,28.999000000000002,1,-5.999999999999995,-6.209999999999995,-8.719611021069696,0.0,stop_loss,0.2614,1.5820467016142,1.5820467016142,-6.4714,恩威医药,47.5859,2.0
300854,2026-01-27,2026-01-28,21.33,2026-02-02,21.98,3,3.0473511486169835,2.8373511486169836,-2.297233942803556,9.939052977027663,hold_expired,-2.3741,1.028428200335,1.028428200335,5.2115,中兰环保,83.6949,1.0
301486,2026-01-27,2026-01-28,174.58,2026-01-29,164.1052,1,-6.000000000000005,-6.210000000000005,-8.065070454805811,3.10459388246076,stop_loss,0.7605,1.0157355094415,1.0157355094415,-6.9705,致尚科技,79.2504,2.0
300189,2026-01-28,2026-01-29,7.14,2026-02-03,8.13,3,13.865546218487413,13.655546218487412,0.0,28.851540616246506,hold_expired,-1.9724,6.5219770954633,6.5219770954633,15.6279,神农种业,45.0616,1.0
300654,2026-01-29,2026-01-30,12.43,2026-02-04,12.58,3,1.2067578439259874,0.9967578439259874,-2.1721641190667773,4.183427192276734,hold_expired,-0.1627,3.4898170684944,3.4898170684944,1.1595,世纪天鸿,62.6424,2.0
300737,2026-01-29,2026-01-30,7.29,2026-02-02,6.852600000000001,1,-6.000000000000005,-6.210000000000005,-8.779149519890261,1.5089163237311354,stop_loss,-2.1324,1.9962181391884,1.9962181391884,-4.0776,科顺股份,87.5615,1.0
300614,2026-01-30,2026-02-02,15.18,2026-02-05,15.28,3,0.6587615283267345,0.44876152832673455,-3.820816864295129,3.0303030303030276,hold_expired,1.399,1.0035292430736,1.0035292430736,-0.9502,百川畅银,70.6684,1.0
301062,2026-01-30,2026-02-02,10.16,2026-02-03,9.5504,1,-6.000000000000005,-6.210000000000005,-6.594488188976378,0.49212598425198983,stop_loss,1.1751,1.0258598206523,1.0258598206523,-7.3851,上海艾录,61.4214,2.0
300617,2026-02-02,2026-02-03,44.09,2026-02-06,49.01,3,11.158992968927194,10.948992968927193,-1.2928101610342413,15.967339532773872,hold_expired,-0.3543,2.1343985080828,2.1343985080828,11.3033,安靠智电,37.1601,1.0
300775,2026-02-03,2026-02-04,43.36,2026-02-09,44.8,3,3.3210332103321027,3.111033210332103,-0.8302583025830201,13.676199261992616,hold_expired,0.4336,1.0289167578113,1.0289167578113,2.6774,三角防务,78.0932,1.0
300943,2026-02-03,2026-02-04,30.67,2026-02-09,33.94,3,10.661884577763292,10.451884577763291,-0.2934463645255958,16.987283990870573,hold_expired,0.4336,1.5559795173954,1.5559795173954,10.0183,春晖智控,64.782,2.0
300617,2026-02-06,2026-02-09,49.58,2026-02-11,46.60519999999999,2,-6.000000000000005,-6.210000000000005,-6.030657523194827,2.2589753933037526,stop_loss,-0.111,2.1343985080828,2.1343985080828,-6.099,安靠智电,54.0338,1.0
301292,2026-02-06,2026-02-09,58.31,2026-02-10,54.8114,1,-6.000000000000005,-6.210000000000005,-8.334762476419133,0.32584462356370913,stop_loss,0.111,1.0,1.0,-6.321,海科新源,49.7097,2.0
300179,2026-02-09,2026-02-10,20.92,2026-02-11,19.6648,1,-6.000000000000005,-6.210000000000005,-6.548757170172081,1.434034416825991,stop_loss,-0.2218,7.1762513597537,7.176251359753701,-5.9882,四方达,62.2375,2.0
300620,2026-02-09,2026-02-10,185.51,2026-02-13,174.37939999999998,3,-6.000000000000005,-6.210000000000005,-8.091208021130925,5.848741307746219,stop_loss,-1.3524,2.3345615021431,2.3345615021431,-4.8576,光库科技,73.8675,1.0
300877,2026-02-10,2026-02-11,32.64,2026-02-24,33.19,3,1.6850490196078427,1.4750490196078427,-5.361519607843135,3.645833333333326,hold_expired,-0.1331,1.0421182387523,1.0421182387523,1.6081,金春股份,73.0073,1.0
300570,2026-02-12,2026-02-13,153.33,2026-02-25,144.13020000000003,2,-6.000000000000005,-6.210000000000005,-11.524163568773249,1.7152546794495294,stop_loss,1.6196,2.0494900081431,2.0494900081431,-7.8296,太辰光,78.4033,2.0
301120,2026-02-12,2026-02-13,21.81,2026-02-26,23.79,3,9.07840440165062,8.868404401650618,-1.971572673085742,9.399358092618048,hold_expired,1.4262,1.5363264395947,1.5363264395947,7.4422,新特电气,79.6972,1.0
300424,2026-02-13,2026-02-24,19.39,2026-02-27,19.72,3,1.7019082001031416,1.4919082001031416,-1.0314595152140282,3.3522434244456,hold_expired,0.0659,1.8276691013223,1.8276691013223003,1.426,航新科技,53.1148,1.0
300483,2026-02-24,2026-02-25,17.88,2026-03-02,20.86,3,16.66666666666665,16.45666666666665,-3.803131991051467,16.66666666666665,hold_expired,-0.1524,1.8129169993154,1.8129169993154,16.6091,首华燃气,78.0519,1.0
300875,2026-02-24,2026-02-25,46.71,2026-03-02,53.52,3,14.579319203596652,14.369319203596651,-4.624277456647407,14.64354527938343,hold_expired,-0.1524,1.3138193492727,1.3138193492727,14.5217,捷强装备,77.0626,2.0
301252,2026-02-26,2026-02-27,40.9,2026-03-03,38.446,2,-6.000000000000005,-6.210000000000005,-7.286063569682144,2.6650366748166343,stop_loss,-1.1623,2.1564086656342,2.1564086656342,-5.0477,同星科技,84.7566,1.0
300875,2026-03-02,2026-03-03,52.0,2026-03-06,51.23,3,-1.480769230769241,-1.690769230769241,-4.2307692307692495,11.538461538461519,hold_expired,0.0976,1.3138193492727,1.3138193492727,-1.7884,捷强装备,90.5209,1.0
300499,2026-03-10,2026-03-11,41.29,2026-03-13,38.812599999999996,2,-6.000000000000005,-6.210000000000005,-7.895374182610793,5.35238556551223,stop_loss,-0.7515,4.1508432483374,4.1508432483374,-5.4585,高澜股份,74.0388,1.0
300782,2026-03-10,2026-03-11,84.51,2026-03-13,79.43939999999999,2,-6.000000000000005,-6.210000000000005,-6.283280085197019,0.4496509288841599,stop_loss,-0.7515,5.2589422426927,5.2589422426927,-5.4585,卓胜微,70.281,2.0
300387,2026-03-13,2026-03-16,10.33,2026-03-19,9.7102,3,-5.999999999999995,-6.209999999999995,-10.745401742497585,7.550822846079375,stop_loss,-1.8903,4.2512316601581,4.2512316601581,-4.3197,富邦科技,47.0345,1.0
301092,2026-03-13,2026-03-16,38.8,2026-03-18,36.471999999999994,2,-5.999999999999995,-6.209999999999995,-7.03608247422679,2.989690721649496,stop_loss,-0.2831,1.0269821926629,1.0269821926629,-5.9269,争光股份,36.8468,2.0
300939,2026-03-16,2026-03-17,39.23,2026-03-20,41.01,3,4.537343869487631,4.327343869487631,-1.988274279887825,10.425694621463165,hold_expired,-1.5185,1.5980179529675,1.5980179529674998,5.8458,秋田微,69.3989,2.0
301176,2026-03-16,2026-03-17,30.01,2026-03-20,28.2094,3,-6.000000000000005,-6.210000000000005,-9.6967677440853,4.798400533155611,stop_loss,-1.5185,1.0064629847239,1.0064629847239,-4.6915,逸豪新材,69.686,1.0
300389,2026-03-18,2026-03-19,19.67,2026-03-24,20.65,3,4.982206405693934,4.772206405693934,-5.592272496187089,11.845449923741725,hold_expired,-2.3679,5.0055640647242,5.0055640647242,7.1401,艾比森,75.328,1.0
300531,2026-03-24,2026-03-25,19.33,2026-03-30,19.88,3,2.8453181583031784,2.6353181583031784,-2.1727884117951013,6.052767718572194,hold_expired,-1.0031,3.5796883977868994,3.5796883977869,3.6384,优博讯,62.6152,1.0
301306,2026-03-26,2026-03-27,144.99,2026-04-01,162.2,3,11.869784123042958,11.659784123042957,-2.7519139250982927,21.38768190909719,hold_expired,0.5219,1.0037593984962,1.0037593984962,11.1379,西测测试,75.7755,1.0
300775,2026-03-30,2026-03-31,35.55,2026-04-03,34.81,3,-2.0815752461321946,-2.2915752461321945,-2.447257383966228,9.001406469760909,hold_expired,-0.2081,1.0289167578113,1.0289167578113,-2.0835,三角防务,39.6635,2.0
300961,2026-03-30,2026-03-31,14.68,2026-04-01,13.799199999999999,1,-6.000000000000005,-6.210000000000005,-6.880108991825617,2.7247956403269713,stop_loss,1.7083,1.0037289459921,1.0037289459921,-7.9183,深水海纳,42.7469,1.0
301128,2026-03-31,2026-04-01,150.99,2026-04-07,147.19,3,-2.5167229617855558,-2.7267229617855557,-4.0996092456453965,8.682694218160126,hold_expired,-1.888,1.4860905996237,1.4860905996237,-0.8387,强瑞技术,72.142,1.0
300158,2026-04-01,2026-04-02,6.4,2026-04-07,6.016,2,-6.000000000000005,-6.210000000000005,-6.250000000000011,2.34375,stop_loss,-0.8551,5.892593511858,5.892593511858001,-5.3549,振东制药,61.2043,2.0
301396,2026-04-01,2026-04-02,176.65,2026-04-07,165.62,2,-6.2439852816303265,-6.4539852816303265,-9.09708463062553,0.7585621285026933,stop_loss,-0.8551,1.7079285696853,1.7079285696853,-5.5989,宏景科技,64.4459,1.0
300722,2026-04-07,2026-04-08,30.01,2026-04-13,30.77,3,2.532489170276575,2.322489170276575,-0.033322225924714566,2.999000333222246,hold_expired,1.101,3.6606242216003,3.6606242216003,1.2215,新余国科,59.3918,2.0
300936,2026-04-07,2026-04-08,69.01,2026-04-13,64.73,3,-6.201999710186945,-6.411999710186945,-7.462686567164201,3.1734531227358254,stop_loss,1.101,1.0499577730583,1.0499577730583,-7.513,中英科技,79.0583,1.0
300857,2026-04-08,2026-04-09,227.0,2026-04-10,213.37999999999994,1,-6.000000000000016,-6.210000000000016,-10.563876651982351,3.572687224669635,stop_loss,1.5405,1.4171605753044998,1.4171605753045,-7.7505,协创数据,66.4353,1.0
301489,2026-04-08,2026-04-09,179.98,2026-04-14,196.19,3,9.006556284031575,8.796556284031574,-0.5445049449938733,14.490498944327168,hold_expired,2.9578,1.4101261666974,1.4101261666974003,5.8388,思泉新材,65.3531,2.0
300255,2026-04-13,2026-04-14,44.42,2026-04-17,43.67,3,-1.6884286357496614,-1.8984286357496614,-2.318775326429534,5.042773525438982,hold_expired,0.5826,7.9322204998455,7.9322204998455,-2.481,常山药业,67.101,2.0
300667,2026-04-13,2026-04-14,18.5,2026-04-17,17.86,3,-3.4594594594594685,-3.6694594594594685,-4.756756756756763,2.540540540540537,hold_expired,0.5826,2.3408338331195,2.3408338331195,-4.2521,必创科技,95.3792,1.0
300632,2026-04-14,2026-04-15,18.17,2026-04-17,17.0798,2,-6.000000000000005,-6.210000000000005,-6.439185470555864,4.45789763346176,stop_loss,0.9269,2.1824836901179,2.1824836901179,-7.1369,光莆股份,81.1784,2.0
300911,2026-04-14,2026-04-15,33.33,2026-04-20,32.7,3,-1.8901890189018888,-2.100189018901889,-2.490249024902491,12.12121212121209,hold_expired,1.5409,1.8276429787952,1.8276429787952,-3.6411,亿田智能,89.0198,1.0
300256,2026-04-15,2026-04-16,3.52,2026-04-21,3.49,3,-0.8522727272727071,-1.062272727272707,-1.1363636363636354,1.7045454545454586,hold_expired,0.6627,4.5976554632453,4.5976554632453,-1.725,星星科技,49.1297,1.0
300478,2026-04-16,2026-04-17,26.81,2026-04-22,31.34,3,16.896680343155545,16.686680343155544,-2.088772845952991,16.896680343155545,hold_expired,1.5005,1.9280654765138,1.9280654765138,15.1862,杭州高新,65.6483,1.0
300866,2026-04-16,2026-04-17,119.73,2026-04-22,118.43,3,-1.0857763300760048,-1.2957763300760048,-3.9422032907374893,0.5595924162699495,hold_expired,1.5005,1.4171189664843,1.4171189664843,-2.7963,安克创新,62.093,2.0
300489,2026-04-17,2026-04-20,70.26,2026-04-23,87.07,3,23.925419869057762,23.71541986905776,-1.5798462852263162,34.40079703956731,hold_expired,0.6072,3.0113855556013,3.0113855556013003,23.1082,光智科技,84.732,1.0
301090,2026-04-17,2026-04-20,8.7,2026-04-23,8.59,3,-1.264367816091938,-1.474367816091938,-3.3333333333333104,7.241379310344853,hold_expired,0.6072,1.0172098272323,1.0172098272323,-2.0816,华润材料,76.9479,2.0
300265,2026-04-20,2026-04-21,21.0,2026-04-23,19.74,2,-6.000000000000005,-6.210000000000005,-10.000000000000009,2.904761904761899,stop_loss,0.3844,2.6501066015706,2.6501066015706,-6.5944,通光线缆,76.5992,1.0
300358,2026-04-21,2026-04-22,10.99,2026-04-23,10.330599999999999,1,-6.000000000000005,-6.210000000000005,-11.46496815286624,3.4576888080072754,stop_loss,-0.2771,5.4251543229242,5.4251543229242,-5.9329,楚天科技,79.2843,1.0
300940,2026-04-21,2026-04-22,24.07,2026-04-24,22.625799999999998,2,-6.000000000000016,-6.210000000000016,-7.062733693394263,0.2908184461985819,stop_loss,-0.6304,1.6095608976819,1.6095608976818998,-5.5796,南极光,62.2242,2.0
300657,2026-04-22,2026-04-23,37.0,2026-04-28,34.779999999999994,3,-6.000000000000005,-6.210000000000005,-6.351351351351342,2.1351351351351466,stop_loss,-0.5875,3.4562389327317997,3.4562389327318,-5.6225,弘信电子,84.3175,1.0
300857,2026-04-22,2026-04-23,259.01,2026-04-28,261.0,3,0.7683101038570062,0.5583101038570062,-3.135014092119992,6.55959229373384,hold_expired,-0.5875,1.986242102977,1.9862421029770003,1.1458,协创数据,81.9696,2.0
301307,2026-04-24,2026-04-27,47.02,2026-04-30,46.95,3,-0.148872820076551,-0.35887282007655097,-4.508719693747354,2.0204168438962,hold_expired,0.7621,1.0053859964093,1.0053859964093,-1.121,美利信,73.8639,1.0
300816,2026-04-27,2026-04-28,69.86,2026-05-06,76.06,3,8.874892642427712,8.664892642427711,-3.0775837389063865,10.936158030346398,hold_expired,2.4985,1.0177948337514,1.0177948337514,6.1664,艾可蓝,42.4628,2.0
300854,2026-04-27,2026-04-28,33.65,2026-04-29,31.631000000000007,1,-6.000000000000005,-6.210000000000005,-8.231797919762284,2.0802377414561812,stop_loss,1.0958,1.0284282003350003,1.028428200335,-7.3058,中兰环保,72.9709,1.0
300529,2026-04-28,2026-04-29,19.31,2026-05-07,19.15,3,-0.8285862247540132,-1.0385862247540132,-1.7089590885551509,0.46607975142414215,hold_expired,1.8744,2.1643199591729,2.1643199591729,-2.913,健帆生物,56.466,1.0
301603,2026-04-29,2026-04-30,111.63,2026-05-08,133.71,3,19.77962913195379,19.56962913195379,-4.586580668279138,25.396398817522158,hold_expired,1.3439,1.0215611253451,1.0215611253451,18.2257,乔锋智能,75.9576,1.0
301638,2026-04-29,2026-04-30,28.99,2026-05-08,30.09,3,3.7944118661607407,3.5844118661607407,-1.931700586409102,7.968264918937562,hold_expired,1.3439,1.0,1.0,2.2405,南网数字,51.208,2.0
300762,2026-04-30,2026-05-06,43.14,2026-05-11,48.16,3,11.636532220676866,11.426532220676865,-0.3245248029670855,14.60361613351877,hold_expired,1.5326,4.1271650633979,4.1271650633979,9.8939,上海瀚讯,64.9806,1.0
300870,2026-04-30,2026-05-06,410.46,2026-05-08,385.83239999999995,2,-6.000000000000005,-6.210000000000005,-7.372216537543242,3.5131316084393127,stop_loss,-0.1062,1.0326362697873,1.0326362697873,-6.1038,欧陆通,64.4802,2.0
300133,2026-05-06,2026-05-07,9.3,2026-05-11,8.742,2,-6.000000000000005,-6.210000000000005,-6.2365591397849585,3.7634408602150504,stop_loss,1.0474,25.9689059671988,25.9689059671988,-7.2574,华策影视,77.921,1.0
300910,2026-05-06,2026-05-07,49.43,2026-05-12,47.2,3,-4.5114303054825005,-4.7214303054825,-4.916042888933836,0.5462269876593373,hold_expired,0.97,2.0911582997996,2.0911582997996,-5.6914,瑞丰新材,67.289,2.0
300709,2026-05-07,2026-05-08,42.72,2026-05-13,46.64,3,9.176029962546806,8.966029962546806,-0.6788389513108672,10.838014981273414,hold_expired,2.5951,1.9349259736019,1.9349259736019,6.3709,精研科技,46.2701,1.0
301181,2026-05-07,2026-05-08,47.16,2026-05-13,50.6,3,7.29431721798135,7.08431721798135,0.0,10.008481764206966,hold_expired,2.5951,1.4280374556987,1.4280374556987,4.4892,标榜股份,43.4536,2.0
300725,2026-05-11,2026-05-12,40.3,2026-05-14,37.882,2,-6.000000000000005,-6.210000000000005,-6.501240694789079,1.6873449131513674,stop_loss,-0.676,2.6069436773713,2.6069436773713,-5.534,药石科技,48.4819,2.0
300748,2026-05-11,2026-05-12,37.0,2026-05-14,34.78,2,-6.000000000000005,-6.210000000000005,-6.459459459459449,0.2702702702702897,stop_loss,-0.676,2.7503638157724,2.7503638157724,-5.534,金力永磁,66.6455,1.0
300243,2026-05-12,2026-05-13,19.0,2026-05-18,19.3,3,1.5789473684210575,1.3689473684210576,-5.157894736842106,10.526315789473696,hold_expired,-3.2975,4.5947755411113,4.5947755411113,4.6664,瑞丰高材,60.6464,1.0
300571,2026-05-13,2026-05-14,66.0,2026-05-15,62.03999999999999,1,-6.000000000000016,-6.210000000000016,-8.015151515151508,4.0606060606060534,stop_loss,-1.1192,3.0685312418352,3.0685312418352,-5.0908,平治信息,78.1311,1.0
301178,2026-05-13,2026-05-14,62.46,2026-05-15,58.7124,1,-6.000000000000005,-6.210000000000005,-8.789625360230557,0.4642971501761073,stop_loss,-1.1192,1.4222806648345,1.4222806648345,-5.0908,天亿马,75.3093,2.0
300721,2026-05-14,2026-05-15,26.82,2026-05-20,32.8,3,22.296793437733008,22.086793437733007,0.0,30.499627143922446,hold_expired,-0.183,1.9640101956122,1.9640101956122,22.2698,怡达股份,57.3539,1.0
300804,2026-05-14,2026-05-15,51.3,2026-05-18,48.221999999999994,1,-6.000000000000005,-6.210000000000005,-12.28070175438597,3.820662768031169,stop_loss,-0.5364,1.0219762331109,1.0219762331109,-5.6736,广康生化,46.7526,2.0
300161,2026-05-15,2026-05-18,40.31,2026-05-19,37.891400000000004,1,-6.000000000000005,-6.210000000000005,-8.285785164971482,1.5876953609526234,stop_loss,0.4005,1.5508622657227,1.5508622657227,-6.6105,华中数控,82.6808,1.0
301029,2026-05-15,2026-05-18,30.59,2026-05-21,29.86,3,-2.3864007845701196,-2.5964007845701196,-3.1709709055246837,2.6806145799280756,hold_expired,-1.0433,1.5060498184802,1.5060498184802,-1.5531,怡合达,65.6459,2.0
301302,2026-05-18,2026-05-19,28.6,2026-05-22,27.97,3,-2.2027972027972242,-2.412797202797224,-4.370629370629375,3.7762237762237527,hold_expired,-0.1605,1.5,1.5,-2.2523,华如科技,80.7498,1.0
301682,2026-05-18,2026-05-19,153.02,2026-05-22,169.65,3,10.867860410403862,10.657860410403861,-1.320088877270953,14.357600313684493,hold_expired,-0.1605,1.0,1.0,10.8184,宏明电子,68.179,2.0
300349,2026-05-19,2026-05-20,15.98,2026-05-21,15.021199999999999,1,-6.000000000000016,-6.210000000000016,-9.44931163954944,1.4392991239048802,stop_loss,-1.3937,6.6561502066942,6.6561502066942,-4.8163,金卡智能,87.2269,2.0
301179,2026-05-19,2026-05-20,26.92,2026-05-21,25.3048,1,-6.000000000000005,-6.210000000000005,-9.36106983655276,2.340267459138179,stop_loss,-1.3937,3.2445189315104,3.2445189315104,-4.8163,泽宇智能,91.207,1.0
300225,2026-05-20,2026-05-21,8.09,2026-05-22,7.604599999999999,1,-6.000000000000005,-6.210000000000005,-6.056860321384416,6.180469715698389,stop_loss,1.2962,7.932799431464899,7.932799431464899,-7.5062,金力泰,88.3679,1.0
300221,2026-05-22,2026-05-25,13.38,2026-05-28,14.42,3,7.7727952167413905,7.5627952167413905,-3.139013452914796,11.210762331838552,hold_expired,-0.15,4.2150054200423,4.2150054200423,7.7128,银禧科技,69.59,1.0
300868,2026-05-22,2026-05-25,102.0,2026-05-28,113.66,3,11.431372549019603,11.221372549019602,0.0,21.745098039215694,hold_expired,-0.15,1.0144142542684,1.0144142542684,11.3714,杰美特,46.8065,2.0
300763,2026-05-27,2026-05-28,119.92,2026-06-02,112.7248,3,-5.999999999999995,-6.209999999999995,-8.122081387591717,4.069379586390931,stop_loss,0.007,4.5624843083375,4.5624843083375,-6.217,锦浪科技,69.9514,1.0
300566,2026-05-28,2026-05-29,25.08,2026-06-01,23.5752,1,-6.000000000000016,-6.210000000000016,-8.811802232854859,1.674641148325362,stop_loss,-0.9784,3.0631162631786997,3.0631162631786997,-5.2316,激智科技,81.7926,1.0
301682,2026-05-28,2026-05-29,187.68,2026-06-01,167.88,1,-10.54987212276215,-10.75987212276215,-15.286658141517472,2.5682011935208804,stop_loss,-0.9784,1.0,1.0,-9.7815,宏明电子,81.1087,2.0
300666,2026-06-02,2026-06-03,209.16,2026-06-08,195.0,3,-6.7699368904188155,-6.9799368904188155,-8.68234844138458,3.2510996366418077,stop_loss,-4.5593,1.0214582729955,1.0214582729955,-2.4206,江丰电子,28.2599,1.0
301281,2026-06-03,2026-06-04,44.4,2026-06-09,46.71,3,5.202702702702688,4.9927027027026885,-4.729729729729748,5.720720720720696,hold_expired,-2.0987,1.4393284397809003,1.4393284397809,7.0914,科源制药,71.8664,1.0
300001,2026-06-04,2026-06-05,40.98,2026-06-10,38.52120000000001,3,-5.999999999999995,-6.209999999999995,-12.640312347486605,9.809663250366029,stop_loss,-1.4185,7.071824005146101,7.071824005146099,-4.7915,特锐德,52.8841,1.0
300835,2026-06-05,2026-06-08,197.84,2026-06-09,185.96959999999999,1,-6.000000000000005,-6.210000000000005,-8.496765062676914,6.49009300444805,stop_loss,1.8706,1.7679267242097998,1.7679267242098,-8.0806,龙磁科技,77.5857,1.0
300120,2026-06-08,2026-06-09,8.94,2026-06-12,9.12,3,2.0134228187919323,1.8034228187919323,-3.803131991051456,5.257270693512295,hold_expired,-0.51,3.4261172151386,3.4261172151386,2.3134,经纬辉开,89.0027,1.0
300666,2026-06-09,2026-06-10,224.85,2026-06-15,293.6,3,30.575939515232385,30.365939515232384,-2.156993551256403,50.71380920613742,hold_expired,3.0139,1.0214582729955,1.0214582729955,27.352,江丰电子,58.148,2.0
300821,2026-06-09,2026-06-10,17.05,2026-06-15,17.56,3,2.991202346041044,2.781202346041044,-3.8123167155425186,9.266862170087986,hold_expired,3.0139,1.0838898588801,1.0838898588801,-0.2327,东岳硅材,61.7571,1.0
301557,2026-06-10,2026-06-11,90.53,2026-06-12,85.0982,1,-6.000000000000005,-6.210000000000005,-8.317684745388277,3.8219374792886063,stop_loss,1.1627,1.4327884934293,1.4327884934293,-7.3727,常友科技,72.6915,1.0
300599,2026-06-12,2026-06-15,13.84,2026-06-16,12.96,1,-6.358381502890175,-6.568381502890175,-11.271676300578049,0.7947976878612595,stop_loss,-0.1529,1.1248110623217,1.1248110623217,-6.4155,雄塑科技,54.8134,2.0
301046,2026-06-12,2026-06-15,28.58,2026-06-18,28.7,3,0.41987403778864785,0.20987403778864785,-1.6445066480055948,9.517144856543048,hold_expired,1.0198,1.0589950645037,1.0589950645037,-0.8099,能辉科技,55.1566,1.0
300606,2026-06-15,2026-06-16,43.81,2026-06-22,48.82,3,11.43574526363842,11.22574526363842,-0.9358593928326941,18.46610362930836,hold_expired,3.5917,1.5977916752965002,1.5977916752965,7.634,金太阳,82.2127,1.0
300671,2026-06-15,2026-06-16,52.79,2026-06-22,66.88,3,26.690661110058734,26.480661110058733,-1.6859253646523964,28.357643493085828,hold_expired,3.5917,1.8347302603698,1.8347302603698,22.889,富满微,71.8454,2.0
300738,2026-06-18,2026-06-22,21.09,2026-06-25,20.81,3,-1.327643432906589,-1.537643432906589,-2.0862968231389445,5.737316263632053,hold_expired,-0.7818,12.0817473215184,12.0817473215184,-0.7558,奥飞数据,43.0327,2.0
301230,2026-06-18,2026-06-22,34.0,2026-06-25,36.69,3,7.9117647058823515,7.7017647058823515,-2.8529411764705803,12.058823529411766,hold_expired,-0.7818,1.8833259118956998,1.8833259118957,8.4836,泓博医药,46.3719,1.0
300033,2026-06-22,2026-06-23,244.91,2026-06-26,242.0,3,-1.188191580580622,-1.398191580580622,-3.229757870238037,8.562329018823256,hold_expired,-1.0401,13.2889309577416,13.2889309577416,-0.3581,同花顺,87.0814,2.0
300377,2026-06-22,2026-06-23,17.28,2026-06-26,16.2432,3,-6.000000000000005,-6.210000000000005,-7.233796296296302,14.120370370370349,stop_loss,-1.0401,10.976483787382898,10.976483787382898,-5.1699,赢时胜,89.1418,1.0
301020,2026-06-23,2026-06-24,26.24,2026-06-25,24.665599999999998,1,-6.000000000000005,-6.210000000000005,-9.33689024390244,2.8582317073170715,stop_loss,1.5595,1.063140431438,1.063140431438,-7.7695,密封科技,61.3655,1.0
301379,2026-06-23,2026-06-24,25.69,2026-06-29,24.1486,3,-6.000000000000005,-6.210000000000005,-11.872323861424693,5.877773452705304,stop_loss,-0.3257,2.8774296339136,2.8774296339136,-5.8843,天山电子,52.1863,2.0
301150,2026-06-24,2026-06-25,66.67,2026-06-29,62.669799999999995,2,-6.000000000000016,-6.210000000000016,-9.974501274936253,8.354582270886436,stop_loss,-1.8562,5.033175379873,5.033175379873,-4.3538,中一科技,68.2223,1.0
301251,2026-06-24,2026-06-25,55.9,2026-06-26,52.54599999999999,1,-6.000000000000005,-6.210000000000005,-8.08586762075133,2.093023255813975,stop_loss,-3.0255,1.4131482882066,1.4131482882066,-3.1845,威尔高,63.4003,2.0
301392,2026-06-25,2026-06-26,248.1,2026-07-01,284.8,3,14.79242241031844,14.58242241031844,-5.558242644095124,18.702136235388945,hold_expired,1.8643,1.0091794509379,1.0091794509379,12.7181,汇成真空,80.1124,1.0
300668,2026-06-26,2026-06-29,64.5,2026-06-30,59.09,1,-8.387596899224803,-8.597596899224804,-17.581395348837226,0.6511627906976791,stop_loss,1.0658,2.7095403295229,2.7095403295229,-9.6634,杰恩股份,68.8525,1.0
301161,2026-06-29,2026-06-30,36.96,2026-07-03,37.68,3,1.9480519480519431,1.7380519480519432,-3.6796536796536827,12.689393939393945,hold_expired,-2.7565,1.0209836265492,1.0209836265492,4.4946,唯万密封,55.1184,2.0
301328,2026-06-29,2026-06-30,70.79,2026-07-03,82.31,3,16.273484955502184,16.063484955502183,-3.3761830767057632,21.45783302726374,hold_expired,-2.7565,2.2517558510755,2.2517558510755,18.82,维峰电子,79.3552,1.0
300077,2026-06-30,2026-07-01,31.88,2026-07-02,29.5,1,-7.465495608531992,-7.675495608531992,-9.661229611041389,5.112923462986196,stop_loss,-2.9579,5.1521974411992,5.1521974411992,-4.7176,国民技术,75.0297,1.0
300483,2026-07-01,2026-07-02,19.9,2026-07-07,18.705999999999996,3,-6.000000000000005,-6.210000000000005,-8.442211055276383,2.462311557788932,stop_loss,-0.4163,1.8129169993154,1.8129169993154002,-5.7937,首华燃气,46.6739,1.0
301509,2026-07-06,2026-07-07,31.29,2026-07-09,29.412599999999998,2,-6.000000000000005,-6.210000000000005,-7.957813998082452,2.4288910194950386,stop_loss,1.7539,1.4792576845551,1.4792576845551,-7.9639,金凯生科,75.3195,1.0
300717,2026-07-07,2026-07-08,23.63,2026-07-13,22.2122,3,-5.999999999999995,-6.209999999999995,-6.559458315700384,9.056284384257317,stop_loss,-1.2649,1.7309135360621,1.7309135360621,-4.9451,华信新材,81.1689,1.0
300918,2026-07-10,2026-07-13,11.92,2026-07-14,10.9,1,-8.557046979865767,-8.767046979865768,-14.76510067114094,0.0,stop_loss,2.1536,1.0634271137256,1.0634271137256,-10.9206,南山智尚,78.7186,1.0
301588,2026-07-10,2026-07-13,52.0,2026-07-14,45.0,1,-13.461538461538458,-13.671538461538459,-19.23076923076923,3.8461538461538547,stop_loss,2.1536,1.015535994162,1.015535994162,-15.8251,美新科技,72.5924,2.0
300564,2026-07-13,2026-07-14,13.09,2026-07-17,12.304599999999999,3,-6.000000000000005,-6.210000000000005,-8.097784568372802,2.5210084033613356,stop_loss,-5.575,2.0000319336056,2.0000319336056,-0.635,筑博设计,63.7395,1.0
300204,2026-07-15,2026-07-16,25.94,2026-07-17,24.383599999999998,1,-6.000000000000005,-6.210000000000005,-7.440246723207389,15.574402467232073,stop_loss,-3.6042,7.8415937002942,7.8415937002942,-2.6058,舒泰神,42.3917,2.0
300765,2026-07-15,2026-07-16,40.08,2026-07-17,37.6752,1,-6.000000000000005,-6.210000000000005,-6.362275449101784,6.711576846307388,stop_loss,-3.6042,6.1056774255445,6.1056774255445,-2.6058,石药创新,76.6648,1.0
301108,2026-07-27,2026-07-28,34.78,2026-07-30,32.6932,2,-6.000000000000016,-6.210000000000016,-10.839562967222538,1.0638297872340496,stop_loss,-0.4334,1.4852119151904,1.4852119151904,-5.7766,洁雅股份,60.7743,1.0
300093,2026-07-31,2026-08-03,22.15,2026-08-06,22.74,3,2.6636568848758424,2.4536568848758424,-0.6320541760722165,9.661399548532735,hold_expired,2.3801,2.0715613631379,2.0715613631379,0.0736,金刚光伏,68.299,1.0
301428,2026-07-31,2026-08-03,28.39,2026-08-06,29.47,3,3.8041563930961475,3.5941563930961475,-1.7611835153223065,7.25607608312786,hold_expired,2.3801,1.0168156848781,1.0168156848781,1.2141,世纪恒通,41.4872,2.0
300143,2026-08-07,2026-08-10,7.68,2026-08-13,7.92,3,3.125000000000022,2.9150000000000222,-0.9114583333333259,4.817708333333348,hold_expired,-0.8097,5.5313337559416,5.5313337559416,3.7247,盈康生命,63.305,2.0
301263,2026-08-07,2026-08-10,21.48,2026-08-13,20.58,3,-4.189944134078227,-4.399944134078227,-5.72625698324023,5.1210428305400235,hold_expired,-0.8097,2.3026808526138,2.3026808526138,-3.5902,泰恩康,75.5972,1.0
300915,2026-08-10,2026-08-11,20.74,2026-08-14,20.41,3,-1.5911282545805094,-1.8011282545805094,-2.2661523625843727,2.2179363548698205,hold_expired,0.0449,2.2546649814445,2.2546649814445,-1.846,海融科技,80.8681,2.0
301449,2026-08-10,2026-08-11,40.1,2026-08-14,39.05,3,-2.6184538653366674,-2.8284538653366673,-4.788029925187032,4.3640897755611086,hold_expired,0.0449,1.4136540962289,1.4136540962289,-2.8734,天溯计量,85.8359,1.0
301596,2026-08-11,2026-08-12,54.0,2026-08-17,53.99,3,-0.018518518518517713,-0.2285185185185177,-1.7962962962962958,10.185185185185187,hold_expired,1.0697,1.9830233069912,1.9830233069912,-1.2982,瑞迪智驱,88.4665,1.0
300063,2026-08-12,2026-08-13,10.19,2026-08-14,9.578600000000002,1,-6.000000000000005,-6.210000000000005,-8.635917566241424,5.495583905789991,stop_loss,0.0414,7.867284146860801,7.8672841468608,-6.2514,天龙集团,84.958,1.0
300620,2026-08-12,2026-08-13,318.5,2026-08-18,323.88,3,1.6891679748822552,1.4791679748822553,-1.9717425431711066,4.722135007849304,hold_expired,1.3264,2.3363177358767,2.3363177358767,0.1528,光库科技,81.9586,2.0
301072,2026-08-14,2026-08-17,39.18,2026-08-20,42.54,3,8.575803981623276,8.365803981623275,-5.410923940786105,11.30678917815211,hold_expired,-3.129,1.0043478164794,1.0043478164794,11.4948,中捷精工,88.9377,1.0
300689,2026-08-17,2026-08-18,56.37,2026-08-20,52.98779999999999,2,-6.000000000000005,-6.210000000000005,-6.155756608124885,3.7786056412985713,stop_loss,-2.8157,1.7377732249803,1.7377732249803,-3.3943,澄天伟业,80.915,2.0
301279,2026-08-17,2026-08-18,21.73,2026-08-19,20.4262,1,-6.000000000000005,-6.210000000000005,-9.341923607915337,1.1965025310630262,stop_loss,-2.9014,1.7801104144619,1.7801104144619,-3.3086,金道科技,89.0321,1.0
301277,2026-08-19,2026-08-20,11.8,2026-08-21,10.9,1,-7.627118644067776,-7.837118644067776,-10.593220338983024,1.5254237288135464,stop_loss,0.5693,3.1652168129130995,3.1652168129131,-8.4064,新天地,60.5857,1.0
300171,2026-08-20,2026-08-21,14.26,2026-08-26,14.94,3,4.768583450210362,4.558583450210362,-5.469845722300137,5.960729312762991,hold_expired,-0.6084,9.2426436560093,9.2426436560093,5.167,东富龙,76.4518,1.0
301122,2026-08-20,2026-08-21,39.23,2026-08-26,39.47,3,0.6117767015039632,0.4017767015039633,-5.607953097119545,3.3902625541677445,hold_expired,-0.6084,1.3652456319488,1.3652456319488,1.0102,采纳股份,73.6798,2.0
300856,2026-08-25,2026-08-26,11.15,2026-08-31,10.82,3,-2.959641255605383,-3.169641255605383,-4.394618834080721,1.255605381165914,hold_expired,0.747,4.5666873656364,4.5666873656364,-3.9166,科思股份,53.1163,1.0
300757,2026-08-26,2026-08-27,539.76,2026-09-01,562.5,3,4.212983548243665,4.002983548243665,-1.6229435304579765,6.836371720764767,hold_expired,-0.4068,1.8463786132187,1.8463786132187,4.4098,罗博特科,40.5219,1.0
300548,2026-08-27,2026-08-28,218.16,2026-08-31,205.07039999999998,1,-6.000000000000005,-6.210000000000005,-6.0276861019435195,1.5997433076641032,stop_loss,0.3452,2.8097954068,2.8097954068,-6.5552,长芯博创,78.6553,1.0
301338,2026-08-27,2026-08-28,103.73,2026-08-31,97.0,1,-6.4879976863009725,-6.6979976863009725,-7.4520389472669475,0.13496577653522301,stop_loss,0.3452,2.0053314865855,2.0053314865855,-7.0432,凯格精机,52.2602,2.0
301156,2026-08-28,2026-08-31,12.29,2026-09-03,11.93,3,-2.929210740439381,-3.1392107404393808,-3.0919446704637865,4.312449145646879,hold_expired,-1.5677,2.5527085386135,2.5527085386135,-1.5715,美农生物,56.7913,1.0
300884,2026-08-31,2026-09-01,13.75,2026-09-04,12.924999999999999,3,-6.000000000000005,-6.210000000000005,-6.1090909090909085,1.090909090909098,stop_loss,-1.3746,2.2815093632009,2.2815093632009,-4.8354,狄耐克,59.515,2.0
301025,2026-08-31,2026-09-01,9.66,2026-09-04,9.73,3,0.7246376811594235,0.5146376811594235,-2.0703933747412084,4.347826086956519,hold_expired,-1.3746,1.0191809862429,1.0191809862429,1.8892,读客文化,59.6671,1.0
300399,2026-09-01,2026-09-02,21.05,2026-09-07,20.22,3,-3.9429928741092635,-4.152992874109263,-4.370546318289792,1.4726840855106893,hold_expired,0.595,2.515447689254,2.515447689254,-4.748,天利科技,85.7421,1.0
300468,2026-09-01,2026-09-02,23.99,2026-09-07,25.66,3,6.961233847436432,6.751233847436432,-1.5839933305544007,20.050020842017524,hold_expired,0.595,5.0034259316299,5.0034259316299,6.1562,四方精创,76.1111,2.0
301606,2026-09-02,2026-09-03,55.55,2026-09-08,54.59,3,-1.7281728172817146,-1.9381728172817145,-3.24032403240323,6.6246624662466225,hold_expired,0.1353,1.0307953924936,1.0307953924936,-2.0735,绿联科技,65.502,1.0
300400,2026-09-03,2026-09-04,33.66,2026-09-09,35.66,3,5.941770647653,5.731770647653,-3.5947712418300526,8.080808080808112,hold_expired,0.5398,3.3999679920192,3.3999679920192,5.192,劲拓股份,84.0567,1.0
301282,2026-09-03,2026-09-04,40.6,2026-09-09,42.88,3,5.615763546798047,5.405763546798047,-3.817733990147798,6.995073891625592,hold_expired,0.5398,1.4538080523667,1.4538080523667,4.866,金禄电子,63.1098,2.0
300674,2026-09-04,2026-09-07,18.22,2026-09-09,17.126799999999996,2,-6.000000000000005,-6.210000000000005,-6.5861690450054855,0.38419319429199295,stop_loss,-0.0529,1.7431262668362,1.7431262668362,-6.1571,宇信科技,66.789,1.0
301061,2026-09-04,2026-09-07,38.03,2026-09-10,35.7482,3,-5.999999999999995,-6.209999999999995,-9.019195372074673,1.8669471469892285,stop_loss,-0.5821,3.8961631989628,3.8961631989628005,-5.6279,匠心家居,57.667,2.0
300650,2026-09-07,2026-09-08,12.42,2026-09-11,12.3,3,-0.9661835748792202,-1.1761835748792202,-4.1062801932367226,5.797101449275366,hold_expired,-1.0656,3.0173306432777,3.0173306432777,-0.1106,太龙股份,62.8217,2.0
301016,2026-09-07,2026-09-08,14.89,2026-09-11,15.72,3,5.574210879785091,5.364210879785091,-2.6192075218267385,8.797850906648751,hold_expired,-1.0656,2.7401527548129,2.7401527548129,6.4298,雷尔伟,84.8306,1.0
300611,2026-09-08,2026-09-09,26.98,2026-09-14,26.6,3,-1.4084507042253613,-1.6184507042253613,-3.187546330615265,2.2979985174202966,hold_expired,-2.0234,2.1095017842606,2.1095017842606,0.4049,美力科技,70.6207,1.0
300697,2026-09-08,2026-09-09,16.44,2026-09-11,15.12,2,-8.029197080291983,-8.239197080291984,-14.355231143552306,8.576642335766426,stop_loss,-1.3655,3.0945328478647,3.0945328478647,-6.8737,电工合金,52.1281,2.0
300810,2026-09-09,2026-09-10,27.5,2026-09-14,25.849999999999994,2,-6.000000000000016,-6.210000000000016,-7.9999999999999964,5.272727272727273,stop_loss,-1.5019,1.5114723965378,1.5114723965378,-4.7081,中科海讯,72.0154,1.0
301566,2026-09-11,2026-09-14,25.26,2026-09-17,25.95,3,2.7315914489311144,2.5215914489311144,-1.6627078384798155,6.8487727632620565,hold_expired,-0.4446,1.0093757155306,1.0093757155306,2.9662,达利凯普,50.1937,1.0
300347,2026-09-14,2026-09-15,56.0,2026-09-18,57.39,3,2.482142857142877,2.2721428571428772,-1.7857142857142683,6.053571428571436,hold_expired,1.2888,12.8837952164888,12.8837952164888,0.9833,泰格医药,51.6768,2.0
301333,2026-09-14,2026-09-15,62.98,2026-09-18,64.35,3,2.1752937440457254,1.9652937440457254,-3.0327087964433175,6.335344553826627,hold_expired,1.2888,1.6246311610367,1.6246311610367,0.6765,诺思格,80.5727,1.0
300776,2026-09-16,2026-09-17,117.2,2026-09-22,124.02,3,5.819112627986334,5.609112627986334,-0.7593856655290221,11.629692832764515,hold_expired,1.893,4.253838231455,4.253838231455,3.7161,帝尔激光,63.8436,2.0
301085,2026-09-16,2026-09-17,75.61,2026-09-22,85.62,3,13.238989551646618,13.028989551646617,-2.129347969845252,15.725433143764045,hold_expired,1.893,1.0474108706587,1.0474108706587,11.136,亚康股份,84.2216,1.0
301575,2026-09-18,2026-09-21,25.52,2026-09-24,24.68,3,-3.2915360501567403,-3.5015360501567403,-3.6442006269592486,3.05642633228842,hold_expired,-2.2123,1.4140315710348,1.4140315710348,-1.2892,艾芬达,48.8,1.0
300192,2026-09-22,2026-09-23,20.1,2026-09-29,24.01,3,19.452736318407958,19.242736318407957,-2.5870646766169236,31.59203980099501,hold_expired,-3.8092,5.2878988527324,5.2878988527324,23.0519,科德教育,48.2986,1.0
301608,2026-09-23,2026-09-24,51.6,2026-09-30,50.12,3,-2.8682170542636,-3.0782170542636,-5.2131782945736616,0.968992248061995,hold_expired,-1.8364,1.5422788623963002,1.5422788623963,-1.2418,博实结,83.2766,1.0
300569,2026-09-24,2026-09-28,5.25,2026-09-30,5.29,2,0.7619047619047636,0.5519047619047637,-1.1428571428571344,6.47619047619048,data_end,0.3884,8.865727443001699,8.865727443001699,0.1635,天能重工,67.5233,2.0
300904,2026-09-24,2026-09-28,46.96,2026-09-30,50.84,2,8.262350936967655,8.052350936967654,-4.599659284497449,14.970187393526402,data_end,0.3884,1.0170714399155,1.0170714399155,7.664,威力传动,79.881,1.0
300659,2026-09-28,2026-09-29,11.5,2026-09-30,11.22,1,-2.4347826086956514,-2.6447826086956514,-4.782608695652179,0.6086956521739184,data_end,0.2856,2.619457140722,2.619457140722,-2.9304,中孚信息,75.4099,1.0
300702,2026-09-28,2026-09-29,21.85,2026-09-30,22.68,1,3.798627002288324,3.588627002288324,-2.562929061784913,5.1716247139588,data_end,0.2856,2.7649078125738,2.7649078125738,3.303,天宇股份,65.3365,2.0
300413,2026-09-29,2026-09-30,19.7,2026-09-30,21.0,0,6.5989847715735905,6.388984771573591,-0.45685279187818173,8.883248730964466,data_end,0.0,1.8007775349901,1.8007775349901,6.389,芒果超媒,72.4752,2.0
300804,2026-09-29,2026-09-30,49.26,2026-09-30,55.41,0,12.48477466504263,12.27477466504263,-1.5022330491270663,18.209500609013386,data_end,0.0,1.0263498831812,1.0263498831812,12.2748,广康生化,72.8576,1.0
