signal_date,code,decision_time,order_mode,order_target,status,opportunity_net_pct,entry_session,entry_open,entry_high,entry_low,fill_assumption,entry_date,entry_price,exit_date,exit_price,exit_reason
2025-01-02,600602,opening,open,,closed,-14.642328415651075,2025-01-02,15.59,17.39,14.93,daily_open_proxy,2025-01-02,15.59,2025-01-07,13.34,stop_loss
2025-01-02,600830,opening,open,,closed,-17.777567567567566,2025-01-02,11.1,11.55,10.54,daily_open_proxy,2025-01-02,11.1,2025-01-06,9.15,stop_loss
2025-01-03,002350,opening,open,,closed,-13.524840499306514,2025-01-03,7.21,7.28,6.82,daily_open_proxy,2025-01-03,7.21,2025-01-07,6.25,stop_loss
2025-01-03,002868,opening,open,,closed,-9.016488991888773,2025-01-03,17.26,17.78,16.25,daily_open_proxy,2025-01-03,17.26,2025-01-06,15.74,stop_loss
2025-01-06,000017,opening,open,,closed,-0.6923151125401992,2025-01-06,6.22,6.41,6.07,daily_open_proxy,2025-01-06,6.22,2025-01-09,6.19,hold_expired
2025-01-08,605208,opening,open,,closed,-6.672984723854282,2025-01-08,8.51,8.79,8.28,daily_open_proxy,2025-01-08,8.51,2025-01-09,7.96,stop_loss
2025-01-09,600793,opening,open,,closed,7.308796992481214,2025-01-09,19.95,20.61,19.7,daily_open_proxy,2025-01-09,19.95,2025-01-14,21.45,hold_expired
2025-01-13,002815,opening,open,,closed,9.039743062692704,2025-01-13,9.73,9.96,9.68,daily_open_proxy,2025-01-13,9.73,2025-01-16,10.63,hold_expired
2025-01-13,003042,opening,open,,closed,10.741403148528427,2025-01-13,14.61,15.44,14.56,daily_open_proxy,2025-01-13,14.61,2025-01-16,16.21,hold_expired
2025-01-14,002660,opening,open,,closed,19.701991199119902,2025-01-14,9.09,10.43,9.09,daily_open_proxy,2025-01-14,9.09,2025-01-17,10.9,hold_expired
2025-01-15,002725,opening,open,,closed,-0.635170068027203,2025-01-15,11.76,11.95,11.46,daily_open_proxy,2025-01-15,11.76,2025-01-20,11.71,hold_expired
2025-01-16,002605,opening,open,,closed,-0.8949315068493067,2025-01-16,27.74,31.0,26.66,daily_open_proxy,2025-01-16,27.74,2025-01-21,27.55,hold_expired
2025-01-16,003003,opening,open,,closed,1.4160162601626105,2025-01-16,9.84,10.14,9.62,daily_open_proxy,2025-01-16,9.84,2025-01-21,10.0,hold_expired
2025-01-17,002967,opening,open,,closed,3.176127799016947,2025-01-17,18.31,18.9,18.26,daily_open_proxy,2025-01-17,18.31,2025-01-22,18.93,hold_expired
2025-01-17,603600,opening,open,,closed,-6.210000000000005,2025-01-17,13.27,13.42,12.42,daily_open_proxy,2025-01-17,13.27,2025-01-22,12.473799999999999,stop_loss
2025-01-20,002677,opening,open,,closed,-5.274935064935083,2025-01-20,7.7,7.81,7.6,daily_open_proxy,2025-01-20,7.7,2025-01-23,7.31,hold_expired
2025-01-20,603758,opening,open,,closed,2.9049301826042697,2025-01-20,9.0,9.19,8.82,daily_open_proxy,2025-01-20,9.0,2025-01-23,9.0,hold_expired
2025-01-22,002923,opening,open,,closed,-0.6037007874015963,2025-01-22,10.16,11.26,9.89,daily_open_proxy,2025-01-22,10.16,2025-01-27,10.12,hold_expired
2025-01-22,600592,opening,open,,closed,-4.445727440147318,2025-01-22,10.86,10.88,10.4,daily_open_proxy,2025-01-22,10.86,2025-01-27,10.4,hold_expired
2025-01-24,001208,opening,open,,closed,0.841524710830698,2025-01-24,9.51,9.95,9.46,daily_open_proxy,2025-01-24,9.51,2025-02-06,9.61,hold_expired
2025-01-24,002852,opening,open,,closed,-0.9328915662650714,2025-01-24,8.3,8.32,8.13,daily_open_proxy,2025-01-24,8.3,2025-02-06,8.24,hold_expired
2025-01-27,603089,opening,open,,closed,-6.401369606003749,2025-01-27,10.66,10.77,9.98,daily_open_proxy,2025-01-27,10.66,2025-02-05,10.0,stop_loss
2025-01-27,603687,opening,open,,closed,-6.209999999999995,2025-01-27,7.1,7.1,7.1,daily_open_proxy,2025-01-27,7.1,2025-02-05,6.6739999999999995,stop_loss
2025-02-05,002757,opening,open,,closed,4.322415375788856,2025-02-05,17.43,18.56,15.81,daily_open_proxy,2025-02-05,17.43,2025-02-10,18.22,hold_expired
2025-02-06,001380,opening,open,,closed,1.8002483247930625,2025-02-06,25.37,26.89,24.41,daily_open_proxy,2025-02-06,25.37,2025-02-11,25.88,hold_expired
2025-02-06,600191,opening,open,,closed,4.3012781954887105,2025-02-06,7.98,8.68,7.88,daily_open_proxy,2025-02-06,7.98,2025-02-11,8.34,hold_expired
2025-02-10,002576,opening,open,,closed,-1.7813387806411183,2025-02-10,15.91,16.2,15.55,daily_open_proxy,2025-02-10,15.91,2025-02-13,15.66,hold_expired
2025-02-10,603578,opening,open,,closed,1.9792103205629399,2025-02-10,12.79,13.07,12.49,daily_open_proxy,2025-02-10,12.79,2025-02-13,13.07,hold_expired
2025-02-11,603618,opening,open,,closed,-4.5849999999999955,2025-02-11,6.4,6.55,6.13,daily_open_proxy,2025-02-11,6.4,2025-02-14,6.12,hold_expired
2025-02-11,605255,opening,open,,closed,-3.126073968705557,2025-02-11,14.06,14.17,13.84,daily_open_proxy,2025-02-11,14.06,2025-02-14,13.65,hold_expired
2025-02-12,002173,opening,open,,closed,4.9624137931034475,2025-02-12,9.86,10.3,9.7,daily_open_proxy,2025-02-12,9.86,2025-02-17,10.37,hold_expired
2025-02-12,002229,opening,open,,closed,4.177291981845687,2025-02-12,13.22,13.63,13.11,daily_open_proxy,2025-02-12,13.22,2025-02-17,13.8,hold_expired
2025-02-13,002441,opening,open,,closed,-6.210000000000016,2025-02-13,9.66,9.84,9.2,daily_open_proxy,2025-02-13,9.66,2025-02-14,9.0804,stop_loss
2025-02-13,603660,opening,open,,closed,-6.210000000000005,2025-02-13,8.13,8.36,7.99,daily_open_proxy,2025-02-13,8.13,2025-02-18,7.6422,stop_loss
2025-02-14,002272,opening,open,,closed,0.5988978766430888,2025-02-14,9.89,10.13,9.4,daily_open_proxy,2025-02-14,9.89,2025-02-19,9.97,hold_expired
2025-02-14,003016,opening,open,,closed,-3.067142857142847,2025-02-14,7.7,7.7,7.5,daily_open_proxy,2025-02-14,7.7,2025-02-19,7.48,hold_expired
2025-02-18,002326,opening,open,,closed,2.662340425531905,2025-02-18,9.4,10.45,9.4,daily_open_proxy,2025-02-18,9.4,2025-02-21,9.67,hold_expired
2025-02-18,603085,opening,open,,closed,2.738829141370335,2025-02-18,11.53,12.49,11.46,daily_open_proxy,2025-02-18,11.53,2025-02-21,11.87,hold_expired
2025-02-19,001324,opening,open,,closed,7.34555555555556,2025-02-19,18.0,19.2,17.51,daily_open_proxy,2025-02-19,18.0,2025-02-24,19.36,hold_expired
2025-02-19,603717,opening,open,,closed,-3.1261603888213982,2025-02-19,8.23,8.35,8.11,daily_open_proxy,2025-02-19,8.23,2025-02-24,7.99,hold_expired
2025-02-21,002790,opening,open,,closed,-0.46673940949936243,2025-02-21,7.79,7.94,7.69,daily_open_proxy,2025-02-21,7.79,2025-02-26,7.77,hold_expired
2025-02-21,002908,opening,open,,closed,2.8143902439024417,2025-02-21,10.25,11.05,10.12,daily_open_proxy,2025-02-21,10.25,2025-02-26,10.56,hold_expired
2025-02-24,000590,opening,open,,closed,4.595194805194812,2025-02-24,7.7,7.95,7.64,daily_open_proxy,2025-02-24,7.7,2025-02-27,8.07,hold_expired
2025-02-24,603215,opening,open,,closed,-6.210000000000005,2025-02-24,19.0,19.37,18.5,daily_open_proxy,2025-02-24,19.0,2025-02-27,17.86,stop_loss
2025-02-25,002347,opening,open,,closed,-6.210000000000016,2025-02-25,9.16,9.45,9.1,daily_open_proxy,2025-02-25,9.16,2025-02-28,8.610399999999998,stop_loss
2025-02-25,603618,opening,open,,closed,-2.710000000000002,2025-02-25,6.4,6.51,6.36,daily_open_proxy,2025-02-25,6.4,2025-02-28,6.24,hold_expired
2025-02-26,603115,opening,open,,closed,-1.023008130081283,2025-02-26,14.76,15.05,14.64,daily_open_proxy,2025-02-26,14.76,2025-03-03,14.64,hold_expired
2025-02-27,002097,opening,open,,closed,-6.210000000000005,2025-02-27,8.83,9.15,8.57,daily_open_proxy,2025-02-27,8.83,2025-02-28,8.3002,stop_loss
2025-02-28,000815,opening,open,,closed,-8.543333333333326,2025-02-28,13.2,13.49,12.24,daily_open_proxy,2025-02-28,13.2,2025-03-03,12.1,stop_loss
2025-02-28,002209,opening,open,,closed,-6.210000000000005,2025-02-28,11.17,11.39,10.49,daily_open_proxy,2025-02-28,11.17,2025-03-03,10.499799999999999,stop_loss
2025-03-03,002406,opening,open,,closed,-8.84213811420982,2025-03-03,7.53,7.72,6.89,daily_open_proxy,2025-03-03,7.53,2025-03-04,6.88,stop_loss
2025-03-03,600729,opening,open,,closed,-7.233411371237442,2025-03-03,29.9,30.47,28.32,daily_open_proxy,2025-03-03,29.9,2025-03-04,27.8,stop_loss
2025-03-05,000619,opening,open,,closed,0.25728971962617386,2025-03-05,6.42,6.46,6.19,daily_open_proxy,2025-03-05,6.42,2025-03-10,6.45,hold_expired
2025-03-05,603978,opening,open,,closed,5.14714285714286,2025-03-05,14.0,14.03,13.61,daily_open_proxy,2025-03-05,14.0,2025-03-10,14.75,hold_expired
2025-03-06,002313,opening,open,,closed,2.639510240427433,2025-03-06,11.23,11.91,11.22,daily_open_proxy,2025-03-06,11.23,2025-03-11,11.55,hold_expired
2025-03-06,603123,opening,open,,closed,0.36803468208093015,2025-03-06,8.65,9.34,8.55,daily_open_proxy,2025-03-06,8.65,2025-03-11,8.7,hold_expired
2025-03-07,000829,opening,open,,closed,-6.210000000000005,2025-03-07,13.06,13.45,12.3,daily_open_proxy,2025-03-07,13.06,2025-03-10,12.2764,stop_loss
2025-03-07,603985,opening,open,,closed,0.1372222222222099,2025-03-07,14.4,15.36,14.06,daily_open_proxy,2025-03-07,14.4,2025-03-12,14.45,hold_expired
2025-03-10,002657,opening,open,,closed,-2.294320227380376,2025-03-10,21.11,21.6,20.6,daily_open_proxy,2025-03-10,21.11,2025-03-13,20.67,hold_expired
2025-03-10,603219,opening,open,,closed,-6.210000000000005,2025-03-10,19.4,20.25,19.35,daily_open_proxy,2025-03-10,19.4,2025-03-13,18.235999999999997,stop_loss
2025-03-11,001268,opening,open,,closed,0.8708270676691656,2025-03-11,21.28,22.3,21.21,daily_open_proxy,2025-03-11,21.28,2025-03-14,21.51,hold_expired
2025-03-11,600367,opening,open,,closed,5.467154582763322,2025-03-11,14.62,15.58,14.41,daily_open_proxy,2025-03-11,14.62,2025-03-14,15.45,hold_expired
2025-03-13,600560,opening,open,,closed,-9.591443298969084,2025-03-13,19.4,19.68,18.05,daily_open_proxy,2025-03-13,19.4,2025-03-14,17.58,stop_loss
2025-03-14,603950,opening,open,,closed,6.059592476489039,2025-03-14,25.52,26.35,24.57,daily_open_proxy,2025-03-14,25.52,2025-03-19,27.12,hold_expired
2025-03-18,002923,opening,open,,closed,11.643832442067746,2025-03-18,11.22,12.49,11.19,daily_open_proxy,2025-03-18,11.22,2025-03-21,12.55,hold_expired
2025-03-18,002946,opening,open,,closed,-6.210000000000005,2025-03-18,16.0,16.14,15.4,daily_open_proxy,2025-03-18,16.0,2025-03-19,15.04,stop_loss
2025-03-19,601798,opening,open,,closed,18.23660194174754,2025-03-19,7.21,7.59,7.0,daily_open_proxy,2025-03-19,7.21,2025-03-24,8.54,hold_expired
2025-03-21,002838,opening,open,,closed,-6.210000000000005,2025-03-21,16.19,16.72,15.6,daily_open_proxy,2025-03-21,16.19,2025-03-24,15.2186,stop_loss
2025-03-24,000595,opening,open,,closed,-13.090886426592798,2025-03-24,7.22,7.35,6.99,daily_open_proxy,2025-03-24,7.22,2025-03-25,6.29,stop_loss
2025-03-24,603355,opening,open,,closed,-2.8159763724808893,2025-03-24,28.78,30.4,27.88,daily_open_proxy,2025-03-24,28.78,2025-03-27,28.03,hold_expired
2025-03-25,601798,opening,open,,closed,-6.841989596879073,2025-03-25,7.69,8.08,7.69,daily_open_proxy,2025-03-25,7.69,2025-03-26,7.18,stop_loss
2025-03-26,603280,opening,open,,closed,-6.210000000000005,2025-03-26,26.05,27.88,25.8,daily_open_proxy,2025-03-26,26.05,2025-03-28,24.487,stop_loss
2025-03-27,603066,opening,open,,closed,-9.869540775930332,2025-03-27,12.63,12.79,12.3,daily_open_proxy,2025-03-27,12.63,2025-04-01,11.41,stop_loss
2025-03-27,603585,opening,open,,closed,-1.1464548494983249,2025-03-27,14.95,16.47,14.95,daily_open_proxy,2025-03-27,14.95,2025-04-01,14.81,hold_expired
2025-03-28,603353,opening,open,,closed,-9.79279009126467,2025-03-28,15.34,17.38,15.34,daily_open_proxy,2025-03-28,15.34,2025-04-08,13.87,hold_expired
2025-03-28,603657,opening,open,,closed,6.346408741878328,2025-03-28,16.93,17.63,16.6,daily_open_proxy,2025-03-28,16.93,2025-04-02,18.04,hold_expired
2025-03-31,002054,opening,open,,closed,-6.210000000000005,2025-03-31,6.66,6.73,6.14,daily_open_proxy,2025-03-31,6.66,2025-04-02,6.2604,stop_loss
2025-03-31,603078,opening,open,,closed,0.9973490813648391,2025-03-31,19.05,19.64,18.33,daily_open_proxy,2025-03-31,19.05,2025-04-03,19.28,hold_expired
2025-04-03,001258,opening,open,,closed,-3.108550724637672,2025-04-03,7.59,8.49,7.59,daily_open_proxy,2025-04-03,7.59,2025-04-09,7.37,hold_expired
2025-04-03,603192,opening,open,,closed,-8.959298934380246,2025-04-03,17.83,18.95,17.5,daily_open_proxy,2025-04-03,17.83,2025-04-08,16.27,stop_loss
2025-04-07,603985,opening,open,,closed,-10.183226238286482,2025-04-07,14.94,15.1,14.94,daily_open_proxy,2025-04-07,14.94,2025-04-08,13.45,stop_loss
2025-04-08,603313,opening,open,,closed,15.221164901664139,2025-04-08,6.61,7.47,6.58,daily_open_proxy,2025-04-08,6.61,2025-04-11,7.63,hold_expired
2025-04-10,601038,opening,open,,closed,-1.3847430249632762,2025-04-10,13.62,14.49,13.62,daily_open_proxy,2025-04-10,13.62,2025-04-15,13.46,hold_expired
2025-04-11,000697,opening,open,,closed,1.9835483870967776,2025-04-11,7.75,8.37,7.75,daily_open_proxy,2025-04-11,7.75,2025-04-16,7.92,hold_expired
2025-04-14,001317,opening,open,,closed,1.1683783783783754,2025-04-14,37.0,39.86,36.88,daily_open_proxy,2025-04-14,37.0,2025-04-17,37.51,hold_expired
2025-04-14,600859,opening,open,,closed,-6.209999999999995,2025-04-14,15.9,16.84,15.86,daily_open_proxy,2025-04-14,15.9,2025-04-16,14.946000000000002,stop_loss
2025-04-15,600192,opening,open,,closed,-0.5224999999999933,2025-04-15,6.4,6.55,6.32,daily_open_proxy,2025-04-15,6.4,2025-04-18,6.38,hold_expired
2025-04-15,603933,opening,open,,closed,2.721379080612917,2025-04-15,15.01,15.15,14.62,daily_open_proxy,2025-04-15,15.01,2025-04-18,15.45,hold_expired
2025-04-16,002861,opening,open,,closed,0.5805138339920681,2025-04-16,12.65,12.99,12.26,daily_open_proxy,2025-04-16,12.65,2025-04-21,12.75,hold_expired
2025-04-16,603215,opening,open,,closed,-1.6679191517561263,2025-04-16,15.09,15.17,14.4,daily_open_proxy,2025-04-16,15.09,2025-04-21,14.87,hold_expired
2025-04-17,601083,opening,open,,closed,-1.1224087591240948,2025-04-17,10.96,11.14,10.55,daily_open_proxy,2025-04-17,10.96,2025-04-22,10.86,hold_expired
2025-04-17,603687,opening,open,,closed,4.38259259259257,2025-04-17,6.75,7.09,6.75,daily_open_proxy,2025-04-17,6.75,2025-04-22,7.06,hold_expired
2025-04-18,600629,opening,open,,closed,3.1192231812577234,2025-04-18,8.11,8.34,8.02,daily_open_proxy,2025-04-18,8.11,2025-04-23,8.38,hold_expired
2025-04-21,001300,opening,open,,closed,3.4034453781512477,2025-04-21,11.9,12.41,11.9,daily_open_proxy,2025-04-21,11.9,2025-04-24,12.33,hold_expired
2025-04-21,600250,opening,open,,closed,-6.210000000000005,2025-04-21,9.49,10.32,9.48,daily_open_proxy,2025-04-21,9.49,2025-04-24,8.9206,stop_loss
2025-04-22,002446,opening,open,,closed,2.939606299212593,2025-04-22,6.35,6.38,6.12,daily_open_proxy,2025-04-22,6.35,2025-04-25,6.55,hold_expired
2025-04-23,002279,opening,open,,closed,-5.12071428571429,2025-04-23,6.72,6.84,6.57,daily_open_proxy,2025-04-23,6.72,2025-04-28,6.39,hold_expired
2025-04-23,002651,opening,open,,closed,-4.8299701937406745,2025-04-23,6.71,6.8,6.6,daily_open_proxy,2025-04-23,6.71,2025-04-28,6.4,hold_expired
2025-04-24,600571,opening,open,,closed,-8.964974417282548,2025-04-24,17.59,17.94,16.02,daily_open_proxy,2025-04-24,17.59,2025-04-25,16.05,stop_loss
2025-04-24,603676,opening,open,,closed,-4.006296296296309,2025-04-24,10.8,12.1,10.8,daily_open_proxy,2025-04-24,10.8,2025-04-29,10.39,hold_expired
2025-04-25,603890,opening,open,,closed,3.2571532846715314,2025-04-25,10.96,11.25,10.94,daily_open_proxy,2025-04-25,10.96,2025-04-30,11.34,hold_expired
2025-04-25,605018,opening,open,,closed,-6.210000000000005,2025-04-25,11.0,11.32,10.79,daily_open_proxy,2025-04-25,11.0,2025-04-28,10.34,stop_loss
2025-04-28,000953,opening,open,,closed,-6.210000000000005,2025-04-28,6.17,6.6,5.86,daily_open_proxy,2025-04-28,6.17,2025-04-30,5.799799999999999,stop_loss
2025-04-29,002095,opening,open,,closed,7.7080509413067535,2025-04-29,18.06,19.59,18.06,daily_open_proxy,2025-04-29,18.06,2025-05-07,19.49,hold_expired
2025-04-29,603280,opening,open,,closed,10.124346504559266,2025-04-29,23.03,24.46,23.03,daily_open_proxy,2025-04-29,23.03,2025-05-07,25.41,hold_expired
2025-04-30,002769,opening,open,,closed,5.909610570236422,2025-04-30,7.19,7.31,7.12,daily_open_proxy,2025-04-30,7.19,2025-05-08,7.63,hold_expired
2025-05-08,002790,opening,open,,closed,0.6210249307479145,2025-05-08,7.22,7.28,7.1,daily_open_proxy,2025-05-08,7.22,2025-05-13,7.28,hold_expired
2025-05-08,603011,opening,open,,closed,6.040000000000022,2025-05-08,11.2,11.66,10.93,daily_open_proxy,2025-05-08,11.2,2025-05-13,11.9,hold_expired
2025-05-09,002975,opening,open,,closed,-0.5835990037359804,2025-05-09,32.12,32.16,31.22,daily_open_proxy,2025-05-09,32.12,2025-05-14,32.0,hold_expired
2025-05-12,002158,opening,open,,closed,-2.4322222222222143,2025-05-12,18.9,19.19,18.65,daily_open_proxy,2025-05-12,18.9,2025-05-15,18.48,hold_expired
2025-05-12,002560,opening,open,,closed,14.992231520223152,2025-05-12,7.17,7.95,7.05,daily_open_proxy,2025-05-12,7.17,2025-05-15,8.26,hold_expired
2025-05-13,600156,opening,open,,closed,-7.0899999999999865,2025-05-13,6.25,6.46,5.8,daily_open_proxy,2025-05-13,6.25,2025-05-14,5.82,stop_loss
2025-05-14,001356,opening,open,,closed,-2.1683070120025247,2025-05-14,15.83,16.03,15.62,daily_open_proxy,2025-05-14,15.83,2025-05-19,15.52,hold_expired
2025-05-14,603600,opening,open,,closed,-3.4827272727272605,2025-05-14,11.0,11.11,10.72,daily_open_proxy,2025-05-14,11.0,2025-05-19,10.64,hold_expired
2025-05-15,001238,opening,open,,closed,2.0755530474040764,2025-05-15,35.44,37.35,34.7,daily_open_proxy,2025-05-15,35.44,2025-05-20,36.25,hold_expired
2025-05-16,002404,opening,open,,closed,-2.9707361963190024,2025-05-16,6.52,6.66,6.39,daily_open_proxy,2025-05-16,6.52,2025-05-21,6.34,hold_expired
2025-05-16,603803,opening,open,,closed,-1.6128056112224463,2025-05-16,9.98,10.17,9.91,daily_open_proxy,2025-05-16,9.98,2025-05-21,9.84,hold_expired
2025-05-19,002626,opening,open,,closed,-4.159447077409163,2025-05-19,18.99,19.1,17.98,daily_open_proxy,2025-05-19,18.99,2025-05-22,18.24,hold_expired
2025-05-19,600223,opening,open,,closed,1.9418987341772267,2025-05-19,7.9,8.34,7.88,daily_open_proxy,2025-05-19,7.9,2025-05-22,8.07,hold_expired
2025-05-21,002389,opening,open,,closed,0.02640661938535424,2025-05-21,21.15,21.5,20.48,daily_open_proxy,2025-05-21,21.15,2025-05-26,21.2,hold_expired
2025-05-21,002990,opening,open,,closed,2.89515172900494,2025-05-21,28.34,28.67,27.22,daily_open_proxy,2025-05-21,28.34,2025-05-26,29.22,hold_expired
2025-05-22,002297,opening,open,,closed,-6.210000000000005,2025-05-22,7.86,7.97,7.46,daily_open_proxy,2025-05-22,7.86,2025-05-23,7.3884,stop_loss
2025-05-22,600550,opening,open,,closed,8.012222222222219,2025-05-22,9.0,9.6,8.79,daily_open_proxy,2025-05-22,9.0,2025-05-27,9.74,hold_expired
2025-05-23,603321,opening,open,,closed,-1.0752657601977753,2025-05-23,8.09,8.34,7.84,daily_open_proxy,2025-05-23,8.09,2025-05-28,8.02,hold_expired
2025-05-23,603970,opening,open,,closed,-0.4163273727647807,2025-05-23,14.54,14.63,14.09,daily_open_proxy,2025-05-23,14.54,2025-05-28,14.51,hold_expired
2025-05-26,002364,opening,open,,closed,1.9136727045596649,2025-05-26,16.01,16.56,15.78,daily_open_proxy,2025-05-26,16.01,2025-05-29,16.35,hold_expired
2025-05-26,002952,opening,open,,closed,-0.4073359644795058,2025-05-26,20.27,20.88,19.86,daily_open_proxy,2025-05-26,20.27,2025-05-29,20.23,hold_expired
2025-05-28,002835,opening,open,,closed,-6.210000000000016,2025-05-28,19.06,19.7,18.71,daily_open_proxy,2025-05-28,19.06,2025-05-30,17.916399999999996,stop_loss
2025-05-28,603076,opening,open,,closed,23.64675545154273,2025-05-28,27.0,30.31,26.8,daily_open_proxy,2025-05-28,27.0,2025-06-03,33.0,hold_expired
2025-05-29,600616,opening,open,,closed,-6.210000000000016,2025-05-29,6.53,6.56,6.21,daily_open_proxy,2025-05-29,6.53,2025-05-30,6.138199999999999,stop_loss
2025-05-29,603599,opening,open,,closed,-1.012854594112401,2025-05-29,11.21,11.51,11.06,daily_open_proxy,2025-05-29,11.21,2025-06-04,11.12,hold_expired
2025-05-30,002829,opening,open,,closed,3.003429256594713,2025-05-30,20.85,21.41,19.91,daily_open_proxy,2025-05-30,20.85,2025-06-05,21.52,hold_expired
2025-05-30,600192,opening,open,,closed,-6.209999999999995,2025-05-30,8.5,9.53,8.35,daily_open_proxy,2025-05-30,8.5,2025-06-04,7.99,stop_loss
2025-06-03,000037,opening,open,,closed,-0.874451827242507,2025-06-03,9.03,9.22,8.98,daily_open_proxy,2025-06-03,9.03,2025-06-06,8.97,hold_expired
2025-06-03,002968,opening,open,,closed,0.9327353108845129,2025-06-03,10.6,11.86,10.52,daily_open_proxy,2025-06-03,10.6,2025-06-06,10.54,hold_expired
2025-06-05,002829,opening,open,,closed,-4.415607476635498,2025-06-05,21.4,21.95,21.1,daily_open_proxy,2025-06-05,21.4,2025-06-10,20.5,hold_expired
2025-06-05,002968,opening,open,,closed,-4.888889555206867,2025-06-05,11.13,11.27,10.73,daily_open_proxy,2025-06-05,11.13,2025-06-10,10.43,hold_expired
2025-06-06,603221,opening,open,,closed,-2.7962068965517126,2025-06-06,11.6,11.64,11.36,daily_open_proxy,2025-06-06,11.6,2025-06-11,11.3,hold_expired
2025-06-09,002339,opening,open,,closed,5.413309416258304,2025-06-09,7.66,7.84,7.45,daily_open_proxy,2025-06-09,7.66,2025-06-12,8.07,hold_expired
2025-06-10,603937,opening,open,,closed,-4.181486761710808,2025-06-10,9.82,10.16,9.79,daily_open_proxy,2025-06-10,9.82,2025-06-13,9.43,hold_expired
2025-06-10,605122,opening,open,,closed,-5.325511551155095,2025-06-10,12.12,12.17,11.86,daily_open_proxy,2025-06-10,12.12,2025-06-13,11.5,hold_expired
2025-06-11,002017,opening,open,,closed,15.280554371266962,2025-06-11,11.65,12.18,11.46,daily_open_proxy,2025-06-11,11.65,2025-06-16,13.27,hold_expired
2025-06-11,600927,opening,open,,closed,-6.210000000000005,2025-06-11,15.35,16.05,14.5,daily_open_proxy,2025-06-11,15.35,2025-06-13,14.428999999999998,stop_loss
2025-06-12,002300,opening,open,,closed,-1.2304081632653072,2025-06-12,6.86,6.89,6.65,daily_open_proxy,2025-06-12,6.86,2025-06-17,6.79,hold_expired
2025-06-12,603716,opening,open,,closed,-6.210000000000005,2025-06-12,12.95,13.84,12.66,daily_open_proxy,2025-06-12,12.95,2025-06-16,12.173,stop_loss
2025-06-13,002842,opening,open,,closed,-6.210000000000005,2025-06-13,8.92,9.14,8.57,daily_open_proxy,2025-06-13,8.92,2025-06-18,8.384799999999998,stop_loss
2025-06-13,603586,opening,open,,closed,-6.210000000000016,2025-06-13,19.4,19.57,18.28,daily_open_proxy,2025-06-13,19.4,2025-06-16,18.235999999999994,stop_loss
2025-06-16,603232,opening,open,,closed,-1.3410711909514381,2025-06-16,15.03,15.76,14.97,daily_open_proxy,2025-06-16,15.03,2025-06-19,14.86,hold_expired
2025-06-16,605151,opening,open,,closed,-6.210000000000005,2025-06-16,18.51,18.62,17.81,daily_open_proxy,2025-06-16,18.51,2025-06-18,17.3994,stop_loss
2025-06-17,002246,opening,open,,closed,-6.210000000000005,2025-06-17,13.99,15.21,13.81,daily_open_proxy,2025-06-17,13.99,2025-06-19,13.150599999999999,stop_loss
2025-06-17,603880,opening,open,,closed,-6.209999999999995,2025-06-17,6.11,6.18,5.82,daily_open_proxy,2025-06-17,6.11,2025-06-18,5.7434,stop_loss
2025-06-18,000788,opening,open,,closed,-6.210000000000005,2025-06-18,6.34,6.63,6.29,daily_open_proxy,2025-06-18,6.34,2025-06-20,5.959599999999999,stop_loss
2025-06-18,003036,opening,open,,closed,4.405384615384621,2025-06-18,13.65,14.22,13.6,daily_open_proxy,2025-06-18,13.65,2025-06-23,14.28,hold_expired
2025-06-19,002780,opening,open,,closed,-6.210000000000005,2025-06-19,12.88,12.98,12.28,daily_open_proxy,2025-06-19,12.88,2025-06-20,12.107199999999999,stop_loss
2025-06-19,603222,opening,open,,closed,7.517272727272738,2025-06-19,6.6,7.29,6.45,daily_open_proxy,2025-06-19,6.6,2025-06-24,7.11,hold_expired
2025-06-20,601089,opening,open,,closed,-6.210000000000016,2025-06-20,17.78,19.28,17.7,daily_open_proxy,2025-06-20,17.78,2025-06-25,16.7132,stop_loss
2025-06-23,603685,opening,open,,closed,6.507557251908413,2025-06-23,13.1,13.95,13.0,daily_open_proxy,2025-06-23,13.1,2025-06-26,13.98,hold_expired
2025-06-23,605298,opening,open,,closed,2.569757662152549,2025-06-23,14.03,14.35,13.22,daily_open_proxy,2025-06-23,14.03,2025-06-26,14.42,hold_expired
2025-06-24,002930,opening,open,,closed,-2.0101800180017846,2025-06-24,11.11,11.5,11.0,daily_open_proxy,2025-06-24,11.11,2025-06-27,10.91,hold_expired
2025-06-24,603212,opening,open,,closed,5.963994387277815,2025-06-24,10.69,11.95,10.51,daily_open_proxy,2025-06-24,10.69,2025-06-27,11.35,hold_expired
2025-06-25,600955,opening,open,,closed,-1.4505237767057153,2025-06-25,14.51,14.9,14.38,daily_open_proxy,2025-06-25,14.51,2025-06-30,14.33,hold_expired
