entry_date,code,decision,signal_date
2026-01-15,603282,accepted,2026-01-15
2026-01-21,000987,accepted,2026-01-21
2026-01-21,600189,accepted,2026-01-21
2026-02-04,001326,accepted,2026-02-04
2026-02-11,603626,accepted,2026-02-11
2026-03-02,600478,accepted,2026-03-02
2026-03-13,002455,accepted,2026-03-13
2026-03-30,603217,accepted,2026-03-30
2026-03-31,002455,accepted,2026-03-31
2026-04-01,002980,accepted,2026-04-01
2026-04-01,603585,accepted,2026-04-01
2026-04-02,002454,accepted,2026-04-02
2026-04-03,601133,accepted,2026-04-03
2026-04-14,601999,accepted,2026-04-14
2026-04-15,002943,accepted,2026-04-15
2026-04-23,605298,accepted,2026-04-23
2026-04-29,605006,accepted,2026-04-29
2026-05-06,603013,accepted,2026-05-06
2026-05-06,603256,accepted,2026-05-06
2026-05-08,603936,accepted,2026-05-08
2026-05-08,603978,accepted,2026-05-08
2026-05-12,002902,accepted,2026-05-12
2026-05-15,002628,accepted,2026-05-15
2026-05-26,001366,accepted,2026-05-26
2026-05-27,002976,accepted,2026-05-27
2026-06-10,603206,accepted,2026-06-10
2026-06-11,002976,accepted,2026-06-11
2026-06-11,600110,accepted,2026-06-11
2026-06-16,000969,accepted,2026-06-16
2026-06-16,002270,accepted,2026-06-16
2026-06-17,603727,accepted,2026-06-17
2026-06-22,000050,accepted,2026-06-22
2026-06-23,002491,accepted,2026-06-23
2026-06-25,000551,accepted,2026-06-25
2026-07-01,002639,accepted,2026-07-01
2026-07-01,603516,accepted,2026-07-01
2026-07-06,603273,accepted,2026-07-06
2026-07-22,002992,accepted,2026-07-22
2026-07-22,600722,accepted,2026-07-22
2026-08-05,603011,accepted,2026-08-05
2026-08-06,001266,accepted,2026-08-06
2026-08-10,002826,accepted,2026-08-10
2026-08-10,003036,accepted,2026-08-10
2026-08-11,002971,accepted,2026-08-11
2026-08-11,603655,accepted,2026-08-11
2026-08-17,002174,accepted,2026-08-17
2026-08-18,002774,accepted,2026-08-18
2026-08-20,001366,accepted,2026-08-20
2026-08-24,000590,accepted,2026-08-24
2026-08-24,001360,accepted,2026-08-24
2026-08-26,603032,accepted,2026-08-26
2026-08-28,603392,accepted,2026-08-28
2026-08-28,605169,accepted,2026-08-28
2026-09-09,603311,accepted,2026-09-09
2026-09-11,605198,accepted,2026-09-11
2026-09-18,002388,accepted,2026-09-18
2026-09-18,002679,accepted,2026-09-18
2026-09-22,001211,accepted,2026-09-22
2026-09-22,600640,accepted,2026-09-22
2026-09-24,605178,accepted,2026-09-24
