segment,variant,signal_date,opportunities,baseline_picks,selected_picks,net_sum,delta_net_sum
train,baseline,2024-01-02,1,1,1,-1.3859115361625771,0.0
train,baseline,2024-01-09,2,2,2,-2.554037503890418,0.0
train,baseline,2024-01-24,2,2,2,-23.25133531943855,0.0
train,baseline,2024-01-25,1,1,1,-7.310000000000006,0.0
train,baseline,2024-03-06,1,1,1,-1.680558375634512,0.0
train,baseline,2024-03-11,1,1,1,-7.310000000000006,0.0
train,baseline,2024-03-28,1,1,1,-1.1013896802785648,0.0
train,baseline,2024-03-29,2,2,2,-12.977142857142832,0.0
train,baseline,2024-04-01,2,2,2,10.461844047301515,0.0
train,baseline,2024-04-02,2,2,2,1.6996671288035152,0.0
train,baseline,2024-04-11,2,2,2,9.881340932783766,0.0
train,baseline,2024-04-17,2,2,2,-10.778705701078596,0.0
train,baseline,2024-04-23,2,2,2,1.688590963139112,0.0
train,baseline,2024-04-24,2,2,2,17.68476454238832,0.0
train,baseline,2024-04-25,2,2,2,18.76492695580938,0.0
train,baseline,2024-04-26,2,2,2,-10.3083308714919,0.0
train,baseline,2024-04-29,2,2,2,6.746086872293032,0.0
train,baseline,2024-05-06,2,2,2,-3.331766669478999,0.0
train,baseline,2024-05-07,1,1,1,-1.9497124887691073,0.0
train,baseline,2024-05-09,2,2,2,2.556152096264495,0.0
train,baseline,2024-05-14,1,1,1,-7.310000000000006,0.0
train,baseline,2024-05-16,1,1,1,-4.264423592493294,0.0
train,baseline,2024-05-17,1,1,1,-0.31,0.0
train,baseline,2024-05-20,2,2,2,-17.141276595744692,0.0
train,baseline,2024-05-22,1,1,1,-10.04871733966747,0.0
train,baseline,2024-05-27,1,1,1,3.4188135593220417,0.0
train,baseline,2024-05-29,1,1,1,-7.309999999999994,0.0
train,baseline,2024-05-31,2,2,2,-11.256219957490865,0.0
train,baseline,2024-06-11,2,2,2,6.990113883984161,0.0
train,baseline,2024-06-12,2,2,2,3.6756106434463236,0.0
train,baseline,2024-06-14,2,2,2,1.154416056380236,0.0
train,baseline,2024-06-18,2,2,2,-14.64824133504492,0.0
train,baseline,2024-06-25,1,1,1,4.463269689737459,0.0
train,baseline,2024-06-26,1,1,1,3.8028084606345316,0.0
train,baseline,2024-06-28,2,2,2,-14.620000000000012,0.0
train,baseline,2024-07-02,1,1,1,-7.353650793650801,0.0
train,baseline,2024-07-09,2,2,2,2.6734301431929657,0.0
train,baseline,2024-07-11,2,2,2,-14.620000000000012,0.0
train,baseline,2024-07-19,2,2,2,8.018862140908366,0.0
train,baseline,2024-07-22,2,2,2,-0.42735882539489856,0.0
train,baseline,2024-07-26,1,1,1,-0.57465028355388,0.0
train,baseline,2024-07-29,2,2,2,-1.086143764892768,0.0
train,baseline,2024-07-30,2,2,2,-11.261506277255908,0.0
train,baseline,2024-07-31,2,2,2,-14.620000000000012,0.0
train,baseline,2024-08-13,2,2,2,-2.399443864477548,0.0
train,baseline,2024-08-15,2,2,2,4.251799011049327,0.0
train,baseline,2024-08-26,1,1,1,-7.310000000000006,0.0
train,baseline,2024-08-28,2,2,2,9.088186113830865,0.0
train,baseline,2024-08-29,2,2,2,2.6725423812077524,0.0
train,baseline,2024-08-30,2,2,2,-3.138311088339409,0.0
train,baseline,2024-09-03,2,2,2,-0.11772002270192994,0.0
train,baseline,2024-09-05,1,1,1,-7.309999999999994,0.0
train,baseline,2024-09-10,2,2,2,9.272812436509966,0.0
train,baseline,2024-09-19,1,1,1,28.023333333333344,0.0
train,baseline,2024-09-23,2,2,2,23.62442371300142,0.0
train,baseline,2024-09-24,2,2,2,44.85159241219403,0.0
train,baseline,2024-09-25,2,2,2,87.47514759757127,0.0
train,baseline,2024-09-26,2,2,2,17.2883185840708,0.0
train,baseline,2024-09-27,1,1,1,0.20470588235293935,0.0
train,baseline,2024-11-05,2,2,2,5.553942825057677,0.0
train,baseline,2024-11-06,1,1,1,7.451732851985559,0.0
train,baseline,2024-11-07,2,2,2,0.6195972881906413,0.0
train,baseline,2024-11-11,1,1,1,-0.8277514792899519,0.0
train,baseline,2024-11-13,2,2,2,-7.7067302688638275,0.0
train,baseline,2024-11-19,2,2,2,-3.0470493020493334,0.0
train,baseline,2024-11-20,2,2,2,-5.907750214122156,0.0
train,baseline,2024-11-21,2,2,2,-7.4645998445998405,0.0
train,baseline,2024-11-25,2,2,2,9.580414230019494,0.0
train,baseline,2024-11-27,2,2,2,9.85503282588631,0.0
train,baseline,2024-11-28,2,2,2,-6.001421534130925,0.0
train,baseline,2024-11-29,2,2,2,12.223519398054327,0.0
train,baseline,2024-12-02,2,2,2,-2.6264195699617705,0.0
train,baseline,2024-12-03,2,2,2,-2.7826213838842997,0.0
train,baseline,2024-12-05,2,2,2,1.6320830847203132,0.0
train,baseline,2024-12-06,2,2,2,14.068071394839162,0.0
train,baseline,2024-12-10,2,2,2,-12.915675198587829,0.0
train,baseline,2024-12-11,2,2,2,-13.11450549450549,0.0
train,baseline,2024-12-12,1,1,1,-3.436177024482124,0.0
train,baseline,2024-12-20,2,2,2,-10.807500000000005,0.0
train,baseline,2024-12-24,2,2,2,-15.583335496430871,0.0
train,baseline,2024-12-26,2,2,2,-14.620000000000022,0.0
train,baseline,2024-12-27,2,2,2,-8.268824006488263,0.0
train,baseline,2025-01-07,1,1,1,-0.9722516556291425,0.0
train,baseline,2025-01-09,2,2,2,2.4700900900900695,0.0
train,baseline,2025-01-13,1,1,1,2.5113166144200663,0.0
train,baseline,2025-01-14,2,2,2,10.913141195503194,0.0
train,baseline,2025-01-16,2,2,2,-4.160222271518722,0.0
train,baseline,2025-01-17,1,1,1,2.1530541871921263,0.0
train,baseline,2025-01-20,2,2,2,-6.094033011744218,0.0
train,baseline,2025-01-24,1,1,1,-15.151849148418496,0.0
train,baseline,2025-02-06,2,2,2,3.374342835173281,0.0
train,baseline,2025-02-07,2,2,2,15.468178507140394,0.0
train,baseline,2025-02-10,2,2,2,-1.2474534074712347,0.0
train,baseline,2025-02-12,1,1,1,-5.946978579481399,0.0
train,baseline,2025-02-17,2,2,2,0.5312693366224623,0.0
train,baseline,2025-02-20,2,2,2,2.40519399820359,0.0
train,baseline,2025-02-21,2,2,2,-6.195279482543926,0.0
train,baseline,2025-02-24,1,1,1,-6.629637883008344,0.0
train,baseline,2025-02-26,2,2,2,3.181805898401978,0.0
train,baseline,2025-03-03,2,2,2,25.40310429043462,0.0
train,baseline,2025-03-04,2,2,2,-0.10431188617417053,0.0
train,baseline,2025-03-06,2,2,2,2.4083104861347113,0.0
train,baseline,2025-03-10,2,2,2,13.62314410604397,0.0
train,baseline,2025-03-11,2,2,2,5.746435892825017,0.0
train,baseline,2025-03-12,2,2,2,3.262155602866555,0.0
train,baseline,2025-03-14,2,2,2,-5.087331831348564,0.0
train,baseline,2025-03-17,2,2,2,-4.287285069781179,0.0
train,baseline,2025-03-18,2,2,2,-14.620000000000012,0.0
train,baseline,2025-03-25,1,1,1,-2.116239737274207,0.0
train,baseline,2025-03-26,2,2,2,6.463516982744231,0.0
train,baseline,2025-04-01,2,2,2,13.872007104795749,0.0
train,baseline,2025-04-02,2,2,2,-35.20880563289481,0.0
train,baseline,2025-04-08,2,2,2,9.291662124684416,0.0
train,baseline,2025-04-09,1,1,1,-0.8168790731354023,0.0
train,baseline,2025-04-10,2,2,2,16.74812554791498,0.0
train,baseline,2025-04-11,1,1,1,-7.310000000000017,0.0
train,baseline,2025-04-14,1,1,1,-7.310000000000006,0.0
train,baseline,2025-04-15,2,2,2,-5.195596816976135,0.0
train,baseline,2025-04-17,1,1,1,-3.8448837209302376,0.0
train,baseline,2025-04-21,2,2,2,-2.0021673937280733,0.0
train,baseline,2025-04-23,2,2,2,-9.649493356694407,0.0
train,baseline,2025-04-25,2,2,2,-10.99322595928184,0.0
train,baseline,2025-05-06,2,2,2,7.573871987787605,0.0
train,baseline,2025-05-07,2,2,2,-0.1841618769506188,0.0
train,baseline,2025-05-12,2,2,2,2.713401658245594,0.0
train,baseline,2025-05-19,2,2,2,-10.212087312414754,0.0
train,baseline,2025-05-20,1,1,1,-2.2843336623889607,0.0
train,baseline,2025-05-26,2,2,2,13.495269204135882,0.0
train,baseline,2025-05-27,2,2,2,9.299586667702584,0.0
train,baseline,2025-05-29,2,2,2,-11.046590468007592,0.0
train,baseline,2025-06-03,2,2,2,2.571038875092844,0.0
train,baseline,2025-06-04,2,2,2,5.291246443368445,0.0
train,baseline,2025-06-05,2,2,2,3.8165146180927465,0.0
train,baseline,2025-06-06,2,2,2,1.4662310636692082,0.0
train,baseline,2025-06-09,2,2,2,-12.473846977136429,0.0
train,baseline,2025-06-11,2,2,2,-3.7218050458407665,0.0
train,baseline,2025-06-16,2,2,2,-0.8869588643704591,0.0
train,baseline,2025-06-23,2,2,2,4.246166535742357,0.0
train,baseline,2025-06-24,2,2,2,2.623606666753429,0.0
train,low80,2024-01-02,1,1,1,-1.3859115361625771,0.0
train,low80,2024-01-09,2,2,2,-2.554037503890418,0.0
train,low80,2024-01-24,2,2,2,-23.25133531943855,0.0
train,low80,2024-01-25,1,1,1,-7.310000000000006,0.0
train,low80,2024-03-06,1,1,1,-1.680558375634512,0.0
train,low80,2024-03-11,1,1,1,-7.310000000000006,0.0
train,low80,2024-03-28,1,1,1,-1.1013896802785648,0.0
train,low80,2024-03-29,2,2,2,-12.977142857142832,0.0
train,low80,2024-04-01,2,2,2,1.6748875255623838,-8.786956521739132
train,low80,2024-04-02,2,2,2,1.6996671288035152,0.0
train,low80,2024-04-11,2,2,2,9.881340932783766,0.0
train,low80,2024-04-17,2,2,2,-10.778705701078596,0.0
train,low80,2024-04-23,2,2,2,4.5017622258386885,2.8131712626995764
train,low80,2024-04-24,2,2,2,19.093005670452467,1.408241128064148
train,low80,2024-04-25,2,2,2,18.76492695580938,0.0
train,low80,2024-04-26,2,2,2,11.610500911160582,21.918831782652482
train,low80,2024-04-29,2,2,2,3.7222571320592905,-3.023829740233741
train,low80,2024-05-06,2,2,2,-1.9011257042025127,1.4306409652764862
train,low80,2024-05-07,1,1,1,-1.9497124887691073,0.0
train,low80,2024-05-09,2,2,2,2.556152096264495,0.0
train,low80,2024-05-14,1,1,1,-7.310000000000006,0.0
train,low80,2024-05-16,1,1,1,-4.264423592493294,0.0
train,low80,2024-05-17,1,1,1,-0.31,0.0
train,low80,2024-05-20,2,2,2,-14.620000000000022,2.52127659574467
train,low80,2024-05-22,1,1,1,-10.04871733966747,0.0
train,low80,2024-05-27,1,1,1,3.4188135593220417,0.0
train,low80,2024-05-29,1,1,1,-7.309999999999994,0.0
train,low80,2024-05-31,2,2,2,-14.620000000000001,-3.363780042509136
train,low80,2024-06-11,2,2,2,6.990113883984161,0.0
train,low80,2024-06-12,2,2,2,-3.9913980789754286,-7.667008722421752
train,low80,2024-06-14,2,2,2,-8.687754451552344,-9.842170507932579
train,low80,2024-06-18,2,2,2,-10.13597444089456,4.512266894150361
train,low80,2024-06-25,1,1,1,4.463269689737459,0.0
train,low80,2024-06-26,1,1,1,3.8028084606345316,0.0
train,low80,2024-06-28,2,2,2,-14.620000000000012,0.0
train,low80,2024-07-02,1,1,1,-7.353650793650801,0.0
train,low80,2024-07-09,2,2,2,4.581555917176238,1.9081257739832722
train,low80,2024-07-11,2,2,2,-8.246959247648912,6.3730407523511
train,low80,2024-07-19,2,2,2,8.018862140908366,0.0
train,low80,2024-07-22,2,2,2,-0.42735882539489856,0.0
train,low80,2024-07-26,1,1,1,-0.57465028355388,0.0
train,low80,2024-07-29,2,2,2,-1.086143764892768,0.0
train,low80,2024-07-30,2,2,2,-11.261506277255908,0.0
train,low80,2024-07-31,2,2,2,-4.113902439024388,10.506097560975624
train,low80,2024-08-13,2,2,2,-2.399443864477548,0.0
train,low80,2024-08-15,2,2,2,4.251799011049327,0.0
train,low80,2024-08-26,1,1,1,-7.310000000000006,0.0
train,low80,2024-08-28,2,2,2,9.088186113830865,0.0
train,low80,2024-08-29,2,2,2,0.01762898523500578,-2.6549133959727467
train,low80,2024-08-30,2,2,2,-1.8943484994162447,1.2439625889231642
train,low80,2024-09-03,2,2,2,-0.11772002270192994,0.0
train,low80,2024-09-05,1,1,1,-7.309999999999994,0.0
train,low80,2024-09-10,2,2,2,0.3233607697222567,-8.94945166678771
train,low80,2024-09-19,1,1,1,28.023333333333344,0.0
train,low80,2024-09-23,2,2,2,23.62442371300142,0.0
train,low80,2024-09-24,2,2,2,72.07152490185513,27.219932489661097
train,low80,2024-09-25,2,2,2,87.47514759757127,0.0
train,low80,2024-09-26,2,2,2,17.2883185840708,0.0
train,low80,2024-09-27,1,1,1,0.20470588235293935,0.0
train,low80,2024-11-05,2,2,2,3.2537313497390734,-2.300211475318603
train,low80,2024-11-06,1,1,1,7.451732851985559,0.0
train,low80,2024-11-07,2,2,2,4.093062098501086,3.473464810310445
train,low80,2024-11-11,1,1,1,-0.8277514792899519,0.0
train,low80,2024-11-13,2,2,2,-7.7067302688638275,0.0
train,low80,2024-11-19,2,2,2,-3.0470493020493334,0.0
train,low80,2024-11-20,2,2,2,-10.243759714722145,-4.33600950059999
train,low80,2024-11-21,2,2,2,-7.4645998445998405,0.0
train,low80,2024-11-25,2,2,2,1.4226394069162023,-8.157774823103292
train,low80,2024-11-27,2,2,2,7.39058716196561,-2.4644456639207
train,low80,2024-11-28,2,2,2,0.051290035930915856,6.052711570061841
train,low80,2024-11-29,2,2,2,9.832789012133112,-2.3907303859212146
train,low80,2024-12-02,2,2,2,-1.7358701116854576,0.8905494582763129
train,low80,2024-12-03,2,2,2,-2.7826213838842997,0.0
train,low80,2024-12-05,2,2,2,1.6120169367670005,-0.02006614795331263
train,low80,2024-12-06,2,2,2,2.456647639226926,-11.611423755612236
train,low80,2024-12-10,2,2,2,-8.386137067545942,4.529538131041887
train,low80,2024-12-11,2,2,2,-13.11450549450549,0.0
train,low80,2024-12-12,1,1,1,-3.436177024482124,0.0
train,low80,2024-12-20,2,2,2,-0.6946595330739176,10.112840466926087
train,low80,2024-12-24,2,2,2,0.36550014904399397,15.948835645474865
train,low80,2024-12-26,2,2,2,-14.620000000000022,0.0
train,low80,2024-12-27,2,2,2,-8.268824006488263,0.0
train,low80,2025-01-07,1,1,1,-0.9722516556291425,0.0
train,low80,2025-01-09,2,2,2,2.4700900900900695,0.0
train,low80,2025-01-13,1,1,1,2.5113166144200663,0.0
train,low80,2025-01-14,2,2,2,10.913141195503194,0.0
train,low80,2025-01-16,2,2,2,4.069170185284387,8.229392456803108
train,low80,2025-01-17,1,1,1,2.1530541871921263,0.0
train,low80,2025-01-20,2,2,2,-6.094033011744218,0.0
train,low80,2025-01-24,1,1,1,-15.151849148418496,0.0
train,low80,2025-02-06,2,2,2,3.374342835173281,0.0
train,low80,2025-02-07,2,2,2,15.468178507140394,0.0
train,low80,2025-02-10,2,2,2,-1.2474534074712347,0.0
train,low80,2025-02-12,1,1,1,-5.946978579481399,0.0
train,low80,2025-02-17,2,2,2,0.5312693366224623,0.0
train,low80,2025-02-20,2,2,2,2.40519399820359,0.0
train,low80,2025-02-21,2,2,2,-4.245591218179502,1.9496882643644238
train,low80,2025-02-24,1,1,1,-6.629637883008344,0.0
train,low80,2025-02-26,2,2,2,-4.528986967330841,-7.710792865732818
train,low80,2025-03-03,2,2,2,24.218885362221673,-1.184218928212946
train,low80,2025-03-04,2,2,2,-0.10431188617417053,0.0
train,low80,2025-03-06,2,2,2,2.4083104861347113,0.0
train,low80,2025-03-10,2,2,2,1.2737969924812225,-12.349347113562747
train,low80,2025-03-11,2,2,2,5.746435892825017,0.0
train,low80,2025-03-12,2,2,2,6.076944240260438,2.8147886373938835
train,low80,2025-03-14,2,2,2,-5.087331831348564,0.0
train,low80,2025-03-17,2,2,2,-4.053577062708682,0.23370800707249728
train,low80,2025-03-18,2,2,2,-14.620000000000012,0.0
train,low80,2025-03-25,1,1,1,-2.116239737274207,0.0
train,low80,2025-03-26,2,2,2,-0.24128006522626944,-6.704797047970501
train,low80,2025-04-01,2,2,2,-14.86890829694324,-28.740915401738988
train,low80,2025-04-02,2,2,2,-36.415582298282416,-1.2067766653876077
train,low80,2025-04-08,2,2,2,9.291662124684416,0.0
train,low80,2025-04-09,1,1,1,-0.8168790731354023,0.0
train,low80,2025-04-10,2,2,2,16.74812554791498,0.0
train,low80,2025-04-11,1,1,1,-7.310000000000017,0.0
train,low80,2025-04-14,1,1,1,-7.310000000000006,0.0
train,low80,2025-04-15,2,2,2,-5.918609188302694,-0.7230123713265595
train,low80,2025-04-17,1,1,1,-3.8448837209302376,0.0
train,low80,2025-04-21,2,2,2,-2.0021673937280733,0.0
train,low80,2025-04-23,2,2,2,-9.649493356694407,0.0
train,low80,2025-04-25,2,2,2,0.3085308122203627,11.301756771502204
train,low80,2025-05-06,2,2,2,3.097300003359858,-4.476571984427747
train,low80,2025-05-07,2,2,2,-0.1841618769506188,0.0
train,low80,2025-05-12,2,2,2,2.713401658245594,0.0
train,low80,2025-05-19,2,2,2,-10.212087312414754,0.0
train,low80,2025-05-20,1,1,1,-2.2843336623889607,0.0
train,low80,2025-05-26,2,2,2,13.495269204135882,0.0
train,low80,2025-05-27,2,2,2,9.299586667702584,0.0
train,low80,2025-05-29,2,2,2,2.2858795688746696,13.332470036882262
train,low80,2025-06-03,2,2,2,4.687215446430069,2.116176571337225
train,low80,2025-06-04,2,2,2,2.722608988953577,-2.5686374544148682
train,low80,2025-06-05,2,2,2,-5.1644982944983004,-8.981012912591048
train,low80,2025-06-06,2,2,2,1.4662310636692082,0.0
train,low80,2025-06-09,2,2,2,-6.156563240210346,6.317283736926083
train,low80,2025-06-11,2,2,2,-3.9924206688442005,-0.270615623003434
train,low80,2025-06-16,2,2,2,-10.511754729708047,-9.624795865337587
train,low80,2025-06-23,2,2,2,5.722836960672006,1.4766704249296492
train,low80,2025-06-24,2,2,2,2.2991317061047605,-0.32447496064866854
train,context70,2024-01-02,1,1,1,-1.3859115361625771,0.0
train,context70,2024-01-09,2,2,2,-2.554037503890418,0.0
train,context70,2024-01-24,2,2,2,-22.55961960191264,0.6917157175259092
train,context70,2024-01-25,1,1,1,-7.310000000000006,0.0
train,context70,2024-03-06,1,1,1,-1.680558375634512,0.0
train,context70,2024-03-11,1,1,1,-7.310000000000006,0.0
train,context70,2024-03-28,1,1,1,-1.1013896802785648,0.0
train,context70,2024-03-29,2,2,2,-12.977142857142832,0.0
train,context70,2024-04-01,2,2,2,10.461844047301515,0.0
train,context70,2024-04-02,2,2,2,1.6996671288035152,0.0
train,context70,2024-04-11,2,2,2,9.881340932783766,0.0
train,context70,2024-04-17,2,2,2,-10.778705701078596,0.0
train,context70,2024-04-23,2,2,2,1.688590963139112,0.0
train,context70,2024-04-24,2,2,2,15.334723242858825,-2.3500412995294937
train,context70,2024-04-25,2,2,2,18.76492695580938,0.0
train,context70,2024-04-26,2,2,2,-10.3083308714919,0.0
train,context70,2024-04-29,2,2,2,6.746086872293032,0.0
train,context70,2024-05-06,2,2,2,-3.331766669478999,0.0
train,context70,2024-05-07,1,1,1,-1.9497124887691073,0.0
train,context70,2024-05-09,2,2,2,2.556152096264495,0.0
train,context70,2024-05-14,1,1,1,-7.310000000000006,0.0
train,context70,2024-05-16,1,1,1,-4.264423592493294,0.0
train,context70,2024-05-17,1,1,1,-0.31,0.0
train,context70,2024-05-20,2,2,2,-17.141276595744692,0.0
train,context70,2024-05-22,1,1,1,-10.04871733966747,0.0
train,context70,2024-05-27,1,1,1,3.4188135593220417,0.0
train,context70,2024-05-29,1,1,1,-7.309999999999994,0.0
train,context70,2024-05-31,2,2,2,-12.764694533762068,-1.5084745762712028
train,context70,2024-06-11,2,2,2,4.075886868062216,-2.914227015921945
train,context70,2024-06-12,2,2,2,21.19348753455579,17.517876891109466
train,context70,2024-06-14,2,2,2,1.154416056380236,0.0
train,context70,2024-06-18,2,2,2,-14.64824133504492,0.0
train,context70,2024-06-25,1,1,1,4.463269689737459,0.0
train,context70,2024-06-26,1,1,1,3.8028084606345316,0.0
train,context70,2024-06-28,2,2,2,-13.84448979591837,0.7755102040816411
train,context70,2024-07-02,1,1,1,-7.353650793650801,0.0
train,context70,2024-07-09,2,2,2,2.6734301431929657,0.0
train,context70,2024-07-11,2,2,2,-6.594594480534689,8.025405519465323
train,context70,2024-07-19,2,2,2,8.018862140908366,0.0
train,context70,2024-07-22,2,2,2,-0.42735882539489856,0.0
train,context70,2024-07-26,1,1,1,-0.57465028355388,0.0
train,context70,2024-07-29,2,2,2,-1.086143764892768,0.0
train,context70,2024-07-30,2,2,2,-11.261506277255908,0.0
train,context70,2024-07-31,2,2,2,3.29492830504756,17.91492830504757
train,context70,2024-08-13,2,2,2,-2.399443864477548,0.0
train,context70,2024-08-15,2,2,2,3.2831950133300074,-0.9686039977193195
train,context70,2024-08-26,1,1,1,-7.310000000000006,0.0
train,context70,2024-08-28,2,2,2,9.088186113830865,0.0
train,context70,2024-08-29,2,2,2,9.576234070110255,6.903691688902502
train,context70,2024-08-30,2,2,2,-3.138311088339409,0.0
train,context70,2024-09-03,2,2,2,-0.11772002270192994,0.0
train,context70,2024-09-05,1,1,1,-7.309999999999994,0.0
train,context70,2024-09-10,2,2,2,9.272812436509966,0.0
train,context70,2024-09-19,1,1,1,28.023333333333344,0.0
train,context70,2024-09-23,2,2,2,23.62442371300142,0.0
train,context70,2024-09-24,2,2,2,50.74584421018389,5.89425179798986
train,context70,2024-09-25,2,2,2,71.52302122202894,-15.95212637554232
train,context70,2024-09-26,2,2,2,17.2883185840708,0.0
train,context70,2024-09-27,1,1,1,0.20470588235293935,0.0
train,context70,2024-11-05,2,2,2,14.676071218186857,9.12212839312918
train,context70,2024-11-06,1,1,1,7.451732851985559,0.0
train,context70,2024-11-07,2,2,2,-1.2591062171995477,-1.878703505390189
train,context70,2024-11-11,1,1,1,-0.8277514792899519,0.0
train,context70,2024-11-13,2,2,2,-7.7067302688638275,0.0
train,context70,2024-11-19,2,2,2,-3.0470493020493334,0.0
train,context70,2024-11-20,2,2,2,-5.907750214122156,0.0
train,context70,2024-11-21,2,2,2,-7.4645998445998405,0.0
train,context70,2024-11-25,2,2,2,1.4226394069162023,-8.157774823103292
train,context70,2024-11-27,2,2,2,11.251035871035862,1.396003045149552
train,context70,2024-11-28,2,2,2,5.287167596744567,11.288589130875492
train,context70,2024-11-29,2,2,2,10.63863300785901,-1.584886390195317
train,context70,2024-12-02,2,2,2,5.963495786062987,8.589915356024758
train,context70,2024-12-03,2,2,2,-2.7826213838842997,0.0
train,context70,2024-12-05,2,2,2,1.6320830847203132,0.0
train,context70,2024-12-06,2,2,2,2.456647639226926,-11.611423755612236
train,context70,2024-12-10,2,2,2,-12.915675198587829,0.0
train,context70,2024-12-11,2,2,2,-13.11450549450549,0.0
train,context70,2024-12-12,1,1,1,-3.436177024482124,0.0
train,context70,2024-12-20,2,2,2,-4.507159533073924,6.30034046692608
train,context70,2024-12-24,2,2,2,-15.583335496430871,0.0
train,context70,2024-12-26,2,2,2,-8.678306709265195,5.941693290734827
train,context70,2024-12-27,2,2,2,-8.268824006488263,0.0
train,context70,2025-01-07,1,1,1,-0.9722516556291425,0.0
train,context70,2025-01-09,2,2,2,2.4700900900900695,0.0
train,context70,2025-01-13,1,1,1,2.5113166144200663,0.0
train,context70,2025-01-14,2,2,2,10.913141195503194,0.0
train,context70,2025-01-16,2,2,2,-4.160222271518722,0.0
train,context70,2025-01-17,1,1,1,2.1530541871921263,0.0
train,context70,2025-01-20,2,2,2,-6.094033011744218,0.0
train,context70,2025-01-24,1,1,1,-15.151849148418496,0.0
train,context70,2025-02-06,2,2,2,3.374342835173281,0.0
train,context70,2025-02-07,2,2,2,15.468178507140394,0.0
train,context70,2025-02-10,2,2,2,-4.083288852977175,-2.83583544550594
train,context70,2025-02-12,1,1,1,-5.946978579481399,0.0
train,context70,2025-02-17,2,2,2,0.5312693366224623,0.0
train,context70,2025-02-20,2,2,2,2.40519399820359,0.0
train,context70,2025-02-21,2,2,2,-4.245591218179502,1.9496882643644238
train,context70,2025-02-24,1,1,1,-6.629637883008344,0.0
train,context70,2025-02-26,2,2,2,3.181805898401978,0.0
train,context70,2025-03-03,2,2,2,24.218885362221673,-1.184218928212946
train,context70,2025-03-04,2,2,2,-0.10431188617417053,0.0
train,context70,2025-03-06,2,2,2,-2.491178381547123,-4.899488867681834
train,context70,2025-03-10,2,2,2,11.36429184719172,-2.258852258852251
train,context70,2025-03-11,2,2,2,5.746435892825017,0.0
train,context70,2025-03-12,2,2,2,8.8333763225352,5.571220719668645
train,context70,2025-03-14,2,2,2,-5.087331831348564,0.0
train,context70,2025-03-17,2,2,2,-2.735380315700044,1.5519047540811348
train,context70,2025-03-18,2,2,2,-14.620000000000012,0.0
train,context70,2025-03-25,1,1,1,-2.116239737274207,0.0
train,context70,2025-03-26,2,2,2,6.463516982744231,0.0
train,context70,2025-04-01,2,2,2,12.668882104795754,-1.2031249999999947
train,context70,2025-04-02,2,2,2,-35.20880563289481,0.0
train,context70,2025-04-08,2,2,2,9.291662124684416,0.0
train,context70,2025-04-09,1,1,1,-0.8168790731354023,0.0
train,context70,2025-04-10,2,2,2,16.74812554791498,0.0
train,context70,2025-04-11,1,1,1,-7.310000000000017,0.0
train,context70,2025-04-14,1,1,1,-7.310000000000006,0.0
train,context70,2025-04-15,2,2,2,-1.8735163501064318,3.322080466869703
train,context70,2025-04-17,1,1,1,-3.8448837209302376,0.0
train,context70,2025-04-21,2,2,2,-2.0021673937280733,0.0
train,context70,2025-04-23,2,2,2,-9.649493356694407,0.0
train,context70,2025-04-25,2,2,2,-10.99322595928184,0.0
train,context70,2025-05-06,2,2,2,7.573871987787605,0.0
train,context70,2025-05-07,2,2,2,-0.1841618769506188,0.0
train,context70,2025-05-12,2,2,2,2.713401658245594,0.0
train,context70,2025-05-19,2,2,2,-10.212087312414754,0.0
train,context70,2025-05-20,1,1,1,-2.2843336623889607,0.0
train,context70,2025-05-26,2,2,2,13.495269204135882,0.0
train,context70,2025-05-27,2,2,2,9.299586667702584,0.0
train,context70,2025-05-29,2,2,2,3.8138056643064893,14.860396132314081
train,context70,2025-06-03,2,2,2,1.31876416981551,-1.2522747052773342
train,context70,2025-06-04,2,2,2,6.522151836238675,1.2309053928702296
train,context70,2025-06-05,2,2,2,3.8165146180927465,0.0
train,context70,2025-06-06,2,2,2,1.4662310636692082,0.0
train,context70,2025-06-09,2,2,2,0.45786770676394634,12.931714683900376
train,context70,2025-06-11,2,2,2,-6.180288167084027,-2.45848312124326
train,context70,2025-06-16,2,2,2,-4.575284944166359,-3.6883260797959
train,context70,2025-06-23,2,2,2,4.246166535742357,0.0
train,context70,2025-06-24,2,2,2,3.0184610902876257,0.39485442353419664
train,trend80,2024-01-02,1,1,1,-1.3859115361625771,0.0
train,trend80,2024-01-09,2,2,2,-2.554037503890418,0.0
train,trend80,2024-01-24,2,2,2,-22.55961960191264,0.6917157175259092
train,trend80,2024-01-25,1,1,1,-7.310000000000006,0.0
train,trend80,2024-03-06,1,1,1,-1.680558375634512,0.0
train,trend80,2024-03-11,1,1,1,-7.310000000000006,0.0
train,trend80,2024-03-28,1,1,1,-1.1013896802785648,0.0
train,trend80,2024-03-29,2,2,2,-12.977142857142832,0.0
train,trend80,2024-04-01,2,2,2,10.461844047301515,0.0
train,trend80,2024-04-02,2,2,2,1.6996671288035152,0.0
train,trend80,2024-04-11,2,2,2,9.881340932783766,0.0
train,trend80,2024-04-17,2,2,2,-10.778705701078596,0.0
train,trend80,2024-04-23,2,2,2,1.688590963139112,0.0
train,trend80,2024-04-24,2,2,2,15.334723242858825,-2.3500412995294937
train,trend80,2024-04-25,2,2,2,18.76492695580938,0.0
train,trend80,2024-04-26,2,2,2,-10.3083308714919,0.0
train,trend80,2024-04-29,2,2,2,6.746086872293032,0.0
train,trend80,2024-05-06,2,2,2,-3.331766669478999,0.0
train,trend80,2024-05-07,1,1,1,-1.9497124887691073,0.0
train,trend80,2024-05-09,2,2,2,2.556152096264495,0.0
train,trend80,2024-05-14,1,1,1,-7.310000000000006,0.0
train,trend80,2024-05-16,1,1,1,-4.264423592493294,0.0
train,trend80,2024-05-17,1,1,1,-0.31,0.0
train,trend80,2024-05-20,2,2,2,-17.141276595744692,0.0
train,trend80,2024-05-22,1,1,1,-10.04871733966747,0.0
train,trend80,2024-05-27,1,1,1,3.4188135593220417,0.0
train,trend80,2024-05-29,1,1,1,-7.309999999999994,0.0
train,trend80,2024-05-31,2,2,2,-12.764694533762068,-1.5084745762712028
train,trend80,2024-06-11,2,2,2,4.075886868062216,-2.914227015921945
train,trend80,2024-06-12,2,2,2,21.19348753455579,17.517876891109466
train,trend80,2024-06-14,2,2,2,1.154416056380236,0.0
train,trend80,2024-06-18,2,2,2,-14.64824133504492,0.0
train,trend80,2024-06-25,1,1,1,4.463269689737459,0.0
train,trend80,2024-06-26,1,1,1,3.8028084606345316,0.0
train,trend80,2024-06-28,2,2,2,-12.603012457531161,2.0169875424688506
train,trend80,2024-07-02,1,1,1,-7.353650793650801,0.0
train,trend80,2024-07-09,2,2,2,2.6734301431929657,0.0
train,trend80,2024-07-11,2,2,2,-6.594594480534689,8.025405519465323
train,trend80,2024-07-19,2,2,2,8.018862140908366,0.0
train,trend80,2024-07-22,2,2,2,-0.42735882539489856,0.0
train,trend80,2024-07-26,1,1,1,-0.57465028355388,0.0
train,trend80,2024-07-29,2,2,2,-1.086143764892768,0.0
train,trend80,2024-07-30,2,2,2,-11.261506277255908,0.0
train,trend80,2024-07-31,2,2,2,-4.113902439024388,10.506097560975624
train,trend80,2024-08-13,2,2,2,-2.399443864477548,0.0
train,trend80,2024-08-15,2,2,2,3.2831950133300074,-0.9686039977193195
train,trend80,2024-08-26,1,1,1,-7.310000000000006,0.0
train,trend80,2024-08-28,2,2,2,9.088186113830865,0.0
train,trend80,2024-08-29,2,2,2,0.01762898523500578,-2.6549133959727467
train,trend80,2024-08-30,2,2,2,-3.138311088339409,0.0
train,trend80,2024-09-03,2,2,2,-0.11772002270192994,0.0
train,trend80,2024-09-05,1,1,1,-7.309999999999994,0.0
train,trend80,2024-09-10,2,2,2,9.272812436509966,0.0
train,trend80,2024-09-19,1,1,1,28.023333333333344,0.0
train,trend80,2024-09-23,2,2,2,23.62442371300142,0.0
train,trend80,2024-09-24,2,2,2,50.74584421018389,5.89425179798986
train,trend80,2024-09-25,2,2,2,71.52302122202894,-15.95212637554232
train,trend80,2024-09-26,2,2,2,17.2883185840708,0.0
train,trend80,2024-09-27,1,1,1,0.20470588235293935,0.0
train,trend80,2024-11-05,2,2,2,14.676071218186857,9.12212839312918
train,trend80,2024-11-06,1,1,1,7.451732851985559,0.0
train,trend80,2024-11-07,2,2,2,6.950564457667117,6.330967169476475
train,trend80,2024-11-11,1,1,1,-0.8277514792899519,0.0
train,trend80,2024-11-13,2,2,2,-7.7067302688638275,0.0
train,trend80,2024-11-19,2,2,2,-3.0470493020493334,0.0
train,trend80,2024-11-20,2,2,2,-5.907750214122156,0.0
train,trend80,2024-11-21,2,2,2,-7.4645998445998405,0.0
train,trend80,2024-11-25,2,2,2,9.580414230019494,0.0
train,trend80,2024-11-27,2,2,2,10.480177278624558,0.6251444527382475
train,trend80,2024-11-28,2,2,2,5.287167596744567,11.288589130875492
train,trend80,2024-11-29,2,2,2,12.223519398054327,0.0
train,trend80,2024-12-02,2,2,2,3.4112093628088296,6.0376289327706
train,trend80,2024-12-03,2,2,2,-2.7826213838842997,0.0
train,trend80,2024-12-05,2,2,2,1.6320830847203132,0.0
train,trend80,2024-12-06,2,2,2,3.469352660471279,-10.598718734367882
train,trend80,2024-12-10,2,2,2,-12.915675198587829,0.0
train,trend80,2024-12-11,2,2,2,-13.11450549450549,0.0
train,trend80,2024-12-12,1,1,1,-3.436177024482124,0.0
train,trend80,2024-12-20,2,2,2,-14.620000000000012,-3.812500000000007
train,trend80,2024-12-24,2,2,2,-15.583335496430871,0.0
train,trend80,2024-12-26,2,2,2,-14.620000000000022,0.0
train,trend80,2024-12-27,2,2,2,-8.268824006488263,0.0
train,trend80,2025-01-07,1,1,1,-0.9722516556291425,0.0
train,trend80,2025-01-09,2,2,2,2.4700900900900695,0.0
train,trend80,2025-01-13,1,1,1,2.5113166144200663,0.0
train,trend80,2025-01-14,2,2,2,10.913141195503194,0.0
train,trend80,2025-01-16,2,2,2,-4.160222271518722,0.0
train,trend80,2025-01-17,1,1,1,2.1530541871921263,0.0
train,trend80,2025-01-20,2,2,2,-6.094033011744218,0.0
train,trend80,2025-01-24,1,1,1,-15.151849148418496,0.0
train,trend80,2025-02-06,2,2,2,3.374342835173281,0.0
train,trend80,2025-02-07,2,2,2,15.468178507140394,0.0
train,trend80,2025-02-10,2,2,2,-4.083288852977175,-2.83583544550594
train,trend80,2025-02-12,1,1,1,-5.946978579481399,0.0
train,trend80,2025-02-17,2,2,2,0.5312693366224623,0.0
train,trend80,2025-02-20,2,2,2,2.40519399820359,0.0
train,trend80,2025-02-21,2,2,2,-5.216404773539997,0.9788747090039287
train,trend80,2025-02-24,1,1,1,-6.629637883008344,0.0
train,trend80,2025-02-26,2,2,2,3.181805898401978,0.0
train,trend80,2025-03-03,2,2,2,24.218885362221673,-1.184218928212946
train,trend80,2025-03-04,2,2,2,-0.10431188617417053,0.0
train,trend80,2025-03-06,2,2,2,2.559493094371955,0.1511826082372436
train,trend80,2025-03-10,2,2,2,11.36429184719172,-2.258852258852251
train,trend80,2025-03-11,2,2,2,5.746435892825017,0.0
train,trend80,2025-03-12,2,2,2,1.0262984671077096,-2.2358571357588453
train,trend80,2025-03-14,2,2,2,-5.087331831348564,0.0
train,trend80,2025-03-17,2,2,2,-2.735380315700044,1.5519047540811348
train,trend80,2025-03-18,2,2,2,-14.620000000000012,0.0
train,trend80,2025-03-25,1,1,1,-2.116239737274207,0.0
train,trend80,2025-03-26,2,2,2,6.463516982744231,0.0
train,trend80,2025-04-01,2,2,2,12.668882104795754,-1.2031249999999947
train,trend80,2025-04-02,2,2,2,-35.20880563289481,0.0
train,trend80,2025-04-08,2,2,2,9.291662124684416,0.0
train,trend80,2025-04-09,1,1,1,-0.8168790731354023,0.0
train,trend80,2025-04-10,2,2,2,16.74812554791498,0.0
train,trend80,2025-04-11,1,1,1,-7.310000000000017,0.0
train,trend80,2025-04-14,1,1,1,-7.310000000000006,0.0
train,trend80,2025-04-15,2,2,2,-1.8735163501064318,3.322080466869703
train,trend80,2025-04-17,1,1,1,-3.8448837209302376,0.0
train,trend80,2025-04-21,2,2,2,-2.0021673937280733,0.0
train,trend80,2025-04-23,2,2,2,-9.649493356694407,0.0
train,trend80,2025-04-25,2,2,2,-10.99322595928184,0.0
train,trend80,2025-05-06,2,2,2,7.573871987787605,0.0
train,trend80,2025-05-07,2,2,2,-0.1841618769506188,0.0
train,trend80,2025-05-12,2,2,2,2.713401658245594,0.0
train,trend80,2025-05-19,2,2,2,-10.212087312414754,0.0
train,trend80,2025-05-20,1,1,1,-2.2843336623889607,0.0
train,trend80,2025-05-26,2,2,2,13.495269204135882,0.0
train,trend80,2025-05-27,2,2,2,9.299586667702584,0.0
train,trend80,2025-05-29,2,2,2,3.8138056643064893,14.860396132314081
train,trend80,2025-06-03,2,2,2,-5.908508557457205,-8.47954743255005
train,trend80,2025-06-04,2,2,2,6.522151836238675,1.2309053928702296
train,trend80,2025-06-05,2,2,2,3.8165146180927465,0.0
train,trend80,2025-06-06,2,2,2,1.4662310636692082,0.0
train,trend80,2025-06-09,2,2,2,-4.391234284552171,8.082612692584258
train,trend80,2025-06-11,2,2,2,-2.5891605963646387,1.1326444494761279
train,trend80,2025-06-16,2,2,2,-0.47819815723311354,0.4087607071373456
train,trend80,2025-06-23,2,2,2,4.246166535742357,0.0
train,trend80,2025-06-24,2,2,2,5.202240370219145,2.578633703465716
train,context80,2024-01-02,1,1,1,-1.3859115361625771,0.0
train,context80,2024-01-09,2,2,2,-2.554037503890418,0.0
train,context80,2024-01-24,2,2,2,-22.55961960191264,0.6917157175259092
train,context80,2024-01-25,1,1,1,-7.310000000000006,0.0
train,context80,2024-03-06,1,1,1,-1.680558375634512,0.0
train,context80,2024-03-11,1,1,1,-7.310000000000006,0.0
train,context80,2024-03-28,1,1,1,-1.1013896802785648,0.0
train,context80,2024-03-29,2,2,2,-12.977142857142832,0.0
train,context80,2024-04-01,2,2,2,10.461844047301515,0.0
train,context80,2024-04-02,2,2,2,1.6996671288035152,0.0
train,context80,2024-04-11,2,2,2,9.881340932783766,0.0
train,context80,2024-04-17,2,2,2,-10.778705701078596,0.0
train,context80,2024-04-23,2,2,2,1.688590963139112,0.0
train,context80,2024-04-24,2,2,2,15.334723242858825,-2.3500412995294937
train,context80,2024-04-25,2,2,2,18.76492695580938,0.0
train,context80,2024-04-26,2,2,2,-10.3083308714919,0.0
train,context80,2024-04-29,2,2,2,6.746086872293032,0.0
train,context80,2024-05-06,2,2,2,-3.331766669478999,0.0
train,context80,2024-05-07,1,1,1,-1.9497124887691073,0.0
train,context80,2024-05-09,2,2,2,2.556152096264495,0.0
train,context80,2024-05-14,1,1,1,-7.310000000000006,0.0
train,context80,2024-05-16,1,1,1,-4.264423592493294,0.0
train,context80,2024-05-17,1,1,1,-0.31,0.0
train,context80,2024-05-20,2,2,2,-17.141276595744692,0.0
train,context80,2024-05-22,1,1,1,-10.04871733966747,0.0
train,context80,2024-05-27,1,1,1,3.4188135593220417,0.0
train,context80,2024-05-29,1,1,1,-7.309999999999994,0.0
train,context80,2024-05-31,2,2,2,-12.764694533762068,-1.5084745762712028
train,context80,2024-06-11,2,2,2,4.075886868062216,-2.914227015921945
train,context80,2024-06-12,2,2,2,21.19348753455579,17.517876891109466
train,context80,2024-06-14,2,2,2,1.154416056380236,0.0
train,context80,2024-06-18,2,2,2,-14.64824133504492,0.0
train,context80,2024-06-25,1,1,1,4.463269689737459,0.0
train,context80,2024-06-26,1,1,1,3.8028084606345316,0.0
train,context80,2024-06-28,2,2,2,-12.603012457531161,2.0169875424688506
train,context80,2024-07-02,1,1,1,-7.353650793650801,0.0
train,context80,2024-07-09,2,2,2,2.6734301431929657,0.0
train,context80,2024-07-11,2,2,2,-6.594594480534689,8.025405519465323
train,context80,2024-07-19,2,2,2,8.018862140908366,0.0
train,context80,2024-07-22,2,2,2,-0.42735882539489856,0.0
train,context80,2024-07-26,1,1,1,-0.57465028355388,0.0
train,context80,2024-07-29,2,2,2,-1.086143764892768,0.0
train,context80,2024-07-30,2,2,2,-11.261506277255908,0.0
train,context80,2024-07-31,2,2,2,-4.113902439024388,10.506097560975624
train,context80,2024-08-13,2,2,2,-2.399443864477548,0.0
train,context80,2024-08-15,2,2,2,3.2831950133300074,-0.9686039977193195
train,context80,2024-08-26,1,1,1,-7.310000000000006,0.0
train,context80,2024-08-28,2,2,2,9.088186113830865,0.0
train,context80,2024-08-29,2,2,2,0.01762898523500578,-2.6549133959727467
train,context80,2024-08-30,2,2,2,-3.138311088339409,0.0
train,context80,2024-09-03,2,2,2,-0.11772002270192994,0.0
train,context80,2024-09-05,1,1,1,-7.309999999999994,0.0
train,context80,2024-09-10,2,2,2,9.272812436509966,0.0
train,context80,2024-09-19,1,1,1,28.023333333333344,0.0
train,context80,2024-09-23,2,2,2,23.62442371300142,0.0
train,context80,2024-09-24,2,2,2,50.74584421018389,5.89425179798986
train,context80,2024-09-25,2,2,2,71.52302122202894,-15.95212637554232
train,context80,2024-09-26,2,2,2,17.2883185840708,0.0
train,context80,2024-09-27,1,1,1,0.20470588235293935,0.0
train,context80,2024-11-05,2,2,2,14.676071218186857,9.12212839312918
train,context80,2024-11-06,1,1,1,7.451732851985559,0.0
train,context80,2024-11-07,2,2,2,1.0107127722758107,0.3911154840851694
train,context80,2024-11-11,1,1,1,-0.8277514792899519,0.0
train,context80,2024-11-13,2,2,2,-7.7067302688638275,0.0
train,context80,2024-11-19,2,2,2,-3.0470493020493334,0.0
train,context80,2024-11-20,2,2,2,-5.907750214122156,0.0
train,context80,2024-11-21,2,2,2,-7.4645998445998405,0.0
train,context80,2024-11-25,2,2,2,0.9087720570922979,-8.671642172927196
train,context80,2024-11-27,2,2,2,11.251035871035862,1.396003045149552
train,context80,2024-11-28,2,2,2,5.287167596744567,11.288589130875492
train,context80,2024-11-29,2,2,2,9.534923783755554,-2.688595614298773
train,context80,2024-12-02,2,2,2,5.963495786062987,8.589915356024758
train,context80,2024-12-03,2,2,2,-2.7826213838842997,0.0
train,context80,2024-12-05,2,2,2,1.6320830847203132,0.0
train,context80,2024-12-06,2,2,2,2.456647639226926,-11.611423755612236
train,context80,2024-12-10,2,2,2,-12.915675198587829,0.0
train,context80,2024-12-11,2,2,2,-13.11450549450549,0.0
train,context80,2024-12-12,1,1,1,-3.436177024482124,0.0
train,context80,2024-12-20,2,2,2,-4.507159533073924,6.30034046692608
train,context80,2024-12-24,2,2,2,-15.583335496430871,0.0
train,context80,2024-12-26,2,2,2,-14.620000000000022,0.0
train,context80,2024-12-27,2,2,2,-8.268824006488263,0.0
train,context80,2025-01-07,1,1,1,-0.9722516556291425,0.0
train,context80,2025-01-09,2,2,2,2.4700900900900695,0.0
train,context80,2025-01-13,1,1,1,2.5113166144200663,0.0
train,context80,2025-01-14,2,2,2,10.913141195503194,0.0
train,context80,2025-01-16,2,2,2,-4.160222271518722,0.0
train,context80,2025-01-17,1,1,1,2.1530541871921263,0.0
train,context80,2025-01-20,2,2,2,-6.094033011744218,0.0
train,context80,2025-01-24,1,1,1,-15.151849148418496,0.0
train,context80,2025-02-06,2,2,2,3.374342835173281,0.0
train,context80,2025-02-07,2,2,2,15.468178507140394,0.0
train,context80,2025-02-10,2,2,2,-4.083288852977175,-2.83583544550594
train,context80,2025-02-12,1,1,1,-5.946978579481399,0.0
train,context80,2025-02-17,2,2,2,0.5312693366224623,0.0
train,context80,2025-02-20,2,2,2,2.40519399820359,0.0
train,context80,2025-02-21,2,2,2,-6.940252727060239,-0.7449732445163129
train,context80,2025-02-24,1,1,1,-6.629637883008344,0.0
train,context80,2025-02-26,2,2,2,3.181805898401978,0.0
train,context80,2025-03-03,2,2,2,24.218885362221673,-1.184218928212946
train,context80,2025-03-04,2,2,2,-0.10431188617417053,0.0
train,context80,2025-03-06,2,2,2,-5.085771277230702,-7.494081763365413
train,context80,2025-03-10,2,2,2,11.36429184719172,-2.258852258852251
train,context80,2025-03-11,2,2,2,5.746435892825017,0.0
train,context80,2025-03-12,2,2,2,1.0262984671077096,-2.2358571357588453
train,context80,2025-03-14,2,2,2,-5.087331831348564,0.0
train,context80,2025-03-17,2,2,2,-2.735380315700044,1.5519047540811348
train,context80,2025-03-18,2,2,2,-14.620000000000012,0.0
train,context80,2025-03-25,1,1,1,-2.116239737274207,0.0
train,context80,2025-03-26,2,2,2,6.463516982744231,0.0
train,context80,2025-04-01,2,2,2,12.668882104795754,-1.2031249999999947
train,context80,2025-04-02,2,2,2,-35.20880563289481,0.0
train,context80,2025-04-08,2,2,2,9.291662124684416,0.0
train,context80,2025-04-09,1,1,1,-0.8168790731354023,0.0
train,context80,2025-04-10,2,2,2,16.74812554791498,0.0
train,context80,2025-04-11,1,1,1,-7.310000000000017,0.0
train,context80,2025-04-14,1,1,1,-7.310000000000006,0.0
train,context80,2025-04-15,2,2,2,-1.8735163501064318,3.322080466869703
train,context80,2025-04-17,1,1,1,-3.8448837209302376,0.0
train,context80,2025-04-21,2,2,2,-2.0021673937280733,0.0
train,context80,2025-04-23,2,2,2,-9.649493356694407,0.0
train,context80,2025-04-25,2,2,2,-10.99322595928184,0.0
train,context80,2025-05-06,2,2,2,7.573871987787605,0.0
train,context80,2025-05-07,2,2,2,-0.1841618769506188,0.0
train,context80,2025-05-12,2,2,2,2.713401658245594,0.0
train,context80,2025-05-19,2,2,2,-10.212087312414754,0.0
train,context80,2025-05-20,1,1,1,-2.2843336623889607,0.0
train,context80,2025-05-26,2,2,2,13.495269204135882,0.0
train,context80,2025-05-27,2,2,2,9.299586667702584,0.0
train,context80,2025-05-29,2,2,2,3.8138056643064893,14.860396132314081
train,context80,2025-06-03,2,2,2,-5.908508557457205,-8.47954743255005
train,context80,2025-06-04,2,2,2,6.522151836238675,1.2309053928702296
train,context80,2025-06-05,2,2,2,3.8165146180927465,0.0
train,context80,2025-06-06,2,2,2,1.4662310636692082,0.0
train,context80,2025-06-09,2,2,2,1.9260494523739107,14.399896429510338
train,context80,2025-06-11,2,2,2,-2.5891605963646387,1.1326444494761279
train,context80,2025-06-16,2,2,2,-0.47819815723311354,0.4087607071373456
train,context80,2025-06-23,2,2,2,4.246166535742357,0.0
train,context80,2025-06-24,2,2,2,5.202240370219145,2.578633703465716
validation_2025h2,baseline,2025-07-01,2,2,2,3.5438225255972826,0.0
validation_2025h2,baseline,2025-07-03,2,2,2,-5.065667595631342,0.0
validation_2025h2,baseline,2025-07-07,1,1,1,2.976713286713283,0.0
validation_2025h2,baseline,2025-07-08,2,2,2,3.184653258683943,0.0
validation_2025h2,baseline,2025-07-10,2,2,2,-5.931637261844726,0.0
validation_2025h2,baseline,2025-07-11,2,2,2,14.373507800344674,0.0
validation_2025h2,baseline,2025-07-14,2,2,2,2.519256688886882,0.0
validation_2025h2,baseline,2025-07-16,2,2,2,10.610196939779179,0.0
validation_2025h2,baseline,2025-07-17,2,2,2,-3.9507102105056053,0.0
validation_2025h2,baseline,2025-07-21,2,2,2,0.10467272615203127,0.0
validation_2025h2,baseline,2025-07-22,2,2,2,-8.447015851137142,0.0
validation_2025h2,baseline,2025-07-24,2,2,2,-1.9159401896665225,0.0
validation_2025h2,baseline,2025-07-25,2,2,2,-0.34983955163994285,0.0
validation_2025h2,baseline,2025-07-28,2,2,2,-5.695834653010669,0.0
validation_2025h2,baseline,2025-08-01,2,2,2,17.626357762171406,0.0
validation_2025h2,baseline,2025-08-04,2,2,2,17.609888712138265,0.0
validation_2025h2,baseline,2025-08-05,2,2,2,-2.2825886368984656,0.0
validation_2025h2,baseline,2025-08-06,2,2,2,3.7099189327129727,0.0
validation_2025h2,baseline,2025-08-08,2,2,2,5.247239080235443,0.0
validation_2025h2,baseline,2025-08-11,2,2,2,-0.3700915701763692,0.0
validation_2025h2,baseline,2025-08-13,2,2,2,3.2430104730801976,0.0
validation_2025h2,baseline,2025-08-15,2,2,2,-0.45834432198013253,0.0
validation_2025h2,baseline,2025-08-18,2,2,2,2.421592891337119,0.0
validation_2025h2,baseline,2025-08-19,2,2,2,-2.7694390504203543,0.0
validation_2025h2,baseline,2025-08-22,2,2,2,-10.337900656044987,0.0
validation_2025h2,baseline,2025-08-25,2,2,2,-9.236499442586423,0.0
validation_2025h2,baseline,2025-08-26,2,2,2,-14.620000000000012,0.0
validation_2025h2,baseline,2025-08-28,2,2,2,-2.905989179193071,0.0
validation_2025h2,baseline,2025-09-01,2,2,2,13.296348608049044,0.0
validation_2025h2,baseline,2025-09-05,2,2,2,7.748994843029044,0.0
validation_2025h2,baseline,2025-09-08,2,2,2,-3.5475013002957763,0.0
validation_2025h2,baseline,2025-09-10,2,2,2,8.674980627748027,0.0
validation_2025h2,baseline,2025-09-11,2,2,2,2.1093607800650376,0.0
validation_2025h2,baseline,2025-09-16,2,2,2,7.952915514112578,0.0
validation_2025h2,baseline,2025-09-24,2,2,2,-5.9444098430098915,0.0
validation_2025h2,baseline,2025-09-29,2,2,2,-9.836748768472882,0.0
validation_2025h2,baseline,2025-09-30,2,2,2,3.0977363699102964,0.0
validation_2025h2,baseline,2025-10-09,2,2,2,-8.797347607841012,0.0
validation_2025h2,baseline,2025-10-10,2,2,2,25.830721229116357,0.0
validation_2025h2,baseline,2025-10-15,2,2,2,-6.0596254701349235,0.0
validation_2025h2,baseline,2025-10-20,2,2,2,4.7174498956144655,0.0
validation_2025h2,baseline,2025-10-21,2,2,2,-4.713495934959356,0.0
validation_2025h2,baseline,2025-10-23,2,2,2,3.9936753469515516,0.0
validation_2025h2,baseline,2025-10-24,2,2,2,-2.5832153379486313,0.0
validation_2025h2,baseline,2025-10-27,2,2,2,-5.4407465216855595,0.0
validation_2025h2,baseline,2025-10-29,2,2,2,23.632608274526092,0.0
validation_2025h2,baseline,2025-10-31,2,2,2,1.9615767986209547,0.0
validation_2025h2,baseline,2025-11-03,2,2,2,-10.855591506572317,0.0
validation_2025h2,baseline,2025-11-05,2,2,2,-8.313639381214589,0.0
validation_2025h2,baseline,2025-11-06,2,2,2,-6.949858525688791,0.0
validation_2025h2,baseline,2025-11-10,2,2,2,-6.146315789473679,0.0
validation_2025h2,baseline,2025-11-11,2,2,2,-6.61458702036585,0.0
validation_2025h2,baseline,2025-11-13,2,2,2,-0.6903284337857492,0.0
validation_2025h2,baseline,2025-11-17,2,2,2,6.063351366358659,0.0
validation_2025h2,baseline,2025-11-24,2,2,2,-6.336675154864137,0.0
validation_2025h2,baseline,2025-11-25,2,2,2,5.821829092431473,0.0
validation_2025h2,baseline,2025-11-27,2,2,2,5.641814104821073,0.0
validation_2025h2,baseline,2025-11-28,2,2,2,-6.749172714078391,0.0
validation_2025h2,baseline,2025-12-01,2,2,2,-2.2054283574047613,0.0
validation_2025h2,baseline,2025-12-05,2,2,2,1.9678985287060122,0.0
validation_2025h2,baseline,2025-12-08,2,2,2,4.334476032053923,0.0
validation_2025h2,baseline,2025-12-10,2,2,2,-3.9051142013439413,0.0
validation_2025h2,baseline,2025-12-12,2,2,2,-1.71538209535478,0.0
validation_2025h2,baseline,2025-12-17,2,2,2,31.57927151625508,0.0
validation_2025h2,baseline,2025-12-19,2,2,2,3.5848992673992646,0.0
validation_2025h2,baseline,2025-12-22,2,2,2,2.66122240393417,0.0
validation_2025h2,baseline,2025-12-24,2,2,2,1.529505852325606,0.0
validation_2025h2,baseline,2025-12-25,2,2,2,11.484131357610748,0.0
validation_2025h2,low80,2025-07-01,2,2,2,13.24321626617375,9.699393740576468
validation_2025h2,low80,2025-07-03,2,2,2,-5.065667595631342,0.0
validation_2025h2,low80,2025-07-07,1,1,1,2.976713286713283,0.0
validation_2025h2,low80,2025-07-08,2,2,2,10.951461436397867,7.766808177713925
validation_2025h2,low80,2025-07-10,2,2,2,-5.931637261844726,0.0
validation_2025h2,low80,2025-07-11,2,2,2,0.9427179102991055,-13.430789890045569
validation_2025h2,low80,2025-07-14,2,2,2,4.7272213233080045,2.2079646344211223
validation_2025h2,low80,2025-07-16,2,2,2,-2.8371016860651372,-13.447298625844317
validation_2025h2,low80,2025-07-17,2,2,2,-1.83631687188547,2.1143933386201352
validation_2025h2,low80,2025-07-21,2,2,2,0.10467272615203127,0.0
validation_2025h2,low80,2025-07-22,2,2,2,-8.447015851137142,0.0
validation_2025h2,low80,2025-07-24,2,2,2,-2.8629343817411463,-0.9469941920746239
validation_2025h2,low80,2025-07-25,2,2,2,-6.429123404345596,-6.079283852705653
validation_2025h2,low80,2025-07-28,2,2,2,-1.7778894789485151,3.917945174062154
validation_2025h2,low80,2025-08-01,2,2,2,17.626357762171406,0.0
validation_2025h2,low80,2025-08-04,2,2,2,-0.3980311679294708,-18.007919880067735
validation_2025h2,low80,2025-08-05,2,2,2,-2.2825886368984656,0.0
validation_2025h2,low80,2025-08-06,2,2,2,1.4618247753990103,-2.2480941573139623
validation_2025h2,low80,2025-08-08,2,2,2,5.247239080235443,0.0
validation_2025h2,low80,2025-08-11,2,2,2,-3.2134165847201652,-2.843325014543796
validation_2025h2,low80,2025-08-13,2,2,2,5.794756204774453,2.5517457316942553
validation_2025h2,low80,2025-08-15,2,2,2,-1.497722815128601,-1.0393784931484684
validation_2025h2,low80,2025-08-18,2,2,2,-3.5493988328481514,-5.970991724185271
validation_2025h2,low80,2025-08-19,2,2,2,-3.5521110562448794,-0.7826720058245251
validation_2025h2,low80,2025-08-22,2,2,2,-10.337900656044987,0.0
validation_2025h2,low80,2025-08-25,2,2,2,-14.620000000000022,-5.3835005574135995
validation_2025h2,low80,2025-08-26,2,2,2,-11.786666666666669,2.833333333333343
validation_2025h2,low80,2025-08-28,2,2,2,-2.905989179193071,0.0
validation_2025h2,low80,2025-09-01,2,2,2,14.399311562236402,1.1029629541873582
validation_2025h2,low80,2025-09-05,2,2,2,6.46481697763852,-1.2841778653905234
validation_2025h2,low80,2025-09-08,2,2,2,-0.09722660732349897,3.450274692972277
validation_2025h2,low80,2025-09-10,2,2,2,8.674980627748027,0.0
validation_2025h2,low80,2025-09-11,2,2,2,2.1093607800650376,0.0
validation_2025h2,low80,2025-09-16,2,2,2,-1.535562039389295,-9.488477553501873
validation_2025h2,low80,2025-09-24,2,2,2,-7.6937428529541005,-1.749333009944209
validation_2025h2,low80,2025-09-29,2,2,2,-6.40345946860499,3.4332892998678917
validation_2025h2,low80,2025-09-30,2,2,2,3.0977363699102964,0.0
validation_2025h2,low80,2025-10-09,2,2,2,-14.769950347567052,-5.972602739726041
validation_2025h2,low80,2025-10-10,2,2,2,25.830721229116357,0.0
validation_2025h2,low80,2025-10-15,2,2,2,-7.76624853647966,-1.7066230663447364
validation_2025h2,low80,2025-10-20,2,2,2,4.7174498956144655,0.0
validation_2025h2,low80,2025-10-21,2,2,2,-2.2450855147232125,2.4684104202361437
validation_2025h2,low80,2025-10-23,2,2,2,4.048904208998537,0.055228862046985405
validation_2025h2,low80,2025-10-24,2,2,2,-5.512156862745089,-2.9289415247964574
validation_2025h2,low80,2025-10-27,2,2,2,-1.2264606548248254,4.214285866860735
validation_2025h2,low80,2025-10-29,2,2,2,28.3975295896554,4.764921315129307
validation_2025h2,low80,2025-10-31,2,2,2,-0.4987833901150558,-2.4603601887360105
validation_2025h2,low80,2025-11-03,2,2,2,-0.01881968290236191,10.836771823669956
validation_2025h2,low80,2025-11-05,2,2,2,-8.313639381214589,0.0
validation_2025h2,low80,2025-11-06,2,2,2,-6.949858525688791,0.0
validation_2025h2,low80,2025-11-10,2,2,2,1.3203638486234053,7.466679638097084
validation_2025h2,low80,2025-11-11,2,2,2,-6.61458702036585,0.0
validation_2025h2,low80,2025-11-13,2,2,2,-0.6903284337857492,0.0
validation_2025h2,low80,2025-11-17,2,2,2,0.32289018378507217,-5.740461182573586
validation_2025h2,low80,2025-11-24,2,2,2,0.8764944289533876,7.213169583817525
validation_2025h2,low80,2025-11-25,2,2,2,5.821829092431473,0.0
validation_2025h2,low80,2025-11-27,2,2,2,-0.9054742298895153,-6.547288334710588
validation_2025h2,low80,2025-11-28,2,2,2,-4.008888888888919,2.740283825189472
validation_2025h2,low80,2025-12-01,2,2,2,-7.928832612723925,-5.7234042553191635
validation_2025h2,low80,2025-12-05,2,2,2,-4.508075173854366,-6.4759737025603785
validation_2025h2,low80,2025-12-08,2,2,2,0.3879921021396653,-3.9464839299142573
validation_2025h2,low80,2025-12-10,2,2,2,5.364124903879407,9.269239105223349
validation_2025h2,low80,2025-12-12,2,2,2,4.893326315958633,6.608708411313413
validation_2025h2,low80,2025-12-17,2,2,2,2.631231527093612,-28.94803998916147
validation_2025h2,low80,2025-12-19,2,2,2,1.544273039413722,-2.0406262279855425
validation_2025h2,low80,2025-12-22,2,2,2,2.66122240393417,0.0
validation_2025h2,low80,2025-12-24,2,2,2,1.529505852325606,0.0
validation_2025h2,low80,2025-12-25,2,2,2,-2.327657360986048,-13.811788718596796
validation_2025h2,context70,2025-07-01,2,2,2,-3.4561774744027116,-6.999999999999995
validation_2025h2,context70,2025-07-03,2,2,2,-5.065667595631342,0.0
validation_2025h2,context70,2025-07-07,1,1,1,2.976713286713283,0.0
validation_2025h2,context70,2025-07-08,2,2,2,10.951461436397867,7.766808177713925
validation_2025h2,context70,2025-07-10,2,2,2,-5.931637261844726,0.0
validation_2025h2,context70,2025-07-11,2,2,2,-9.456982968369822,-23.830490768714498
validation_2025h2,context70,2025-07-14,2,2,2,4.7272213233080045,2.2079646344211223
validation_2025h2,context70,2025-07-16,2,2,2,-1.0625663491124389,-11.672763288891618
validation_2025h2,context70,2025-07-17,2,2,2,-1.83631687188547,2.1143933386201352
validation_2025h2,context70,2025-07-21,2,2,2,-0.7225854300963359,-0.8272581562483672
validation_2025h2,context70,2025-07-22,2,2,2,-6.3116686561587105,2.135347194978431
validation_2025h2,context70,2025-07-24,2,2,2,-2.578212572657747,-0.6622723829912247
validation_2025h2,context70,2025-07-25,2,2,2,-6.429123404345596,-6.079283852705653
validation_2025h2,context70,2025-07-28,2,2,2,-5.714543064619028,-0.01870841160835912
validation_2025h2,context70,2025-08-01,2,2,2,17.626357762171406,0.0
validation_2025h2,context70,2025-08-04,2,2,2,9.318975939993022,-8.290912772145242
validation_2025h2,context70,2025-08-05,2,2,2,5.194763266879441,7.477351903777906
validation_2025h2,context70,2025-08-06,2,2,2,9.25166698120836,5.5417480484953865
validation_2025h2,context70,2025-08-08,2,2,2,5.247239080235443,0.0
validation_2025h2,context70,2025-08-11,2,2,2,-5.165872506521042,-4.7957809363446735
validation_2025h2,context70,2025-08-13,2,2,2,3.2430104730801976,0.0
validation_2025h2,context70,2025-08-15,2,2,2,0.08415207200795749,0.54249639398809
validation_2025h2,context70,2025-08-18,2,2,2,-3.5493988328481514,-5.970991724185271
validation_2025h2,context70,2025-08-19,2,2,2,-5.0612085911903595,-2.291769540770005
validation_2025h2,context70,2025-08-22,2,2,2,-10.337900656044987,0.0
validation_2025h2,context70,2025-08-25,2,2,2,-14.620000000000022,-5.3835005574135995
validation_2025h2,context70,2025-08-26,2,2,2,-17.879826782145226,-3.2598267821452147
validation_2025h2,context70,2025-08-28,2,2,2,-2.905989179193071,0.0
validation_2025h2,context70,2025-09-01,2,2,2,13.559430003397875,0.2630813953488307
validation_2025h2,context70,2025-09-05,2,2,2,7.748994843029044,0.0
validation_2025h2,context70,2025-09-08,2,2,2,-0.6189098719215708,2.9285914283742054
validation_2025h2,context70,2025-09-10,2,2,2,-7.7493561145077905,-16.424336742255818
validation_2025h2,context70,2025-09-11,2,2,2,2.1093607800650376,0.0
validation_2025h2,context70,2025-09-16,2,2,2,-4.522193496725482,-12.475109010838061
validation_2025h2,context70,2025-09-24,2,2,2,-5.9444098430098915,0.0
validation_2025h2,context70,2025-09-29,2,2,2,-10.86449594438007,-1.027747175907189
validation_2025h2,context70,2025-09-30,2,2,2,3.0977363699102964,0.0
validation_2025h2,context70,2025-10-09,2,2,2,-11.26564313618984,-2.468295528348829
validation_2025h2,context70,2025-10-10,2,2,2,25.830721229116357,0.0
validation_2025h2,context70,2025-10-15,2,2,2,-7.76624853647966,-1.7066230663447364
validation_2025h2,context70,2025-10-20,2,2,2,4.7174498956144655,0.0
validation_2025h2,context70,2025-10-21,2,2,2,-2.8622496351956146,1.8512462997637416
validation_2025h2,context70,2025-10-23,2,2,2,3.9936753469515516,0.0
validation_2025h2,context70,2025-10-24,2,2,2,-2.5832153379486313,0.0
validation_2025h2,context70,2025-10-27,2,2,2,-4.789787556752325,0.6509589649332348
validation_2025h2,context70,2025-10-29,2,2,2,11.402222222222225,-12.230386052303867
validation_2025h2,context70,2025-10-31,2,2,2,0.2334883720930141,-1.7280884265279406
validation_2025h2,context70,2025-11-03,2,2,2,-0.8039483140840371,10.05164319248828
validation_2025h2,context70,2025-11-05,2,2,2,-8.313639381214589,0.0
validation_2025h2,context70,2025-11-06,2,2,2,-6.5586792452830185,0.39117928040577254
validation_2025h2,context70,2025-11-10,2,2,2,-1.9252501864643015,4.221065603009377
validation_2025h2,context70,2025-11-11,2,2,2,-6.61458702036585,0.0
validation_2025h2,context70,2025-11-13,2,2,2,-0.6903284337857492,0.0
validation_2025h2,context70,2025-11-17,2,2,2,12.421747110486201,6.3583957441275425
validation_2025h2,context70,2025-11-24,2,2,2,-1.8465848109763723,4.490090343887765
validation_2025h2,context70,2025-11-25,2,2,2,3.831834713386904,-1.9899943790445693
validation_2025h2,context70,2025-11-27,2,2,2,1.6260235323916388,-4.0157905724294345
validation_2025h2,context70,2025-11-28,2,2,2,-7.596929137768817,-0.8477564236904263
validation_2025h2,context70,2025-12-01,2,2,2,0.6312049354154842,2.8366332928202453
validation_2025h2,context70,2025-12-05,2,2,2,-1.273274575873264,-3.241173104579276
validation_2025h2,context70,2025-12-08,2,2,2,-0.48128845037722723,-4.81576448243115
validation_2025h2,context70,2025-12-10,2,2,2,-3.9051142013439413,0.0
validation_2025h2,context70,2025-12-12,2,2,2,-1.71538209535478,0.0
validation_2025h2,context70,2025-12-17,2,2,2,37.30604936305084,5.726777846795759
validation_2025h2,context70,2025-12-19,2,2,2,1.7720826513911696,-1.812816616008095
validation_2025h2,context70,2025-12-22,2,2,2,2.66122240393417,0.0
validation_2025h2,context70,2025-12-24,2,2,2,1.529505852325606,0.0
validation_2025h2,context70,2025-12-25,2,2,2,10.886703972834098,-0.5974273847766494
validation_2025h2,trend80,2025-07-01,2,2,2,-3.4561774744027116,-6.999999999999995
validation_2025h2,trend80,2025-07-03,2,2,2,-5.065667595631342,0.0
validation_2025h2,trend80,2025-07-07,1,1,1,2.976713286713283,0.0
validation_2025h2,trend80,2025-07-08,2,2,2,3.184653258683943,0.0
validation_2025h2,trend80,2025-07-10,2,2,2,-5.931637261844726,0.0
validation_2025h2,trend80,2025-07-11,2,2,2,0.027293761189959742,-14.346214039154715
validation_2025h2,trend80,2025-07-14,2,2,2,-0.27602600315104375,-2.795282692037926
validation_2025h2,trend80,2025-07-16,2,2,2,10.610196939779179,0.0
validation_2025h2,trend80,2025-07-17,2,2,2,-3.9507102105056053,0.0
validation_2025h2,trend80,2025-07-21,2,2,2,-0.7225854300963359,-0.8272581562483672
validation_2025h2,trend80,2025-07-22,2,2,2,-6.3116686561587105,2.135347194978431
validation_2025h2,trend80,2025-07-24,2,2,2,-2.0233748436921735,-0.107434654025651
validation_2025h2,trend80,2025-07-25,2,2,2,-1.2964494046961001,-0.9466098530561573
validation_2025h2,trend80,2025-07-28,2,2,2,-5.695834653010669,0.0
validation_2025h2,trend80,2025-08-01,2,2,2,17.626357762171406,0.0
validation_2025h2,trend80,2025-08-04,2,2,2,23.211140252166814,5.601251540028549
validation_2025h2,trend80,2025-08-05,2,2,2,5.194763266879441,7.477351903777906
validation_2025h2,trend80,2025-08-06,2,2,2,1.4016902354771803,-2.3082286972357924
validation_2025h2,trend80,2025-08-08,2,2,2,5.247239080235443,0.0
validation_2025h2,trend80,2025-08-11,2,2,2,6.600574900838439,6.970666471014809
validation_2025h2,trend80,2025-08-13,2,2,2,3.2430104730801976,0.0
validation_2025h2,trend80,2025-08-15,2,2,2,0.08415207200795749,0.54249639398809
validation_2025h2,trend80,2025-08-18,2,2,2,-0.4518290801912034,-2.8734219715283227
validation_2025h2,trend80,2025-08-19,2,2,2,-5.0612085911903595,-2.291769540770005
validation_2025h2,trend80,2025-08-22,2,2,2,-10.337900656044987,0.0
validation_2025h2,trend80,2025-08-25,2,2,2,-4.89725332285247,4.339246119733953
validation_2025h2,trend80,2025-08-26,2,2,2,-14.620000000000012,0.0
validation_2025h2,trend80,2025-08-28,2,2,2,-2.905989179193071,0.0
validation_2025h2,trend80,2025-09-01,2,2,2,13.296348608049044,0.0
validation_2025h2,trend80,2025-09-05,2,2,2,7.748994843029044,0.0
validation_2025h2,trend80,2025-09-08,2,2,2,-0.997664179751669,2.5498371205441073
validation_2025h2,trend80,2025-09-10,2,2,2,-0.6524745615934098,-9.327455189341437
validation_2025h2,trend80,2025-09-11,2,2,2,2.1093607800650376,0.0
validation_2025h2,trend80,2025-09-16,2,2,2,7.952915514112578,0.0
validation_2025h2,trend80,2025-09-24,2,2,2,-5.9444098430098915,0.0
validation_2025h2,trend80,2025-09-29,2,2,2,-10.86449594438007,-1.027747175907189
validation_2025h2,trend80,2025-09-30,2,2,2,3.0977363699102964,0.0
validation_2025h2,trend80,2025-10-09,2,2,2,-11.26564313618984,-2.468295528348829
validation_2025h2,trend80,2025-10-10,2,2,2,25.830721229116357,0.0
validation_2025h2,trend80,2025-10-15,2,2,2,-7.76624853647966,-1.7066230663447364
validation_2025h2,trend80,2025-10-20,2,2,2,4.7174498956144655,0.0
validation_2025h2,trend80,2025-10-21,2,2,2,5.90641356730308,10.619909502262436
validation_2025h2,trend80,2025-10-23,2,2,2,3.9936753469515516,0.0
validation_2025h2,trend80,2025-10-24,2,2,2,-2.5832153379486313,0.0
validation_2025h2,trend80,2025-10-27,2,2,2,-4.405285670030936,1.0354608516546238
validation_2025h2,trend80,2025-10-29,2,2,2,11.402222222222225,-12.230386052303867
validation_2025h2,trend80,2025-10-31,2,2,2,0.2334883720930141,-1.7280884265279406
validation_2025h2,trend80,2025-11-03,2,2,2,-0.8039483140840371,10.05164319248828
validation_2025h2,trend80,2025-11-05,2,2,2,-8.313639381214589,0.0
validation_2025h2,trend80,2025-11-06,2,2,2,6.018910680264476,12.968769205953267
validation_2025h2,trend80,2025-11-10,2,2,2,-1.9252501864643015,4.221065603009377
validation_2025h2,trend80,2025-11-11,2,2,2,-6.61458702036585,0.0
validation_2025h2,trend80,2025-11-13,2,2,2,-0.6903284337857492,0.0
validation_2025h2,trend80,2025-11-17,2,2,2,12.421747110486201,6.3583957441275425
validation_2025h2,trend80,2025-11-24,2,2,2,-1.8465848109763723,4.490090343887765
validation_2025h2,trend80,2025-11-25,2,2,2,-2.273618082438113,-8.095447174869587
validation_2025h2,trend80,2025-11-27,2,2,2,-0.5807579873462161,-6.2225720921672885
validation_2025h2,trend80,2025-11-28,2,2,2,-3.2794320800726213,3.4697406340057695
validation_2025h2,trend80,2025-12-01,2,2,2,8.258463757438793,10.463892114843555
validation_2025h2,trend80,2025-12-05,2,2,2,-1.273274575873264,-3.241173104579276
validation_2025h2,trend80,2025-12-08,2,2,2,19.665378216289486,15.330902184235564
validation_2025h2,trend80,2025-12-10,2,2,2,-3.9051142013439413,0.0
validation_2025h2,trend80,2025-12-12,2,2,2,-1.71538209535478,0.0
validation_2025h2,trend80,2025-12-17,2,2,2,37.30604936305084,5.726777846795759
validation_2025h2,trend80,2025-12-19,2,2,2,1.7720826513911696,-1.812816616008095
validation_2025h2,trend80,2025-12-22,2,2,2,2.66122240393417,0.0
validation_2025h2,trend80,2025-12-24,2,2,2,1.529505852325606,0.0
validation_2025h2,trend80,2025-12-25,2,2,2,10.886703972834098,-0.5974273847766494
validation_2025h2,context80,2025-07-01,2,2,2,-3.4561774744027116,-6.999999999999995
validation_2025h2,context80,2025-07-03,2,2,2,-5.065667595631342,0.0
validation_2025h2,context80,2025-07-07,1,1,1,2.976713286713283,0.0
validation_2025h2,context80,2025-07-08,2,2,2,3.184653258683943,0.0
validation_2025h2,context80,2025-07-10,2,2,2,-5.931637261844726,0.0
validation_2025h2,context80,2025-07-11,2,2,2,-9.456982968369822,-23.830490768714498
validation_2025h2,context80,2025-07-14,2,2,2,-0.27602600315104375,-2.795282692037926
validation_2025h2,context80,2025-07-16,2,2,2,10.610196939779179,0.0
validation_2025h2,context80,2025-07-17,2,2,2,-3.8114916309200515,0.13921857958555384
validation_2025h2,context80,2025-07-21,2,2,2,-0.7225854300963359,-0.8272581562483672
validation_2025h2,context80,2025-07-22,2,2,2,-6.3116686561587105,2.135347194978431
validation_2025h2,context80,2025-07-24,2,2,2,-2.0233748436921735,-0.107434654025651
validation_2025h2,context80,2025-07-25,2,2,2,-1.2964494046961001,-0.9466098530561573
validation_2025h2,context80,2025-07-28,2,2,2,-5.714543064619028,-0.01870841160835912
validation_2025h2,context80,2025-08-01,2,2,2,17.626357762171406,0.0
validation_2025h2,context80,2025-08-04,2,2,2,9.318975939993022,-8.290912772145242
validation_2025h2,context80,2025-08-05,2,2,2,5.194763266879441,7.477351903777906
validation_2025h2,context80,2025-08-06,2,2,2,9.25166698120836,5.5417480484953865
validation_2025h2,context80,2025-08-08,2,2,2,5.247239080235443,0.0
validation_2025h2,context80,2025-08-11,2,2,2,-5.165872506521042,-4.7957809363446735
validation_2025h2,context80,2025-08-13,2,2,2,3.2430104730801976,0.0
validation_2025h2,context80,2025-08-15,2,2,2,0.08415207200795749,0.54249639398809
validation_2025h2,context80,2025-08-18,2,2,2,-0.09215651086276366,-2.513749402199883
validation_2025h2,context80,2025-08-19,2,2,2,-5.0612085911903595,-2.291769540770005
validation_2025h2,context80,2025-08-22,2,2,2,-10.337900656044987,0.0
validation_2025h2,context80,2025-08-25,2,2,2,-4.89725332285247,4.339246119733953
validation_2025h2,context80,2025-08-26,2,2,2,-14.620000000000012,0.0
validation_2025h2,context80,2025-08-28,2,2,2,-2.905989179193071,0.0
validation_2025h2,context80,2025-09-01,2,2,2,13.296348608049044,0.0
validation_2025h2,context80,2025-09-05,2,2,2,7.748994843029044,0.0
validation_2025h2,context80,2025-09-08,2,2,2,-0.997664179751669,2.5498371205441073
validation_2025h2,context80,2025-09-10,2,2,2,-7.7493561145077905,-16.424336742255818
validation_2025h2,context80,2025-09-11,2,2,2,2.1093607800650376,0.0
validation_2025h2,context80,2025-09-16,2,2,2,-4.522193496725482,-12.475109010838061
validation_2025h2,context80,2025-09-24,2,2,2,-5.9444098430098915,0.0
validation_2025h2,context80,2025-09-29,2,2,2,-10.86449594438007,-1.027747175907189
validation_2025h2,context80,2025-09-30,2,2,2,3.0977363699102964,0.0
validation_2025h2,context80,2025-10-09,2,2,2,-11.26564313618984,-2.468295528348829
validation_2025h2,context80,2025-10-10,2,2,2,25.830721229116357,0.0
validation_2025h2,context80,2025-10-15,2,2,2,-7.76624853647966,-1.7066230663447364
validation_2025h2,context80,2025-10-20,2,2,2,4.7174498956144655,0.0
validation_2025h2,context80,2025-10-21,2,2,2,2.2238081402757497,6.937304075235106
validation_2025h2,context80,2025-10-23,2,2,2,3.9936753469515516,0.0
validation_2025h2,context80,2025-10-24,2,2,2,-2.5832153379486313,0.0
validation_2025h2,context80,2025-10-27,2,2,2,4.338471219505124,9.779217741190683
validation_2025h2,context80,2025-10-29,2,2,2,11.402222222222225,-12.230386052303867
validation_2025h2,context80,2025-10-31,2,2,2,0.2334883720930141,-1.7280884265279406
validation_2025h2,context80,2025-11-03,2,2,2,-0.8039483140840371,10.05164319248828
validation_2025h2,context80,2025-11-05,2,2,2,-8.313639381214589,0.0
validation_2025h2,context80,2025-11-06,2,2,2,-6.5586792452830185,0.39117928040577254
validation_2025h2,context80,2025-11-10,2,2,2,-1.9252501864643015,4.221065603009377
validation_2025h2,context80,2025-11-11,2,2,2,-6.61458702036585,0.0
validation_2025h2,context80,2025-11-13,2,2,2,-0.6903284337857492,0.0
validation_2025h2,context80,2025-11-17,2,2,2,12.421747110486201,6.3583957441275425
validation_2025h2,context80,2025-11-24,2,2,2,-1.8465848109763723,4.490090343887765
validation_2025h2,context80,2025-11-25,2,2,2,-2.273618082438113,-8.095447174869587
validation_2025h2,context80,2025-11-27,2,2,2,-0.5807579873462161,-6.2225720921672885
validation_2025h2,context80,2025-11-28,2,2,2,-3.2794320800726213,3.4697406340057695
validation_2025h2,context80,2025-12-01,2,2,2,5.516143733323275,7.721572090728036
validation_2025h2,context80,2025-12-05,2,2,2,-1.273274575873264,-3.241173104579276
validation_2025h2,context80,2025-12-08,2,2,2,-0.48128845037722723,-4.81576448243115
validation_2025h2,context80,2025-12-10,2,2,2,-3.9051142013439413,0.0
validation_2025h2,context80,2025-12-12,2,2,2,-1.71538209535478,0.0
validation_2025h2,context80,2025-12-17,2,2,2,37.30604936305084,5.726777846795759
validation_2025h2,context80,2025-12-19,2,2,2,1.7720826513911696,-1.812816616008095
validation_2025h2,context80,2025-12-22,2,2,2,2.66122240393417,0.0
validation_2025h2,context80,2025-12-24,2,2,2,1.529505852325606,0.0
validation_2025h2,context80,2025-12-25,2,2,2,10.886703972834098,-0.5974273847766494
observed_2026,baseline,2026-01-05,2,2,2,2.786747344254657,0.0
observed_2026,baseline,2026-01-08,1,1,1,16.898480565371035,0.0
observed_2026,baseline,2026-01-09,2,2,2,-2.8902702702702907,0.0
observed_2026,baseline,2026-01-12,2,2,2,-12.8416748768473,0.0
observed_2026,baseline,2026-01-19,2,2,2,-0.05685580376131494,0.0
observed_2026,baseline,2026-01-21,1,1,1,0.8344478812248748,0.0
observed_2026,baseline,2026-01-22,2,2,2,-5.339869706840396,0.0
observed_2026,baseline,2026-01-23,2,2,2,-12.99974683544305,0.0
observed_2026,baseline,2026-01-30,1,1,1,-7.310000000000006,0.0
observed_2026,baseline,2026-02-03,2,2,2,9.489061228507676,0.0
observed_2026,baseline,2026-02-04,2,2,2,16.545458562325432,0.0
observed_2026,baseline,2026-02-06,1,1,1,2.8346540880502915,0.0
observed_2026,baseline,2026-02-09,2,2,2,-5.536628502801845,0.0
observed_2026,baseline,2026-02-24,2,2,2,13.371405245503794,0.0
observed_2026,baseline,2026-02-25,2,2,2,-14.620000000000022,0.0
observed_2026,baseline,2026-02-26,1,1,1,-3.2161102831594577,0.0
observed_2026,baseline,2026-02-27,2,2,2,0.03306122448979387,0.0
observed_2026,baseline,2026-03-05,2,2,2,5.380560663709087,0.0
observed_2026,baseline,2026-03-06,2,2,2,-0.7879009826255574,0.0
observed_2026,baseline,2026-03-10,2,2,2,-7.446302729528532,0.0
observed_2026,baseline,2026-03-16,2,2,2,-14.620000000000012,0.0
observed_2026,baseline,2026-03-18,2,2,2,-8.450398223068403,0.0
observed_2026,baseline,2026-03-24,1,1,1,4.024567632324116,0.0
observed_2026,baseline,2026-03-25,2,2,2,-6.916967507606532,0.0
observed_2026,baseline,2026-03-27,1,1,1,-5.545094522539984,0.0
observed_2026,baseline,2026-03-30,2,2,2,12.494576702737128,0.0
observed_2026,baseline,2026-04-01,2,2,2,-1.7677272727272717,0.0
observed_2026,baseline,2026-04-07,2,2,2,13.325628668520228,0.0
observed_2026,baseline,2026-04-08,2,2,2,4.297815995502638,0.0
observed_2026,baseline,2026-04-10,2,2,2,5.57311038471213,0.0
observed_2026,baseline,2026-04-14,2,2,2,12.406652216783208,0.0
observed_2026,baseline,2026-04-16,1,1,1,2.9652245113576217,0.0
observed_2026,baseline,2026-04-22,1,1,1,2.423006306937624,0.0
observed_2026,baseline,2026-04-29,2,2,2,20.082678963548517,0.0
observed_2026,baseline,2026-04-30,1,1,1,2.7751063829786973,0.0
observed_2026,baseline,2026-05-06,2,2,2,0.9688676366885511,0.0
observed_2026,baseline,2026-05-07,2,2,2,13.473341813446192,0.0
observed_2026,baseline,2026-05-08,2,2,2,-10.896156819436776,0.0
observed_2026,baseline,2026-05-11,2,2,2,-2.4217306120849065,0.0
observed_2026,baseline,2026-05-19,2,2,2,20.986471376923706,0.0
observed_2026,baseline,2026-05-22,2,2,2,-4.081668070766643,0.0
observed_2026,baseline,2026-05-28,1,1,1,6.7687637088733705,0.0
observed_2026,baseline,2026-06-01,2,2,2,5.435091819699499,0.0
observed_2026,baseline,2026-06-05,1,1,1,9.423893557422979,0.0
observed_2026,baseline,2026-06-09,1,1,1,4.606420845624381,0.0
observed_2026,baseline,2026-06-12,2,2,2,-9.16261473197071,0.0
observed_2026,baseline,2026-06-15,2,2,2,16.15214468162744,0.0
observed_2026,baseline,2026-06-16,2,2,2,14.132411173378822,0.0
observed_2026,baseline,2026-06-22,2,2,2,0.05620376831820728,0.0
observed_2026,baseline,2026-06-23,2,2,2,-6.342109533468566,0.0
observed_2026,baseline,2026-06-30,1,1,1,30.95119670369043,0.0
observed_2026,baseline,2026-07-15,1,1,1,-21.851299446607907,0.0
observed_2026,baseline,2026-07-21,1,1,1,3.393703703703698,0.0
observed_2026,baseline,2026-07-29,2,2,2,13.224114102049022,0.0
observed_2026,baseline,2026-07-31,1,1,1,5.232168674698789,0.0
observed_2026,baseline,2026-08-03,2,2,2,3.3647874982054553,0.0
observed_2026,baseline,2026-08-04,2,2,2,19.81318078267642,0.0
observed_2026,baseline,2026-08-06,2,2,2,-1.0223273545218365,0.0
observed_2026,baseline,2026-08-07,2,2,2,0.815698039365174,0.0
observed_2026,baseline,2026-08-10,1,1,1,-0.35323389537397304,0.0
observed_2026,baseline,2026-08-20,2,2,2,-9.886594711279031,0.0
observed_2026,baseline,2026-08-21,1,1,1,-2.3198441345365093,0.0
observed_2026,baseline,2026-08-25,1,1,1,-1.7315686274509865,0.0
observed_2026,baseline,2026-08-26,2,2,2,5.404146407707187,0.0
observed_2026,baseline,2026-08-27,2,2,2,4.05486570122988,0.0
observed_2026,baseline,2026-08-28,2,2,2,3.805265553869484,0.0
observed_2026,baseline,2026-08-31,2,2,2,5.666545578886572,0.0
observed_2026,baseline,2026-09-01,2,2,2,7.703372983670253,0.0
observed_2026,baseline,2026-09-07,2,2,2,-14.620000000000012,0.0
observed_2026,baseline,2026-09-08,2,2,2,-14.620000000000012,0.0
observed_2026,baseline,2026-09-14,2,2,2,0.25854310141443104,0.0
observed_2026,baseline,2026-09-16,2,2,2,20.625328928779883,0.0
observed_2026,baseline,2026-09-17,1,1,1,13.02333333333333,0.0
observed_2026,baseline,2026-09-18,2,2,2,4.062162269619328,0.0
observed_2026,baseline,2026-09-21,2,2,2,-9.26588528678305,0.0
observed_2026,low80,2026-01-05,2,2,2,8.376350138899634,5.589602794644977
observed_2026,low80,2026-01-08,1,1,1,16.898480565371035,0.0
observed_2026,low80,2026-01-09,2,2,2,-2.8902702702702907,0.0
observed_2026,low80,2026-01-12,2,2,2,-12.8416748768473,0.0
observed_2026,low80,2026-01-19,2,2,2,-0.05685580376131494,0.0
observed_2026,low80,2026-01-21,1,1,1,0.8344478812248748,0.0
observed_2026,low80,2026-01-22,2,2,2,-5.339869706840396,0.0
observed_2026,low80,2026-01-23,2,2,2,-12.99974683544305,0.0
observed_2026,low80,2026-01-30,1,1,1,-7.310000000000006,0.0
observed_2026,low80,2026-02-03,2,2,2,9.489061228507676,0.0
observed_2026,low80,2026-02-04,2,2,2,16.545458562325432,0.0
observed_2026,low80,2026-02-06,1,1,1,2.8346540880502915,0.0
observed_2026,low80,2026-02-09,2,2,2,8.931219470971618,14.467847973773463
observed_2026,low80,2026-02-24,2,2,2,-4.858449618195362,-18.229854863699156
observed_2026,low80,2026-02-25,2,2,2,-14.620000000000035,-1.2434497875801753e-14
observed_2026,low80,2026-02-26,1,1,1,-3.2161102831594577,0.0
observed_2026,low80,2026-02-27,2,2,2,-14.670528789659222,-14.703590014149016
observed_2026,low80,2026-03-05,2,2,2,5.380560663709087,0.0
observed_2026,low80,2026-03-06,2,2,2,1.4322247360482474,2.220125718673805
observed_2026,low80,2026-03-10,2,2,2,-0.19085158456000506,7.255451144968527
observed_2026,low80,2026-03-16,2,2,2,-14.620000000000012,0.0
observed_2026,low80,2026-03-18,2,2,2,-8.987889420521023,-0.5374911974526206
observed_2026,low80,2026-03-24,1,1,1,4.024567632324116,0.0
observed_2026,low80,2026-03-25,2,2,2,-6.916967507606532,0.0
observed_2026,low80,2026-03-27,1,1,1,-5.545094522539984,0.0
observed_2026,low80,2026-03-30,2,2,2,-14.620000000000012,-27.11457670273714
observed_2026,low80,2026-04-01,2,2,2,-1.7677272727272717,0.0
observed_2026,low80,2026-04-07,2,2,2,20.881277434050546,7.555648765530318
observed_2026,low80,2026-04-08,2,2,2,7.37983108787272,3.0820150923700824
observed_2026,low80,2026-04-10,2,2,2,5.314026389444247,-0.2590839952678836
observed_2026,low80,2026-04-14,2,2,2,12.406652216783208,0.0
observed_2026,low80,2026-04-16,1,1,1,2.9652245113576217,0.0
observed_2026,low80,2026-04-22,1,1,1,2.423006306937624,0.0
observed_2026,low80,2026-04-29,2,2,2,20.082678963548517,0.0
observed_2026,low80,2026-04-30,1,1,1,2.7751063829786973,0.0
observed_2026,low80,2026-05-06,2,2,2,0.9212390289127552,-0.04762860777579592
observed_2026,low80,2026-05-07,2,2,2,0.09606534101954534,-13.377276472426647
observed_2026,low80,2026-05-08,2,2,2,-4.330273077361702,6.565883742075074
observed_2026,low80,2026-05-11,2,2,2,-6.354386533646851,-3.9326559215619445
observed_2026,low80,2026-05-19,2,2,2,20.986471376923706,0.0
observed_2026,low80,2026-05-22,2,2,2,-5.83276595744683,-1.7510978866801867
observed_2026,low80,2026-05-28,1,1,1,6.7687637088733705,0.0
observed_2026,low80,2026-06-01,2,2,2,-14.620000000000012,-20.055091819699513
observed_2026,low80,2026-06-05,1,1,1,9.423893557422979,0.0
observed_2026,low80,2026-06-09,1,1,1,4.606420845624381,0.0
observed_2026,low80,2026-06-12,2,2,2,-9.16261473197071,0.0
observed_2026,low80,2026-06-15,2,2,2,-6.6200000000000045,-22.772144681627445
observed_2026,low80,2026-06-16,2,2,2,14.132411173378822,0.0
observed_2026,low80,2026-06-22,2,2,2,0.05620376831820728,0.0
observed_2026,low80,2026-06-23,2,2,2,-6.342109533468566,0.0
observed_2026,low80,2026-06-30,1,1,1,30.95119670369043,0.0
observed_2026,low80,2026-07-15,1,1,1,-21.851299446607907,0.0
observed_2026,low80,2026-07-21,1,1,1,3.393703703703698,0.0
observed_2026,low80,2026-07-29,2,2,2,13.224114102049022,0.0
observed_2026,low80,2026-07-31,1,1,1,5.232168674698789,0.0
observed_2026,low80,2026-08-03,2,2,2,3.3647874982054553,0.0
observed_2026,low80,2026-08-04,2,2,2,5.103486598890948,-14.709694183785471
observed_2026,low80,2026-08-06,2,2,2,-1.0223273545218365,0.0
observed_2026,low80,2026-08-07,2,2,2,0.029611518890769073,-0.786086520474405
observed_2026,low80,2026-08-10,1,1,1,-0.35323389537397304,0.0
observed_2026,low80,2026-08-20,2,2,2,-9.886594711279031,0.0
observed_2026,low80,2026-08-21,1,1,1,-2.3198441345365093,0.0
observed_2026,low80,2026-08-25,1,1,1,-1.7315686274509865,0.0
observed_2026,low80,2026-08-26,2,2,2,20.58535714285714,15.181210735149953
observed_2026,low80,2026-08-27,2,2,2,4.05486570122988,0.0
observed_2026,low80,2026-08-28,2,2,2,3.805265553869484,0.0
observed_2026,low80,2026-08-31,2,2,2,2.476862283072555,-3.189683295814017
observed_2026,low80,2026-09-01,2,2,2,11.864964266584098,4.161591282913845
observed_2026,low80,2026-09-07,2,2,2,-12.432834224598933,2.1871657754010787
observed_2026,low80,2026-09-08,2,2,2,-14.620000000000022,-1.0658141036401503e-14
observed_2026,low80,2026-09-14,2,2,2,24.563233532934127,24.304690431519695
observed_2026,low80,2026-09-16,2,2,2,14.850841197075724,-5.774487731704159
observed_2026,low80,2026-09-17,1,1,1,13.02333333333333,0.0
observed_2026,low80,2026-09-18,2,2,2,-0.491453333488447,-4.553615603107774
observed_2026,low80,2026-09-21,2,2,2,-5.935658140985668,3.330227145797382
observed_2026,context70,2026-01-05,2,2,2,3.2954616240266947,0.5087142797720379
observed_2026,context70,2026-01-08,1,1,1,16.898480565371035,0.0
observed_2026,context70,2026-01-09,2,2,2,-2.8902702702702907,0.0
observed_2026,context70,2026-01-12,2,2,2,-12.8416748768473,0.0
observed_2026,context70,2026-01-19,2,2,2,-0.05685580376131494,0.0
observed_2026,context70,2026-01-21,1,1,1,0.8344478812248748,0.0
observed_2026,context70,2026-01-22,2,2,2,-5.339869706840396,0.0
observed_2026,context70,2026-01-23,2,2,2,-12.99974683544305,0.0
observed_2026,context70,2026-01-30,1,1,1,-7.310000000000006,0.0
observed_2026,context70,2026-02-03,2,2,2,9.489061228507676,0.0
observed_2026,context70,2026-02-04,2,2,2,16.545458562325432,0.0
observed_2026,context70,2026-02-06,1,1,1,2.8346540880502915,0.0
observed_2026,context70,2026-02-09,2,2,2,1.6633216225896295,7.199950125391474
observed_2026,context70,2026-02-24,2,2,2,-3.9099236635973935,-17.281328909101187
observed_2026,context70,2026-02-25,2,2,2,-6.843221586263294,7.776778413736729
observed_2026,context70,2026-02-26,1,1,1,-3.2161102831594577,0.0
observed_2026,context70,2026-02-27,2,2,2,1.2355770470664034,1.2025158225766095
observed_2026,context70,2026-03-05,2,2,2,5.380560663709087,0.0
observed_2026,context70,2026-03-06,2,2,2,-6.976993736951976,-6.189092754326419
observed_2026,context70,2026-03-10,2,2,2,6.772153824279779,14.218456553808311
observed_2026,context70,2026-03-16,2,2,2,-14.620000000000012,0.0
observed_2026,context70,2026-03-18,2,2,2,-8.987889420521023,-0.5374911974526206
observed_2026,context70,2026-03-24,1,1,1,4.024567632324116,0.0
observed_2026,context70,2026-03-25,2,2,2,-6.916967507606532,0.0
observed_2026,context70,2026-03-27,1,1,1,-5.545094522539984,0.0
observed_2026,context70,2026-03-30,2,2,2,-14.620000000000012,-27.11457670273714
observed_2026,context70,2026-04-01,2,2,2,-7.095806451612919,-5.328079178885647
observed_2026,context70,2026-04-07,2,2,2,13.325628668520228,0.0
observed_2026,context70,2026-04-08,2,2,2,4.297815995502638,0.0
observed_2026,context70,2026-04-10,2,2,2,5.57311038471213,0.0
observed_2026,context70,2026-04-14,2,2,2,12.406652216783208,0.0
observed_2026,context70,2026-04-16,1,1,1,2.9652245113576217,0.0
observed_2026,context70,2026-04-22,1,1,1,2.423006306937624,0.0
observed_2026,context70,2026-04-29,2,2,2,30.52731473147312,10.444635767924602
observed_2026,context70,2026-04-30,1,1,1,2.7751063829786973,0.0
observed_2026,context70,2026-05-06,2,2,2,0.09520296942306761,-0.8736646672654835
observed_2026,context70,2026-05-07,2,2,2,14.511135476158541,1.0377936627123496
observed_2026,context70,2026-05-08,2,2,2,-10.896156819436776,0.0
observed_2026,context70,2026-05-11,2,2,2,-8.466316599346047,-6.044585987261141
observed_2026,context70,2026-05-19,2,2,2,20.986471376923706,0.0
observed_2026,context70,2026-05-22,2,2,2,-4.081668070766643,0.0
observed_2026,context70,2026-05-28,1,1,1,6.7687637088733705,0.0
observed_2026,context70,2026-06-01,2,2,2,5.435091819699499,0.0
observed_2026,context70,2026-06-05,1,1,1,9.423893557422979,0.0
observed_2026,context70,2026-06-09,1,1,1,4.606420845624381,0.0
observed_2026,context70,2026-06-12,2,2,2,-7.200125962211358,1.9624887697593518
observed_2026,context70,2026-06-15,2,2,2,14.859090729598812,-1.2930539520286288
observed_2026,context70,2026-06-16,2,2,2,14.132411173378822,0.0
observed_2026,context70,2026-06-22,2,2,2,0.05620376831820728,0.0
observed_2026,context70,2026-06-23,2,2,2,-6.342109533468566,0.0
observed_2026,context70,2026-06-30,1,1,1,30.95119670369043,0.0
observed_2026,context70,2026-07-15,1,1,1,-21.851299446607907,0.0
observed_2026,context70,2026-07-21,1,1,1,3.393703703703698,0.0
observed_2026,context70,2026-07-29,2,2,2,5.30652857098206,-7.917585531066962
observed_2026,context70,2026-07-31,1,1,1,5.232168674698789,0.0
observed_2026,context70,2026-08-03,2,2,2,3.3647874982054553,0.0
observed_2026,context70,2026-08-04,2,2,2,13.15219418378548,-6.660986598890938
observed_2026,context70,2026-08-06,2,2,2,-1.0223273545218365,0.0
observed_2026,context70,2026-08-07,2,2,2,1.5138620170173627,0.6981639776521886
observed_2026,context70,2026-08-10,1,1,1,-0.35323389537397304,0.0
observed_2026,context70,2026-08-20,2,2,2,-14.804869399133736,-4.918274687854705
observed_2026,context70,2026-08-21,1,1,1,-2.3198441345365093,0.0
observed_2026,context70,2026-08-25,1,1,1,-1.7315686274509865,0.0
observed_2026,context70,2026-08-26,2,2,2,5.404146407707187,0.0
observed_2026,context70,2026-08-27,2,2,2,4.05486570122988,0.0
observed_2026,context70,2026-08-28,2,2,2,3.805265553869484,0.0
observed_2026,context70,2026-08-31,2,2,2,1.8685795948800692,-3.7979659840065025
observed_2026,context70,2026-09-01,2,2,2,-1.38193507320178,-9.085308056872034
observed_2026,context70,2026-09-07,2,2,2,-14.620000000000012,0.0
observed_2026,context70,2026-09-08,2,2,2,-14.620000000000001,1.0658141036401503e-14
observed_2026,context70,2026-09-14,2,2,2,-3.529246598055436,-3.787789699469867
observed_2026,context70,2026-09-16,2,2,2,2.8169118485137576,-17.808417080266125
observed_2026,context70,2026-09-17,1,1,1,13.02333333333333,0.0
observed_2026,context70,2026-09-18,2,2,2,-1.6129890873620507,-5.675151356981378
observed_2026,context70,2026-09-21,2,2,2,-10.864274809160314,-1.5983895223772642
observed_2026,trend80,2026-01-05,2,2,2,3.2954616240266947,0.5087142797720379
observed_2026,trend80,2026-01-08,1,1,1,16.898480565371035,0.0
observed_2026,trend80,2026-01-09,2,2,2,-2.8902702702702907,0.0
observed_2026,trend80,2026-01-12,2,2,2,-10.78114218919596,2.0605326876513406
observed_2026,trend80,2026-01-19,2,2,2,-0.4421538818614419,-0.38529807810012695
observed_2026,trend80,2026-01-21,1,1,1,0.8344478812248748,0.0
observed_2026,trend80,2026-01-22,2,2,2,-5.339869706840396,0.0
observed_2026,trend80,2026-01-23,2,2,2,-12.99974683544305,0.0
observed_2026,trend80,2026-01-30,1,1,1,-7.310000000000006,0.0
observed_2026,trend80,2026-02-03,2,2,2,9.489061228507676,0.0
observed_2026,trend80,2026-02-04,2,2,2,16.545458562325432,0.0
observed_2026,trend80,2026-02-06,1,1,1,2.8346540880502915,0.0
observed_2026,trend80,2026-02-09,2,2,2,-7.6770594522164854,-2.1404309494146405
observed_2026,trend80,2026-02-24,2,2,2,-3.040686292641094,-16.41209153814489
observed_2026,trend80,2026-02-25,2,2,2,-6.843221586263294,7.776778413736729
observed_2026,trend80,2026-02-26,1,1,1,-3.2161102831594577,0.0
observed_2026,trend80,2026-02-27,2,2,2,1.2355770470664034,1.2025158225766095
observed_2026,trend80,2026-03-05,2,2,2,5.380560663709087,0.0
observed_2026,trend80,2026-03-06,2,2,2,-6.976993736951976,-6.189092754326419
observed_2026,trend80,2026-03-10,2,2,2,6.772153824279779,14.218456553808311
observed_2026,trend80,2026-03-16,2,2,2,-14.620000000000012,0.0
observed_2026,trend80,2026-03-18,2,2,2,-8.450398223068403,0.0
observed_2026,trend80,2026-03-24,1,1,1,4.024567632324116,0.0
observed_2026,trend80,2026-03-25,2,2,2,-6.916967507606532,0.0
observed_2026,trend80,2026-03-27,1,1,1,-5.545094522539984,0.0
observed_2026,trend80,2026-03-30,2,2,2,-14.620000000000012,-27.11457670273714
observed_2026,trend80,2026-04-01,2,2,2,-7.095806451612919,-5.328079178885647
observed_2026,trend80,2026-04-07,2,2,2,13.325628668520228,0.0
observed_2026,trend80,2026-04-08,2,2,2,4.297815995502638,0.0
observed_2026,trend80,2026-04-10,2,2,2,5.57311038471213,0.0
observed_2026,trend80,2026-04-14,2,2,2,12.406652216783208,0.0
observed_2026,trend80,2026-04-16,1,1,1,2.9652245113576217,0.0
observed_2026,trend80,2026-04-22,1,1,1,2.423006306937624,0.0
observed_2026,trend80,2026-04-29,2,2,2,20.082678963548517,0.0
observed_2026,trend80,2026-04-30,1,1,1,2.7751063829786973,0.0
observed_2026,trend80,2026-05-06,2,2,2,0.09520296942306761,-0.8736646672654835
observed_2026,trend80,2026-05-07,2,2,2,0.09606534101954534,-13.377276472426647
observed_2026,trend80,2026-05-08,2,2,2,-10.896156819436776,0.0
observed_2026,trend80,2026-05-11,2,2,2,-6.245289120254029,-3.823558508169122
observed_2026,trend80,2026-05-19,2,2,2,20.986471376923706,0.0
observed_2026,trend80,2026-05-22,2,2,2,-4.081668070766643,0.0
observed_2026,trend80,2026-05-28,1,1,1,6.7687637088733705,0.0
observed_2026,trend80,2026-06-01,2,2,2,5.435091819699499,0.0
observed_2026,trend80,2026-06-05,1,1,1,9.423893557422979,0.0
observed_2026,trend80,2026-06-09,1,1,1,4.606420845624381,0.0
observed_2026,trend80,2026-06-12,2,2,2,-7.200125962211358,1.9624887697593518
observed_2026,trend80,2026-06-15,2,2,2,14.859090729598812,-1.2930539520286288
observed_2026,trend80,2026-06-16,2,2,2,14.132411173378822,0.0
observed_2026,trend80,2026-06-22,2,2,2,0.05620376831820728,0.0
observed_2026,trend80,2026-06-23,2,2,2,-6.342109533468566,0.0
observed_2026,trend80,2026-06-30,1,1,1,30.95119670369043,0.0
observed_2026,trend80,2026-07-15,1,1,1,-21.851299446607907,0.0
observed_2026,trend80,2026-07-21,1,1,1,3.393703703703698,0.0
observed_2026,trend80,2026-07-29,2,2,2,13.224114102049022,0.0
observed_2026,trend80,2026-07-31,1,1,1,5.232168674698789,0.0
observed_2026,trend80,2026-08-03,2,2,2,3.3647874982054553,0.0
observed_2026,trend80,2026-08-04,2,2,2,19.81318078267642,0.0
observed_2026,trend80,2026-08-06,2,2,2,-1.0223273545218365,0.0
observed_2026,trend80,2026-08-07,2,2,2,-0.43052623781013777,-1.2462242771753118
observed_2026,trend80,2026-08-10,1,1,1,-0.35323389537397304,0.0
observed_2026,trend80,2026-08-20,2,2,2,-19.538274687854717,-9.651679976575686
observed_2026,trend80,2026-08-21,1,1,1,-2.3198441345365093,0.0
observed_2026,trend80,2026-08-25,1,1,1,-1.7315686274509865,0.0
observed_2026,trend80,2026-08-26,2,2,2,5.404146407707187,0.0
observed_2026,trend80,2026-08-27,2,2,2,4.05486570122988,0.0
observed_2026,trend80,2026-08-28,2,2,2,3.805265553869484,0.0
observed_2026,trend80,2026-08-31,2,2,2,3.7416177636796264,-1.9249278152069453
observed_2026,trend80,2026-09-01,2,2,2,16.017721136510318,8.314348152840065
observed_2026,trend80,2026-09-07,2,2,2,-12.432834224598933,2.1871657754010787
observed_2026,trend80,2026-09-08,2,2,2,-14.620000000000001,1.0658141036401503e-14
observed_2026,trend80,2026-09-14,2,2,2,-3.529246598055436,-3.787789699469867
observed_2026,trend80,2026-09-16,2,2,2,2.8169118485137576,-17.808417080266125
observed_2026,trend80,2026-09-17,1,1,1,13.02333333333333,0.0
observed_2026,trend80,2026-09-18,2,2,2,4.441965381718414,0.37980311209908635
observed_2026,trend80,2026-09-21,2,2,2,-10.864274809160314,-1.5983895223772642
observed_2026,context80,2026-01-05,2,2,2,3.2954616240266947,0.5087142797720379
observed_2026,context80,2026-01-08,1,1,1,16.898480565371035,0.0
observed_2026,context80,2026-01-09,2,2,2,-2.8902702702702907,0.0
observed_2026,context80,2026-01-12,2,2,2,-10.78114218919596,2.0605326876513406
observed_2026,context80,2026-01-19,2,2,2,-0.4421538818614419,-0.38529807810012695
observed_2026,context80,2026-01-21,1,1,1,0.8344478812248748,0.0
observed_2026,context80,2026-01-22,2,2,2,-5.339869706840396,0.0
observed_2026,context80,2026-01-23,2,2,2,-12.99974683544305,0.0
observed_2026,context80,2026-01-30,1,1,1,-7.310000000000006,0.0
observed_2026,context80,2026-02-03,2,2,2,9.489061228507676,0.0
observed_2026,context80,2026-02-04,2,2,2,16.545458562325432,0.0
observed_2026,context80,2026-02-06,1,1,1,2.8346540880502915,0.0
observed_2026,context80,2026-02-09,2,2,2,1.6633216225896295,7.199950125391474
observed_2026,context80,2026-02-24,2,2,2,-3.9099236635973935,-17.281328909101187
observed_2026,context80,2026-02-25,2,2,2,-6.843221586263294,7.776778413736729
observed_2026,context80,2026-02-26,1,1,1,-3.2161102831594577,0.0
observed_2026,context80,2026-02-27,2,2,2,1.2355770470664034,1.2025158225766095
observed_2026,context80,2026-03-05,2,2,2,5.380560663709087,0.0
observed_2026,context80,2026-03-06,2,2,2,-6.976993736951976,-6.189092754326419
observed_2026,context80,2026-03-10,2,2,2,6.772153824279779,14.218456553808311
observed_2026,context80,2026-03-16,2,2,2,-14.620000000000012,0.0
observed_2026,context80,2026-03-18,2,2,2,-8.987889420521023,-0.5374911974526206
observed_2026,context80,2026-03-24,1,1,1,4.024567632324116,0.0
observed_2026,context80,2026-03-25,2,2,2,-6.916967507606532,0.0
observed_2026,context80,2026-03-27,1,1,1,-5.545094522539984,0.0
observed_2026,context80,2026-03-30,2,2,2,-14.620000000000012,-27.11457670273714
observed_2026,context80,2026-04-01,2,2,2,-7.095806451612919,-5.328079178885647
observed_2026,context80,2026-04-07,2,2,2,13.325628668520228,0.0
observed_2026,context80,2026-04-08,2,2,2,4.297815995502638,0.0
observed_2026,context80,2026-04-10,2,2,2,5.57311038471213,0.0
observed_2026,context80,2026-04-14,2,2,2,12.406652216783208,0.0
observed_2026,context80,2026-04-16,1,1,1,2.9652245113576217,0.0
observed_2026,context80,2026-04-22,1,1,1,2.423006306937624,0.0
observed_2026,context80,2026-04-29,2,2,2,30.52731473147312,10.444635767924602
observed_2026,context80,2026-04-30,1,1,1,2.7751063829786973,0.0
observed_2026,context80,2026-05-06,2,2,2,0.09520296942306761,-0.8736646672654835
observed_2026,context80,2026-05-07,2,2,2,14.511135476158541,1.0377936627123496
observed_2026,context80,2026-05-08,2,2,2,-10.896156819436776,0.0
observed_2026,context80,2026-05-11,2,2,2,-6.245289120254029,-3.823558508169122
observed_2026,context80,2026-05-19,2,2,2,20.986471376923706,0.0
observed_2026,context80,2026-05-22,2,2,2,-4.081668070766643,0.0
observed_2026,context80,2026-05-28,1,1,1,6.7687637088733705,0.0
observed_2026,context80,2026-06-01,2,2,2,5.435091819699499,0.0
observed_2026,context80,2026-06-05,1,1,1,9.423893557422979,0.0
observed_2026,context80,2026-06-09,1,1,1,4.606420845624381,0.0
observed_2026,context80,2026-06-12,2,2,2,-7.200125962211358,1.9624887697593518
observed_2026,context80,2026-06-15,2,2,2,14.859090729598812,-1.2930539520286288
observed_2026,context80,2026-06-16,2,2,2,14.132411173378822,0.0
observed_2026,context80,2026-06-22,2,2,2,0.05620376831820728,0.0
observed_2026,context80,2026-06-23,2,2,2,-6.342109533468566,0.0
observed_2026,context80,2026-06-30,1,1,1,30.95119670369043,0.0
observed_2026,context80,2026-07-15,1,1,1,-21.851299446607907,0.0
observed_2026,context80,2026-07-21,1,1,1,3.393703703703698,0.0
observed_2026,context80,2026-07-29,2,2,2,6.713316569014504,-6.510797533034518
observed_2026,context80,2026-07-31,1,1,1,5.232168674698789,0.0
observed_2026,context80,2026-08-03,2,2,2,3.3647874982054553,0.0
observed_2026,context80,2026-08-04,2,2,2,13.15219418378548,-6.660986598890938
observed_2026,context80,2026-08-06,2,2,2,-1.0223273545218365,0.0
observed_2026,context80,2026-08-07,2,2,2,-0.43052623781013777,-1.2462242771753118
observed_2026,context80,2026-08-10,1,1,1,-0.35323389537397304,0.0
observed_2026,context80,2026-08-20,2,2,2,-19.538274687854717,-9.651679976575686
observed_2026,context80,2026-08-21,1,1,1,-2.3198441345365093,0.0
observed_2026,context80,2026-08-25,1,1,1,-1.7315686274509865,0.0
observed_2026,context80,2026-08-26,2,2,2,5.404146407707187,0.0
observed_2026,context80,2026-08-27,2,2,2,4.05486570122988,0.0
observed_2026,context80,2026-08-28,2,2,2,3.805265553869484,0.0
observed_2026,context80,2026-08-31,2,2,2,0.9147334410339196,-4.751812137852652
observed_2026,context80,2026-09-01,2,2,2,-1.38193507320178,-9.085308056872034
observed_2026,context80,2026-09-07,2,2,2,-14.620000000000012,0.0
observed_2026,context80,2026-09-08,2,2,2,-14.620000000000001,1.0658141036401503e-14
observed_2026,context80,2026-09-14,2,2,2,-3.529246598055436,-3.787789699469867
observed_2026,context80,2026-09-16,2,2,2,2.8169118485137576,-17.808417080266125
observed_2026,context80,2026-09-17,1,1,1,13.02333333333333,0.0
observed_2026,context80,2026-09-18,2,2,2,4.441965381718414,0.37980311209908635
observed_2026,context80,2026-09-21,2,2,2,-10.864274809160314,-1.5983895223772642
