side,signal_date,code,net_pct,closed
added,2024-01-09,002205,0.9862962962962842,True
added,2024-01-11,002205,-6.68342908438061,True
added,2024-01-23,601083,13.360411985018727,True
added,2024-01-25,601083,-5.310000000000004,True
added,2024-02-06,601083,3.969749478079342,True
added,2024-03-11,301120,-4.748405797101419,True
added,2024-03-13,300993,3.1349760765550285,True
added,2024-03-20,002778,-5.469071367153911,True
added,2024-03-28,300675,7.965261324041793,True
added,2024-03-29,002949,8.697506255212692,True
added,2024-04-29,301332,3.261428571428581,True
added,2024-05-06,301136,4.978461538461542,True
added,2024-05-09,301136,-7.235207756232687,True
added,2024-05-14,300517,8.385652173913037,True
added,2024-05-17,301136,0.3749315068493178,True
added,2024-05-29,300787,0.056972477064209104,True
added,2024-05-31,301136,12.235454545454548,True
added,2024-06-14,300932,3.284080338266381,True
added,2024-06-26,300713,1.3994017094017255,True
added,2024-06-28,301136,-3.893617747440271,True
added,2024-07-02,301027,-11.745239206534432,True
added,2024-07-09,603042,0.8483011583011781,True
added,2024-07-11,300561,-9.532222222222233,True
added,2024-07-19,002875,-8.069372275501298,True
added,2024-07-25,300932,-0.31,True
added,2024-07-26,300967,5.0142981606969945,True
added,2024-07-29,600689,3.027783711615505,True
added,2024-07-31,301355,-4.906622889305823,True
added,2024-08-06,603122,-3.8435689045936425,True
added,2024-08-07,300635,-2.478367346938782,True
added,2024-08-08,002633,-8.584894810659174,True
added,2024-08-28,301013,0.05496350364962904,True
added,2024-08-29,300399,5.739149338374305,True
added,2024-08-30,301228,-2.160048685491723,True
added,2024-09-03,300250,6.704388489208634,True
added,2024-09-05,300560,5.116356589147275,True
added,2024-09-10,002729,-4.527432052483582,True
added,2024-09-19,600768,0.3531299734747964,True
added,2024-09-24,600847,3.7792193308550206,True
added,2024-09-25,002144,13.656480446927365,True
added,2024-09-26,000668,11.397988980716255,True
added,2024-10-14,300665,0.34897858319603486,True
added,2024-10-21,300840,4.493073967339078,True
added,2024-10-25,301120,-4.418216432865741,True
added,2024-10-28,002910,-2.0843979721165926,True
added,2024-11-07,001217,2.17565965583174,True
added,2024-11-19,603291,-0.2207939339875184,True
added,2024-11-20,603291,-3.571802575107309,True
added,2024-11-28,301081,3.1949288061336003,True
added,2024-11-29,301102,4.71555366269164,True
added,2024-12-12,603716,-8.214761904761904,True
added,2024-12-20,603709,-14.082954924874793,True
added,2025-01-24,603161,0.40492403932085225,True
added,2025-02-10,603137,2.9602237521514687,True
added,2025-02-17,002633,4.53154929577465,True
added,2025-03-03,600847,5.502701829924661,True
added,2025-03-04,300749,-2.5603516174402383,True
added,2025-03-12,300774,0.21465897166842357,True
added,2025-03-26,300371,-3.631033210332114,True
added,2025-04-01,002826,-19.378934646374223,True
added,2025-04-02,300610,-17.039323308270692,True
added,2025-04-08,300749,3.20123595505618,True
added,2025-04-09,300749,-1.759275362318836,True
added,2025-04-11,600671,5.2066374781086,True
added,2025-04-25,601083,-2.2744527595883977,True
added,2025-04-29,300665,3.9895839112343947,True
added,2025-05-06,300749,0.1661904761904523,True
added,2025-05-08,300686,-1.6507821229050266,True
added,2025-05-12,300518,0.8754360711261779,True
added,2025-05-29,000929,5.155838509316768,True
added,2025-06-04,002848,5.347894736842107,True
added,2025-06-16,300243,-2.9894258373205704,True
added,2025-06-24,300736,0.07058991436729084,True
removed,2024-01-09,002209,-5.963710247349829,True
removed,2024-01-11,300340,-1.3321465076661108,True
removed,2024-01-23,601022,2.08999999999998,True
removed,2024-01-25,601279,-5.959717514124286,True
removed,2024-02-06,300446,10.779866156787753,True
removed,2024-03-11,605567,-2.5275290390707648,True
removed,2024-03-13,002823,5.14634920634921,True
removed,2024-03-20,300961,-4.468415841584162,True
removed,2024-03-28,300399,3.1739924670433175,True
removed,2024-03-29,002209,-2.5043573667711825,True
removed,2024-04-29,301060,4.651089494163429,True
removed,2024-05-06,301056,0.14871559633026138,True
removed,2024-05-09,002633,-0.44513513513513375,True
removed,2024-05-14,000929,-0.44623978201634523,True
removed,2024-05-17,300749,-4.862129221732748,True
removed,2024-05-29,300635,-7.030741599072999,True
removed,2024-05-31,300963,-8.070927743086555,True
removed,2024-06-14,002828,1.7518556701030854,True
removed,2024-06-26,300611,-0.8208556832694844,True
removed,2024-06-28,301013,-3.124258911819889,True
removed,2024-07-02,300250,4.999734513274323,True
removed,2024-07-09,002806,6.703574660633504,True
removed,2024-07-11,300243,-6.377415730337089,True
removed,2024-07-19,300650,-4.272460896767461,True
removed,2024-07-25,300645,6.472768102658121,True
removed,2024-07-26,300645,0.3628343145500304,True
removed,2024-07-29,300730,2.38151138716357,True
removed,2024-07-31,002828,3.924122042341215,True
removed,2024-08-06,002857,-3.8718878005342803,True
removed,2024-08-07,002205,-2.521690363349128,True
removed,2024-08-08,603151,-0.8803422053231822,True
removed,2024-08-28,300626,3.64778364116095,True
removed,2024-08-29,603559,4.744644808743181,True
removed,2024-08-30,300736,-2.7700246002460247,True
removed,2024-09-03,002857,-3.349215686274499,True
removed,2024-09-05,603122,-6.057126436781602,True
removed,2024-09-10,002800,0.9122222222222356,True
removed,2024-09-19,301102,5.0677208706786265,True
removed,2024-09-24,300517,9.702360939431408,True
removed,2024-09-25,603045,15.500276679841894,True
removed,2024-09-26,603559,-11.673636363636366,True
removed,2024-10-14,002973,0.3935175879397171,True
removed,2024-10-21,000586,6.110021762785644,True
removed,2024-10-25,600847,-3.038127939793046,True
removed,2024-10-28,603559,10.005789473684212,True
removed,2024-11-07,002853,15.792564102564098,True
removed,2024-11-19,300774,-4.057323340471087,True
removed,2024-11-20,002209,0.004136125654429501,True
removed,2024-11-28,603559,-1.346269430051795,True
removed,2024-11-29,300539,2.187918401332222,True
removed,2024-12-12,605303,-8.392901554404155,True
removed,2024-12-20,603559,-3.826905466894349,True
removed,2025-01-24,300518,2.4889821882951515,True
removed,2025-02-10,300961,-1.9669200779727123,True
removed,2025-02-17,603161,-1.6154830287206332,True
removed,2025-03-03,002826,-1.5249532710280187,True
removed,2025-03-04,603716,-1.9848768472906184,True
removed,2025-03-12,301120,-2.923746369796699,True
removed,2025-03-26,300749,5.342173913043468,True
removed,2025-04-01,002205,-12.322644889357216,True
removed,2025-04-02,605069,-10.529780219780218,True
removed,2025-04-08,300560,7.91179732313575,True
removed,2025-04-09,300518,6.881011235955025,True
removed,2025-04-11,300616,-8.026785998408904,True
removed,2025-04-25,002209,5.7477819198509135,True
removed,2025-04-29,300500,6.456917293233066,True
removed,2025-05-06,301288,9.671343283582067,True
removed,2025-05-08,002848,4.830961857379778,True
removed,2025-05-12,002826,-3.251176470588225,True
removed,2025-05-29,002200,2.254102564102577,True
removed,2025-06-04,002910,-0.9376150627615107,True
removed,2025-06-16,002200,3.9479075425790646,True
removed,2025-06-24,300929,-0.118612440191391,True
