segment,variant,signal_date,opportunities,net_sum,base_net_sum,delta_net_sum
observed_2026,legacy_original,2026-01-05,2,2.8658440850445084,2.8658440850445084,0.0
observed_2026,legacy_original,2026-01-06,2,8.656408806902725,8.656408806902725,0.0
observed_2026,legacy_original,2026-01-07,2,0.0,0.0,0.0
observed_2026,legacy_original,2026-01-08,2,1.7901705101582825,1.7901705101582825,0.0
observed_2026,legacy_original,2026-01-09,2,-3.488062827225126,-3.488062827225126,0.0
observed_2026,legacy_original,2026-01-12,2,-2.168843366053977,-2.168843366053977,0.0
observed_2026,legacy_original,2026-01-13,2,2.741219512195147,2.741219512195147,0.0
observed_2026,legacy_original,2026-01-14,2,11.082256053704164,11.082256053704164,0.0
observed_2026,legacy_original,2026-01-15,2,-9.30990825688073,-9.30990825688073,0.0
observed_2026,legacy_original,2026-01-16,2,-8.978922558922555,-8.978922558922555,0.0
observed_2026,legacy_original,2026-01-19,2,0.021347270615555303,0.021347270615555303,0.0
observed_2026,legacy_original,2026-01-20,2,0.0,0.0,0.0
observed_2026,legacy_original,2026-01-21,2,5.630107939553828,5.630107939553828,0.0
observed_2026,legacy_original,2026-01-22,2,-3.612646502835527,-3.612646502835527,0.0
observed_2026,legacy_original,2026-01-23,2,-8.37127784880111,-8.37127784880111,0.0
observed_2026,legacy_original,2026-01-26,2,-8.22967238689545,-8.22967238689545,0.0
observed_2026,legacy_original,2026-01-27,2,-3.3726488513830217,-3.3726488513830217,0.0
observed_2026,legacy_original,2026-01-28,2,13.655546218487412,13.655546218487412,0.0
observed_2026,legacy_original,2026-01-29,2,-5.213242156074018,-5.213242156074018,0.0
observed_2026,legacy_original,2026-01-30,2,-5.761238471673271,-5.761238471673271,0.0
observed_2026,legacy_original,2026-02-02,2,10.948992968927193,10.948992968927193,0.0
observed_2026,legacy_original,2026-02-03,2,13.562917788095394,13.562917788095394,0.0
observed_2026,legacy_original,2026-02-04,2,0.0,0.0,0.0
observed_2026,legacy_original,2026-02-05,2,0.0,0.0,0.0
observed_2026,legacy_original,2026-02-06,2,-12.42000000000001,-12.42000000000001,0.0
observed_2026,legacy_original,2026-02-09,2,-12.42000000000001,-12.42000000000001,0.0
observed_2026,legacy_original,2026-02-10,2,1.4750490196078427,1.4750490196078427,0.0
observed_2026,legacy_original,2026-02-11,2,0.0,0.0,0.0
observed_2026,legacy_original,2026-02-12,2,2.658404401650613,2.658404401650613,0.0
observed_2026,legacy_original,2026-02-13,2,1.4919082001031416,1.4919082001031416,0.0
observed_2026,legacy_original,2026-02-24,2,30.825985870263303,30.825985870263303,0.0
observed_2026,legacy_original,2026-02-25,2,0.0,0.0,0.0
observed_2026,legacy_original,2026-02-26,2,-6.210000000000005,-6.210000000000005,0.0
observed_2026,legacy_original,2026-02-27,2,0.0,0.0,0.0
observed_2026,legacy_original,2026-03-02,2,-1.690769230769241,-1.690769230769241,0.0
observed_2026,legacy_original,2026-03-03,2,0.0,0.0,0.0
observed_2026,legacy_original,2026-03-04,2,0.0,0.0,0.0
observed_2026,legacy_original,2026-03-05,2,0.0,0.0,0.0
observed_2026,legacy_original,2026-03-06,2,0.0,0.0,0.0
observed_2026,legacy_original,2026-03-09,2,0.0,0.0,0.0
observed_2026,legacy_original,2026-03-10,2,-12.42000000000001,-12.42000000000001,0.0
observed_2026,legacy_original,2026-03-11,2,0.0,0.0,0.0
observed_2026,legacy_original,2026-03-12,2,0.0,0.0,0.0
observed_2026,legacy_original,2026-03-13,2,-12.41999999999999,-12.41999999999999,0.0
observed_2026,legacy_original,2026-03-16,2,-1.8826561305123741,-1.8826561305123741,0.0
observed_2026,legacy_original,2026-03-17,2,0.0,0.0,0.0
observed_2026,legacy_original,2026-03-18,2,4.772206405693934,4.772206405693934,0.0
observed_2026,legacy_original,2026-03-19,2,0.0,0.0,0.0
observed_2026,legacy_original,2026-03-20,2,0.0,0.0,0.0
observed_2026,legacy_original,2026-03-23,2,0.0,0.0,0.0
observed_2026,legacy_original,2026-03-24,2,2.635318158303156,2.635318158303156,0.0
observed_2026,legacy_original,2026-03-25,2,0.0,0.0,0.0
observed_2026,legacy_original,2026-03-26,2,11.659784123042957,11.659784123042957,0.0
observed_2026,legacy_original,2026-03-27,2,0.0,0.0,0.0
observed_2026,legacy_original,2026-03-30,2,-8.5015752461322,-8.5015752461322,0.0
observed_2026,legacy_original,2026-03-31,2,-2.7267229617855557,-2.7267229617855557,0.0
observed_2026,legacy_original,2026-04-01,2,-12.663985281630332,-12.663985281630332,0.0
observed_2026,legacy_original,2026-04-02,2,0.0,0.0,0.0
observed_2026,legacy_original,2026-04-03,2,0.0,0.0,0.0
observed_2026,legacy_original,2026-04-07,2,-4.0895105399103695,-4.0895105399103695,0.0
observed_2026,legacy_original,2026-04-08,2,2.586556284031558,2.586556284031558,0.0
observed_2026,legacy_original,2026-04-09,2,0.0,0.0,0.0
observed_2026,legacy_original,2026-04-10,2,0.0,0.0,0.0
observed_2026,legacy_original,2026-04-13,2,-5.567888095209141,-5.567888095209141,0.0
observed_2026,legacy_original,2026-04-14,2,-8.310189018901895,-8.310189018901895,0.0
observed_2026,legacy_original,2026-04-15,2,-1.062272727272707,-1.062272727272707,0.0
observed_2026,legacy_original,2026-04-16,2,15.390904013079538,15.390904013079538,0.0
observed_2026,legacy_original,2026-04-17,2,22.241052052965824,22.241052052965824,0.0
observed_2026,legacy_original,2026-04-20,2,-6.210000000000005,-6.210000000000005,0.0
observed_2026,legacy_original,2026-04-21,2,-12.420000000000021,-12.420000000000021,0.0
observed_2026,legacy_original,2026-04-22,2,-5.651689896142999,-5.651689896142999,0.0
observed_2026,legacy_original,2026-04-23,2,0.0,0.0,0.0
observed_2026,legacy_original,2026-04-24,2,-0.35887282007655097,-0.35887282007655097,0.0
observed_2026,legacy_original,2026-04-27,2,2.4548926424277058,2.4548926424277058,0.0
observed_2026,legacy_original,2026-04-28,2,-1.0385862247540132,-1.0385862247540132,0.0
observed_2026,legacy_original,2026-04-29,2,23.15404099811453,23.15404099811453,0.0
observed_2026,legacy_original,2026-04-30,2,5.21653222067686,5.21653222067686,0.0
observed_2026,legacy_original,2026-05-06,2,-10.931430305482506,-10.931430305482506,0.0
observed_2026,legacy_original,2026-05-07,2,16.050347180528156,16.050347180528156,0.0
observed_2026,legacy_original,2026-05-08,2,0.0,0.0,0.0
observed_2026,legacy_original,2026-05-11,2,-12.42000000000001,-12.42000000000001,0.0
observed_2026,legacy_original,2026-05-12,2,1.3689473684210576,1.3689473684210576,0.0
observed_2026,legacy_original,2026-05-13,2,-12.420000000000021,-12.420000000000021,0.0
observed_2026,legacy_original,2026-05-14,2,15.876793437733003,15.876793437733003,0.0
observed_2026,legacy_original,2026-05-15,2,-8.806400784570124,-8.806400784570124,0.0
observed_2026,legacy_original,2026-05-18,2,8.245063207606638,8.245063207606638,0.0
observed_2026,legacy_original,2026-05-19,2,-12.420000000000021,-12.420000000000021,0.0
observed_2026,legacy_original,2026-05-20,2,-6.210000000000005,-6.210000000000005,0.0
observed_2026,legacy_original,2026-05-21,2,0.0,0.0,0.0
observed_2026,legacy_original,2026-05-22,2,18.78416776576099,18.78416776576099,0.0
observed_2026,legacy_original,2026-05-25,2,0.0,0.0,0.0
observed_2026,legacy_original,2026-05-26,2,0.0,0.0,0.0
observed_2026,legacy_original,2026-05-27,2,-6.209999999999995,-6.209999999999995,0.0
observed_2026,legacy_original,2026-05-28,2,-16.969872122762165,-16.969872122762165,0.0
observed_2026,legacy_original,2026-05-29,2,0.0,0.0,0.0
observed_2026,legacy_original,2026-06-01,2,0.0,0.0,0.0
observed_2026,legacy_original,2026-06-02,2,-6.9799368904188155,-6.9799368904188155,0.0
observed_2026,legacy_original,2026-06-03,2,4.9927027027026885,4.9927027027026885,0.0
observed_2026,legacy_original,2026-06-04,2,-6.210000000000005,-6.210000000000005,0.0
observed_2026,legacy_original,2026-06-05,2,-6.210000000000005,-6.210000000000005,0.0
observed_2026,legacy_original,2026-06-08,2,1.8034228187919323,1.8034228187919323,0.0
observed_2026,legacy_original,2026-06-09,2,33.147141861273425,33.147141861273425,0.0
observed_2026,legacy_original,2026-06-10,2,-6.210000000000005,-6.210000000000005,0.0
observed_2026,legacy_original,2026-06-11,2,0.0,0.0,0.0
observed_2026,legacy_original,2026-06-12,2,-6.358507465101527,-6.358507465101527,0.0
observed_2026,legacy_original,2026-06-15,2,37.70640637369715,37.70640637369715,0.0
observed_2026,legacy_original,2026-06-16,2,0.0,0.0,0.0
observed_2026,legacy_original,2026-06-17,2,0.0,0.0,0.0
observed_2026,legacy_original,2026-06-18,2,6.16412127297574,6.16412127297574,0.0
observed_2026,legacy_original,2026-06-22,2,-7.608191580580627,-7.608191580580627,0.0
observed_2026,legacy_original,2026-06-23,2,-12.42000000000001,-12.42000000000001,0.0
observed_2026,legacy_original,2026-06-24,2,-12.420000000000021,-12.420000000000021,0.0
observed_2026,legacy_original,2026-06-25,2,14.58242241031844,14.58242241031844,0.0
observed_2026,legacy_original,2026-06-26,2,-8.597596899224804,-8.597596899224804,0.0
observed_2026,legacy_original,2026-06-29,2,17.801536903554126,17.801536903554126,0.0
observed_2026,legacy_original,2026-06-30,2,-7.675495608531992,-7.675495608531992,0.0
observed_2026,legacy_original,2026-07-01,2,-6.210000000000005,-6.210000000000005,0.0
observed_2026,legacy_original,2026-07-02,2,0.0,0.0,0.0
observed_2026,legacy_original,2026-07-03,2,0.0,0.0,0.0
observed_2026,legacy_original,2026-07-06,2,-6.210000000000005,-6.210000000000005,0.0
observed_2026,legacy_original,2026-07-07,2,-6.209999999999995,-6.209999999999995,0.0
observed_2026,legacy_original,2026-07-08,2,0.0,0.0,0.0
observed_2026,legacy_original,2026-07-09,2,0.0,0.0,0.0
observed_2026,legacy_original,2026-07-10,2,-22.43858544140423,-22.43858544140423,0.0
observed_2026,legacy_original,2026-07-13,2,-6.210000000000005,-6.210000000000005,0.0
observed_2026,legacy_original,2026-07-14,2,0.0,0.0,0.0
observed_2026,legacy_original,2026-07-15,2,-12.42000000000001,-12.42000000000001,0.0
observed_2026,legacy_original,2026-07-16,2,0.0,0.0,0.0
observed_2026,legacy_original,2026-07-17,2,0.0,0.0,0.0
observed_2026,legacy_original,2026-07-20,2,0.0,0.0,0.0
observed_2026,legacy_original,2026-07-21,2,0.0,0.0,0.0
observed_2026,legacy_original,2026-07-22,2,0.0,0.0,0.0
observed_2026,legacy_original,2026-07-23,2,0.0,0.0,0.0
observed_2026,legacy_original,2026-07-24,2,0.0,0.0,0.0
observed_2026,legacy_original,2026-07-27,2,-6.210000000000016,-6.210000000000016,0.0
observed_2026,legacy_original,2026-07-28,2,0.0,0.0,0.0
observed_2026,legacy_original,2026-07-29,2,0.0,0.0,0.0
observed_2026,legacy_original,2026-07-30,2,0.0,0.0,0.0
observed_2026,legacy_original,2026-07-31,2,6.04781327797199,6.04781327797199,0.0
observed_2026,legacy_original,2026-08-03,2,0.0,0.0,0.0
observed_2026,legacy_original,2026-08-04,2,0.0,0.0,0.0
observed_2026,legacy_original,2026-08-05,2,0.0,0.0,0.0
observed_2026,legacy_original,2026-08-06,2,0.0,0.0,0.0
observed_2026,legacy_original,2026-08-07,2,-1.484944134078205,-1.484944134078205,0.0
observed_2026,legacy_original,2026-08-10,2,-4.629582119917177,-4.629582119917177,0.0
observed_2026,legacy_original,2026-08-11,2,-0.2285185185185177,-0.2285185185185177,0.0
observed_2026,legacy_original,2026-08-12,2,-4.73083202511775,-4.73083202511775,0.0
observed_2026,legacy_original,2026-08-13,2,0.0,0.0,0.0
observed_2026,legacy_original,2026-08-14,2,8.365803981623275,8.365803981623275,0.0
observed_2026,legacy_original,2026-08-17,2,-12.42000000000001,-12.42000000000001,0.0
observed_2026,legacy_original,2026-08-18,2,0.0,0.0,0.0
observed_2026,legacy_original,2026-08-19,2,-7.837118644067787,-7.837118644067787,0.0
observed_2026,legacy_original,2026-08-20,2,4.960360151714325,4.960360151714325,0.0
observed_2026,legacy_original,2026-08-21,2,0.0,0.0,0.0
observed_2026,legacy_original,2026-08-24,2,0.0,0.0,0.0
observed_2026,legacy_original,2026-08-25,2,-3.169641255605383,-3.169641255605383,0.0
observed_2026,legacy_original,2026-08-26,2,4.002983548243665,4.002983548243665,0.0
observed_2026,legacy_original,2026-08-27,2,-12.907997686300977,-12.907997686300977,0.0
observed_2026,legacy_original,2026-08-28,2,-3.1392107404393808,-3.1392107404393808,0.0
observed_2026,legacy_original,2026-08-31,2,-5.695362318840582,-5.695362318840582,0.0
observed_2026,legacy_original,2026-09-01,2,2.5982409733271687,2.5982409733271687,0.0
observed_2026,legacy_original,2026-09-02,2,-1.9381728172817145,-1.9381728172817145,0.0
observed_2026,legacy_original,2026-09-03,2,11.137534194451046,11.137534194451046,0.0
observed_2026,legacy_original,2026-09-04,2,-12.42,-12.42,0.0
observed_2026,legacy_original,2026-09-07,2,4.188027304905871,4.188027304905871,0.0
observed_2026,legacy_original,2026-09-08,2,-9.857647784517345,-9.857647784517345,0.0
observed_2026,legacy_original,2026-09-09,2,-6.210000000000016,-6.210000000000016,0.0
observed_2026,legacy_original,2026-09-10,2,0.0,0.0,0.0
observed_2026,legacy_original,2026-09-11,2,2.5215914489311144,2.5215914489311144,0.0
observed_2026,legacy_original,2026-09-14,2,4.237436601188603,4.237436601188603,0.0
observed_2026,legacy_original,2026-09-15,2,0.0,0.0,0.0
observed_2026,legacy_original,2026-09-16,2,18.638102179632952,18.638102179632952,0.0
observed_2026,legacy_original,2026-09-17,2,0.0,0.0,0.0
observed_2026,legacy_original,2026-09-18,2,-3.5015360501567403,-3.5015360501567403,0.0
observed_2026,legacy_original,2026-09-21,2,0.0,0.0,0.0
observed_2026,legacy_original,2026-09-22,2,19.242736318407957,19.242736318407957,0.0
observed_2026,legacy_original,2026-09-23,2,-3.0782170542635776,-3.0782170542635776,0.0
observed_2026,corrected_original,2026-01-05,2,2.8658440850445084,2.8658440850445084,0.0
observed_2026,corrected_original,2026-01-06,2,8.656408806902725,8.656408806902725,0.0
observed_2026,corrected_original,2026-01-07,2,0.0,0.0,0.0
observed_2026,corrected_original,2026-01-08,2,1.7901705101582825,1.7901705101582825,0.0
observed_2026,corrected_original,2026-01-09,2,-3.488062827225126,-3.488062827225126,0.0
observed_2026,corrected_original,2026-01-12,2,-2.168843366053977,-2.168843366053977,0.0
observed_2026,corrected_original,2026-01-13,2,2.741219512195147,2.741219512195147,0.0
observed_2026,corrected_original,2026-01-14,2,11.082256053704164,11.082256053704164,0.0
observed_2026,corrected_original,2026-01-15,2,-9.30990825688073,-9.30990825688073,0.0
observed_2026,corrected_original,2026-01-16,2,-8.978922558922555,-8.978922558922555,0.0
observed_2026,corrected_original,2026-01-19,2,0.021347270615555303,0.021347270615555303,0.0
observed_2026,corrected_original,2026-01-20,2,0.0,0.0,0.0
observed_2026,corrected_original,2026-01-21,2,5.630107939553828,5.630107939553828,0.0
observed_2026,corrected_original,2026-01-22,2,-3.612646502835527,-3.612646502835527,0.0
observed_2026,corrected_original,2026-01-23,2,-8.37127784880111,-8.37127784880111,0.0
observed_2026,corrected_original,2026-01-26,2,-8.22967238689545,-8.22967238689545,0.0
observed_2026,corrected_original,2026-01-27,2,-3.3726488513830217,-3.3726488513830217,0.0
observed_2026,corrected_original,2026-01-28,2,13.655546218487412,13.655546218487412,0.0
observed_2026,corrected_original,2026-01-29,2,-5.213242156074018,-5.213242156074018,0.0
observed_2026,corrected_original,2026-01-30,2,-5.761238471673271,-5.761238471673271,0.0
observed_2026,corrected_original,2026-02-02,2,10.948992968927193,10.948992968927193,0.0
observed_2026,corrected_original,2026-02-03,2,13.562917788095394,13.562917788095394,0.0
observed_2026,corrected_original,2026-02-04,2,0.0,0.0,0.0
observed_2026,corrected_original,2026-02-05,2,0.0,0.0,0.0
observed_2026,corrected_original,2026-02-06,2,-12.42000000000001,-12.42000000000001,0.0
observed_2026,corrected_original,2026-02-09,2,-12.42000000000001,-12.42000000000001,0.0
observed_2026,corrected_original,2026-02-10,2,1.4750490196078427,1.4750490196078427,0.0
observed_2026,corrected_original,2026-02-11,2,0.0,0.0,0.0
observed_2026,corrected_original,2026-02-12,2,2.658404401650613,2.658404401650613,0.0
observed_2026,corrected_original,2026-02-13,2,1.4919082001031416,1.4919082001031416,0.0
observed_2026,corrected_original,2026-02-24,2,30.825985870263303,30.825985870263303,0.0
observed_2026,corrected_original,2026-02-25,2,0.0,0.0,0.0
observed_2026,corrected_original,2026-02-26,2,-6.210000000000005,-6.210000000000005,0.0
observed_2026,corrected_original,2026-02-27,2,0.0,0.0,0.0
observed_2026,corrected_original,2026-03-02,2,-1.690769230769241,-1.690769230769241,0.0
observed_2026,corrected_original,2026-03-03,2,0.0,0.0,0.0
observed_2026,corrected_original,2026-03-04,2,0.0,0.0,0.0
observed_2026,corrected_original,2026-03-05,2,0.0,0.0,0.0
observed_2026,corrected_original,2026-03-06,2,0.0,0.0,0.0
observed_2026,corrected_original,2026-03-09,2,0.0,0.0,0.0
observed_2026,corrected_original,2026-03-10,2,-12.42000000000001,-12.42000000000001,0.0
observed_2026,corrected_original,2026-03-11,2,0.0,0.0,0.0
observed_2026,corrected_original,2026-03-12,2,0.0,0.0,0.0
observed_2026,corrected_original,2026-03-13,2,-12.41999999999999,-12.41999999999999,0.0
observed_2026,corrected_original,2026-03-16,2,-1.8826561305123741,-1.8826561305123741,0.0
observed_2026,corrected_original,2026-03-17,2,0.0,0.0,0.0
observed_2026,corrected_original,2026-03-18,2,4.772206405693934,4.772206405693934,0.0
observed_2026,corrected_original,2026-03-19,2,0.0,0.0,0.0
observed_2026,corrected_original,2026-03-20,2,0.0,0.0,0.0
observed_2026,corrected_original,2026-03-23,2,0.0,0.0,0.0
observed_2026,corrected_original,2026-03-24,2,2.635318158303156,2.635318158303156,0.0
observed_2026,corrected_original,2026-03-25,2,0.0,0.0,0.0
observed_2026,corrected_original,2026-03-26,2,11.659784123042957,11.659784123042957,0.0
observed_2026,corrected_original,2026-03-27,2,0.0,0.0,0.0
observed_2026,corrected_original,2026-03-30,2,-8.5015752461322,-8.5015752461322,0.0
observed_2026,corrected_original,2026-03-31,2,-2.7267229617855557,-2.7267229617855557,0.0
observed_2026,corrected_original,2026-04-01,2,-12.663985281630332,-12.663985281630332,0.0
observed_2026,corrected_original,2026-04-02,2,0.0,0.0,0.0
observed_2026,corrected_original,2026-04-03,2,0.0,0.0,0.0
observed_2026,corrected_original,2026-04-07,2,-4.0895105399103695,-4.0895105399103695,0.0
observed_2026,corrected_original,2026-04-08,2,2.586556284031558,2.586556284031558,0.0
observed_2026,corrected_original,2026-04-09,2,0.0,0.0,0.0
observed_2026,corrected_original,2026-04-10,2,0.0,0.0,0.0
observed_2026,corrected_original,2026-04-13,2,-5.567888095209141,-5.567888095209141,0.0
observed_2026,corrected_original,2026-04-14,2,-8.310189018901895,-8.310189018901895,0.0
observed_2026,corrected_original,2026-04-15,2,-1.062272727272707,-1.062272727272707,0.0
observed_2026,corrected_original,2026-04-16,2,15.390904013079538,15.390904013079538,0.0
observed_2026,corrected_original,2026-04-17,2,22.241052052965824,22.241052052965824,0.0
observed_2026,corrected_original,2026-04-20,2,-6.210000000000005,-6.210000000000005,0.0
observed_2026,corrected_original,2026-04-21,2,-12.420000000000021,-12.420000000000021,0.0
observed_2026,corrected_original,2026-04-22,2,-5.651689896142999,-5.651689896142999,0.0
observed_2026,corrected_original,2026-04-23,2,0.0,0.0,0.0
observed_2026,corrected_original,2026-04-24,2,-0.35887282007655097,-0.35887282007655097,0.0
observed_2026,corrected_original,2026-04-27,2,2.4548926424277058,2.4548926424277058,0.0
observed_2026,corrected_original,2026-04-28,2,-1.0385862247540132,-1.0385862247540132,0.0
observed_2026,corrected_original,2026-04-29,2,23.15404099811453,23.15404099811453,0.0
observed_2026,corrected_original,2026-04-30,2,5.21653222067686,5.21653222067686,0.0
observed_2026,corrected_original,2026-05-06,2,-10.931430305482506,-10.931430305482506,0.0
observed_2026,corrected_original,2026-05-07,2,16.050347180528156,16.050347180528156,0.0
observed_2026,corrected_original,2026-05-08,2,0.0,0.0,0.0
observed_2026,corrected_original,2026-05-11,2,-12.42000000000001,-12.42000000000001,0.0
observed_2026,corrected_original,2026-05-12,2,1.3689473684210576,1.3689473684210576,0.0
observed_2026,corrected_original,2026-05-13,2,-12.420000000000021,-12.420000000000021,0.0
observed_2026,corrected_original,2026-05-14,2,15.876793437733003,15.876793437733003,0.0
observed_2026,corrected_original,2026-05-15,2,-8.806400784570124,-8.806400784570124,0.0
observed_2026,corrected_original,2026-05-18,2,8.245063207606638,8.245063207606638,0.0
observed_2026,corrected_original,2026-05-19,2,-12.420000000000021,-12.420000000000021,0.0
observed_2026,corrected_original,2026-05-20,2,-6.210000000000005,-6.210000000000005,0.0
observed_2026,corrected_original,2026-05-21,2,0.0,0.0,0.0
observed_2026,corrected_original,2026-05-22,2,18.78416776576099,18.78416776576099,0.0
observed_2026,corrected_original,2026-05-25,2,0.0,0.0,0.0
observed_2026,corrected_original,2026-05-26,2,0.0,0.0,0.0
observed_2026,corrected_original,2026-05-27,2,-6.209999999999995,-6.209999999999995,0.0
observed_2026,corrected_original,2026-05-28,2,-16.969872122762165,-16.969872122762165,0.0
observed_2026,corrected_original,2026-05-29,2,0.0,0.0,0.0
observed_2026,corrected_original,2026-06-01,2,0.0,0.0,0.0
observed_2026,corrected_original,2026-06-02,2,-6.9799368904188155,-6.9799368904188155,0.0
observed_2026,corrected_original,2026-06-03,2,4.9927027027026885,4.9927027027026885,0.0
observed_2026,corrected_original,2026-06-04,2,-6.210000000000005,-6.210000000000005,0.0
observed_2026,corrected_original,2026-06-05,2,-6.210000000000005,-6.210000000000005,0.0
observed_2026,corrected_original,2026-06-08,2,1.8034228187919323,1.8034228187919323,0.0
observed_2026,corrected_original,2026-06-09,2,33.147141861273425,33.147141861273425,0.0
observed_2026,corrected_original,2026-06-10,2,-6.210000000000005,-6.210000000000005,0.0
observed_2026,corrected_original,2026-06-11,2,0.0,0.0,0.0
observed_2026,corrected_original,2026-06-12,2,-6.358507465101527,-6.358507465101527,0.0
observed_2026,corrected_original,2026-06-15,2,37.70640637369715,37.70640637369715,0.0
observed_2026,corrected_original,2026-06-16,2,0.0,0.0,0.0
observed_2026,corrected_original,2026-06-17,2,0.0,0.0,0.0
observed_2026,corrected_original,2026-06-18,2,6.16412127297574,6.16412127297574,0.0
observed_2026,corrected_original,2026-06-22,2,-7.608191580580627,-7.608191580580627,0.0
observed_2026,corrected_original,2026-06-23,2,-12.42000000000001,-12.42000000000001,0.0
observed_2026,corrected_original,2026-06-24,2,-12.420000000000021,-12.420000000000021,0.0
observed_2026,corrected_original,2026-06-25,2,14.58242241031844,14.58242241031844,0.0
observed_2026,corrected_original,2026-06-26,2,-8.597596899224804,-8.597596899224804,0.0
observed_2026,corrected_original,2026-06-29,2,17.801536903554126,17.801536903554126,0.0
observed_2026,corrected_original,2026-06-30,2,-7.675495608531992,-7.675495608531992,0.0
observed_2026,corrected_original,2026-07-01,2,-6.210000000000005,-6.210000000000005,0.0
observed_2026,corrected_original,2026-07-02,2,0.0,0.0,0.0
observed_2026,corrected_original,2026-07-03,2,0.0,0.0,0.0
observed_2026,corrected_original,2026-07-06,2,-6.210000000000005,-6.210000000000005,0.0
observed_2026,corrected_original,2026-07-07,2,-6.209999999999995,-6.209999999999995,0.0
observed_2026,corrected_original,2026-07-08,2,0.0,0.0,0.0
observed_2026,corrected_original,2026-07-09,2,0.0,0.0,0.0
observed_2026,corrected_original,2026-07-10,2,-22.43858544140423,-22.43858544140423,0.0
observed_2026,corrected_original,2026-07-13,2,-6.210000000000005,-6.210000000000005,0.0
observed_2026,corrected_original,2026-07-14,2,0.0,0.0,0.0
observed_2026,corrected_original,2026-07-15,2,-12.42000000000001,-12.42000000000001,0.0
observed_2026,corrected_original,2026-07-16,2,0.0,0.0,0.0
observed_2026,corrected_original,2026-07-17,2,0.0,0.0,0.0
observed_2026,corrected_original,2026-07-20,2,0.0,0.0,0.0
observed_2026,corrected_original,2026-07-21,2,0.0,0.0,0.0
observed_2026,corrected_original,2026-07-22,2,0.0,0.0,0.0
observed_2026,corrected_original,2026-07-23,2,0.0,0.0,0.0
observed_2026,corrected_original,2026-07-24,2,0.0,0.0,0.0
observed_2026,corrected_original,2026-07-27,2,-6.210000000000016,-6.210000000000016,0.0
observed_2026,corrected_original,2026-07-28,2,0.0,0.0,0.0
observed_2026,corrected_original,2026-07-29,2,0.0,0.0,0.0
observed_2026,corrected_original,2026-07-30,2,0.0,0.0,0.0
observed_2026,corrected_original,2026-07-31,2,6.04781327797199,6.04781327797199,0.0
observed_2026,corrected_original,2026-08-03,2,0.0,0.0,0.0
observed_2026,corrected_original,2026-08-04,2,0.0,0.0,0.0
observed_2026,corrected_original,2026-08-05,2,0.0,0.0,0.0
observed_2026,corrected_original,2026-08-06,2,0.0,0.0,0.0
observed_2026,corrected_original,2026-08-07,2,-1.484944134078205,-1.484944134078205,0.0
observed_2026,corrected_original,2026-08-10,2,-4.629582119917177,-4.629582119917177,0.0
observed_2026,corrected_original,2026-08-11,2,-0.2285185185185177,-0.2285185185185177,0.0
observed_2026,corrected_original,2026-08-12,2,-4.73083202511775,-4.73083202511775,0.0
observed_2026,corrected_original,2026-08-13,2,0.0,0.0,0.0
observed_2026,corrected_original,2026-08-14,2,8.365803981623275,8.365803981623275,0.0
observed_2026,corrected_original,2026-08-17,2,-12.42000000000001,-12.42000000000001,0.0
observed_2026,corrected_original,2026-08-18,2,0.0,0.0,0.0
observed_2026,corrected_original,2026-08-19,2,-7.837118644067787,-7.837118644067787,0.0
observed_2026,corrected_original,2026-08-20,2,4.960360151714325,4.960360151714325,0.0
observed_2026,corrected_original,2026-08-21,2,0.0,0.0,0.0
observed_2026,corrected_original,2026-08-24,2,0.0,0.0,0.0
observed_2026,corrected_original,2026-08-25,2,-3.169641255605383,-3.169641255605383,0.0
observed_2026,corrected_original,2026-08-26,2,4.002983548243665,4.002983548243665,0.0
observed_2026,corrected_original,2026-08-27,2,-12.907997686300977,-12.907997686300977,0.0
observed_2026,corrected_original,2026-08-28,2,-3.1392107404393808,-3.1392107404393808,0.0
observed_2026,corrected_original,2026-08-31,2,-5.695362318840582,-5.695362318840582,0.0
observed_2026,corrected_original,2026-09-01,2,2.5982409733271687,2.5982409733271687,0.0
observed_2026,corrected_original,2026-09-02,2,-1.9381728172817145,-1.9381728172817145,0.0
observed_2026,corrected_original,2026-09-03,2,11.137534194451046,11.137534194451046,0.0
observed_2026,corrected_original,2026-09-04,2,-12.42,-12.42,0.0
observed_2026,corrected_original,2026-09-07,2,4.188027304905871,4.188027304905871,0.0
observed_2026,corrected_original,2026-09-08,2,-9.857647784517345,-9.857647784517345,0.0
observed_2026,corrected_original,2026-09-09,2,-6.210000000000016,-6.210000000000016,0.0
observed_2026,corrected_original,2026-09-10,2,0.0,0.0,0.0
observed_2026,corrected_original,2026-09-11,2,2.5215914489311144,2.5215914489311144,0.0
observed_2026,corrected_original,2026-09-14,2,4.237436601188603,4.237436601188603,0.0
observed_2026,corrected_original,2026-09-15,2,0.0,0.0,0.0
observed_2026,corrected_original,2026-09-16,2,18.638102179632952,18.638102179632952,0.0
observed_2026,corrected_original,2026-09-17,2,0.0,0.0,0.0
observed_2026,corrected_original,2026-09-18,2,-3.5015360501567403,-3.5015360501567403,0.0
observed_2026,corrected_original,2026-09-21,2,0.0,0.0,0.0
observed_2026,corrected_original,2026-09-22,2,19.242736318407957,19.242736318407957,0.0
observed_2026,corrected_original,2026-09-23,2,-3.0782170542635776,-3.0782170542635776,0.0
observed_2026,vwap_eligible_original,2026-01-05,2,2.8658440850445084,2.8658440850445084,0.0
observed_2026,vwap_eligible_original,2026-01-06,2,8.656408806902725,8.656408806902725,0.0
observed_2026,vwap_eligible_original,2026-01-07,2,0.0,0.0,0.0
observed_2026,vwap_eligible_original,2026-01-08,2,1.7901705101582825,1.7901705101582825,0.0
observed_2026,vwap_eligible_original,2026-01-09,2,-3.488062827225126,-3.488062827225126,0.0
observed_2026,vwap_eligible_original,2026-01-12,2,-2.168843366053977,-2.168843366053977,0.0
observed_2026,vwap_eligible_original,2026-01-13,2,2.741219512195147,2.741219512195147,0.0
observed_2026,vwap_eligible_original,2026-01-14,2,11.082256053704164,11.082256053704164,0.0
observed_2026,vwap_eligible_original,2026-01-15,2,-9.30990825688073,-9.30990825688073,0.0
observed_2026,vwap_eligible_original,2026-01-16,2,-8.978922558922555,-8.978922558922555,0.0
observed_2026,vwap_eligible_original,2026-01-19,2,0.021347270615555303,0.021347270615555303,0.0
observed_2026,vwap_eligible_original,2026-01-20,2,0.0,0.0,0.0
observed_2026,vwap_eligible_original,2026-01-21,2,5.630107939553828,5.630107939553828,0.0
observed_2026,vwap_eligible_original,2026-01-22,2,-3.612646502835527,-3.612646502835527,0.0
observed_2026,vwap_eligible_original,2026-01-23,2,-8.37127784880111,-8.37127784880111,0.0
observed_2026,vwap_eligible_original,2026-01-26,2,-8.22967238689545,-8.22967238689545,0.0
observed_2026,vwap_eligible_original,2026-01-27,2,-3.3726488513830217,-3.3726488513830217,0.0
observed_2026,vwap_eligible_original,2026-01-28,2,13.655546218487412,13.655546218487412,0.0
observed_2026,vwap_eligible_original,2026-01-29,2,-5.213242156074018,-5.213242156074018,0.0
observed_2026,vwap_eligible_original,2026-01-30,2,-5.761238471673271,-5.761238471673271,0.0
observed_2026,vwap_eligible_original,2026-02-02,2,10.948992968927193,10.948992968927193,0.0
observed_2026,vwap_eligible_original,2026-02-03,2,13.562917788095394,13.562917788095394,0.0
observed_2026,vwap_eligible_original,2026-02-04,2,0.0,0.0,0.0
observed_2026,vwap_eligible_original,2026-02-05,2,0.0,0.0,0.0
observed_2026,vwap_eligible_original,2026-02-06,2,-12.42000000000001,-12.42000000000001,0.0
observed_2026,vwap_eligible_original,2026-02-09,2,-12.42000000000001,-12.42000000000001,0.0
observed_2026,vwap_eligible_original,2026-02-10,2,1.4750490196078427,1.4750490196078427,0.0
observed_2026,vwap_eligible_original,2026-02-11,2,0.0,0.0,0.0
observed_2026,vwap_eligible_original,2026-02-12,2,2.658404401650613,2.658404401650613,0.0
observed_2026,vwap_eligible_original,2026-02-13,2,1.4919082001031416,1.4919082001031416,0.0
observed_2026,vwap_eligible_original,2026-02-24,2,30.825985870263303,30.825985870263303,0.0
observed_2026,vwap_eligible_original,2026-02-25,2,0.0,0.0,0.0
observed_2026,vwap_eligible_original,2026-02-26,2,-6.210000000000005,-6.210000000000005,0.0
observed_2026,vwap_eligible_original,2026-02-27,2,0.0,0.0,0.0
observed_2026,vwap_eligible_original,2026-03-02,2,-1.690769230769241,-1.690769230769241,0.0
observed_2026,vwap_eligible_original,2026-03-03,2,0.0,0.0,0.0
observed_2026,vwap_eligible_original,2026-03-04,2,0.0,0.0,0.0
observed_2026,vwap_eligible_original,2026-03-05,2,0.0,0.0,0.0
observed_2026,vwap_eligible_original,2026-03-06,2,0.0,0.0,0.0
observed_2026,vwap_eligible_original,2026-03-09,2,0.0,0.0,0.0
observed_2026,vwap_eligible_original,2026-03-10,2,-12.42000000000001,-12.42000000000001,0.0
observed_2026,vwap_eligible_original,2026-03-11,2,0.0,0.0,0.0
observed_2026,vwap_eligible_original,2026-03-12,2,0.0,0.0,0.0
observed_2026,vwap_eligible_original,2026-03-13,2,-12.41999999999999,-12.41999999999999,0.0
observed_2026,vwap_eligible_original,2026-03-16,2,-1.8826561305123741,-1.8826561305123741,0.0
observed_2026,vwap_eligible_original,2026-03-17,2,0.0,0.0,0.0
observed_2026,vwap_eligible_original,2026-03-18,2,4.772206405693934,4.772206405693934,0.0
observed_2026,vwap_eligible_original,2026-03-19,2,0.0,0.0,0.0
observed_2026,vwap_eligible_original,2026-03-20,2,0.0,0.0,0.0
observed_2026,vwap_eligible_original,2026-03-23,2,0.0,0.0,0.0
observed_2026,vwap_eligible_original,2026-03-24,2,2.635318158303156,2.635318158303156,0.0
observed_2026,vwap_eligible_original,2026-03-25,2,0.0,0.0,0.0
observed_2026,vwap_eligible_original,2026-03-26,2,11.659784123042957,11.659784123042957,0.0
observed_2026,vwap_eligible_original,2026-03-27,2,0.0,0.0,0.0
observed_2026,vwap_eligible_original,2026-03-30,2,-8.5015752461322,-8.5015752461322,0.0
observed_2026,vwap_eligible_original,2026-03-31,2,-2.7267229617855557,-2.7267229617855557,0.0
observed_2026,vwap_eligible_original,2026-04-01,2,-12.663985281630332,-12.663985281630332,0.0
observed_2026,vwap_eligible_original,2026-04-02,2,0.0,0.0,0.0
observed_2026,vwap_eligible_original,2026-04-03,2,0.0,0.0,0.0
observed_2026,vwap_eligible_original,2026-04-07,2,-4.0895105399103695,-4.0895105399103695,0.0
observed_2026,vwap_eligible_original,2026-04-08,2,2.586556284031558,2.586556284031558,0.0
observed_2026,vwap_eligible_original,2026-04-09,2,0.0,0.0,0.0
observed_2026,vwap_eligible_original,2026-04-10,2,0.0,0.0,0.0
observed_2026,vwap_eligible_original,2026-04-13,2,-5.567888095209141,-5.567888095209141,0.0
observed_2026,vwap_eligible_original,2026-04-14,2,-8.310189018901895,-8.310189018901895,0.0
observed_2026,vwap_eligible_original,2026-04-15,2,-1.062272727272707,-1.062272727272707,0.0
observed_2026,vwap_eligible_original,2026-04-16,2,15.390904013079538,15.390904013079538,0.0
observed_2026,vwap_eligible_original,2026-04-17,2,22.241052052965824,22.241052052965824,0.0
observed_2026,vwap_eligible_original,2026-04-20,2,-6.210000000000005,-6.210000000000005,0.0
observed_2026,vwap_eligible_original,2026-04-21,2,-12.420000000000021,-12.420000000000021,0.0
observed_2026,vwap_eligible_original,2026-04-22,2,-5.651689896142999,-5.651689896142999,0.0
observed_2026,vwap_eligible_original,2026-04-23,2,0.0,0.0,0.0
observed_2026,vwap_eligible_original,2026-04-24,2,-0.35887282007655097,-0.35887282007655097,0.0
observed_2026,vwap_eligible_original,2026-04-27,2,2.4548926424277058,2.4548926424277058,0.0
observed_2026,vwap_eligible_original,2026-04-28,2,-1.0385862247540132,-1.0385862247540132,0.0
observed_2026,vwap_eligible_original,2026-04-29,2,23.15404099811453,23.15404099811453,0.0
observed_2026,vwap_eligible_original,2026-04-30,2,5.21653222067686,5.21653222067686,0.0
observed_2026,vwap_eligible_original,2026-05-06,2,-10.931430305482506,-10.931430305482506,0.0
observed_2026,vwap_eligible_original,2026-05-07,2,16.050347180528156,16.050347180528156,0.0
observed_2026,vwap_eligible_original,2026-05-08,2,0.0,0.0,0.0
observed_2026,vwap_eligible_original,2026-05-11,2,-12.42000000000001,-12.42000000000001,0.0
observed_2026,vwap_eligible_original,2026-05-12,2,1.3689473684210576,1.3689473684210576,0.0
observed_2026,vwap_eligible_original,2026-05-13,2,-12.420000000000021,-12.420000000000021,0.0
observed_2026,vwap_eligible_original,2026-05-14,2,15.876793437733003,15.876793437733003,0.0
observed_2026,vwap_eligible_original,2026-05-15,2,-8.806400784570124,-8.806400784570124,0.0
observed_2026,vwap_eligible_original,2026-05-18,2,8.245063207606638,8.245063207606638,0.0
observed_2026,vwap_eligible_original,2026-05-19,2,-12.420000000000021,-12.420000000000021,0.0
observed_2026,vwap_eligible_original,2026-05-20,2,-6.210000000000005,-6.210000000000005,0.0
observed_2026,vwap_eligible_original,2026-05-21,2,0.0,0.0,0.0
observed_2026,vwap_eligible_original,2026-05-22,2,18.78416776576099,18.78416776576099,0.0
observed_2026,vwap_eligible_original,2026-05-25,2,0.0,0.0,0.0
observed_2026,vwap_eligible_original,2026-05-26,2,0.0,0.0,0.0
observed_2026,vwap_eligible_original,2026-05-27,2,-6.209999999999995,-6.209999999999995,0.0
observed_2026,vwap_eligible_original,2026-05-28,2,-16.969872122762165,-16.969872122762165,0.0
observed_2026,vwap_eligible_original,2026-05-29,2,0.0,0.0,0.0
observed_2026,vwap_eligible_original,2026-06-01,2,0.0,0.0,0.0
observed_2026,vwap_eligible_original,2026-06-02,2,-6.9799368904188155,-6.9799368904188155,0.0
observed_2026,vwap_eligible_original,2026-06-03,2,4.9927027027026885,4.9927027027026885,0.0
observed_2026,vwap_eligible_original,2026-06-04,2,-6.210000000000005,-6.210000000000005,0.0
observed_2026,vwap_eligible_original,2026-06-05,2,-6.210000000000005,-6.210000000000005,0.0
observed_2026,vwap_eligible_original,2026-06-08,2,1.8034228187919323,1.8034228187919323,0.0
observed_2026,vwap_eligible_original,2026-06-09,2,33.147141861273425,33.147141861273425,0.0
observed_2026,vwap_eligible_original,2026-06-10,2,-6.210000000000005,-6.210000000000005,0.0
observed_2026,vwap_eligible_original,2026-06-11,2,0.0,0.0,0.0
observed_2026,vwap_eligible_original,2026-06-12,2,-6.358507465101527,-6.358507465101527,0.0
observed_2026,vwap_eligible_original,2026-06-15,2,37.70640637369715,37.70640637369715,0.0
observed_2026,vwap_eligible_original,2026-06-16,2,0.0,0.0,0.0
observed_2026,vwap_eligible_original,2026-06-17,2,0.0,0.0,0.0
observed_2026,vwap_eligible_original,2026-06-18,2,6.16412127297574,6.16412127297574,0.0
observed_2026,vwap_eligible_original,2026-06-22,2,-7.608191580580627,-7.608191580580627,0.0
observed_2026,vwap_eligible_original,2026-06-23,2,-12.42000000000001,-12.42000000000001,0.0
observed_2026,vwap_eligible_original,2026-06-24,2,-12.420000000000021,-12.420000000000021,0.0
observed_2026,vwap_eligible_original,2026-06-25,2,14.58242241031844,14.58242241031844,0.0
observed_2026,vwap_eligible_original,2026-06-26,2,-8.597596899224804,-8.597596899224804,0.0
observed_2026,vwap_eligible_original,2026-06-29,2,17.801536903554126,17.801536903554126,0.0
observed_2026,vwap_eligible_original,2026-06-30,2,-7.675495608531992,-7.675495608531992,0.0
observed_2026,vwap_eligible_original,2026-07-01,2,-6.210000000000005,-6.210000000000005,0.0
observed_2026,vwap_eligible_original,2026-07-02,2,0.0,0.0,0.0
observed_2026,vwap_eligible_original,2026-07-03,2,0.0,0.0,0.0
observed_2026,vwap_eligible_original,2026-07-06,2,-6.210000000000005,-6.210000000000005,0.0
observed_2026,vwap_eligible_original,2026-07-07,2,-6.209999999999995,-6.209999999999995,0.0
observed_2026,vwap_eligible_original,2026-07-08,2,0.0,0.0,0.0
observed_2026,vwap_eligible_original,2026-07-09,2,0.0,0.0,0.0
observed_2026,vwap_eligible_original,2026-07-10,2,-22.43858544140423,-22.43858544140423,0.0
observed_2026,vwap_eligible_original,2026-07-13,2,-6.210000000000005,-6.210000000000005,0.0
observed_2026,vwap_eligible_original,2026-07-14,2,0.0,0.0,0.0
observed_2026,vwap_eligible_original,2026-07-15,2,-12.42000000000001,-12.42000000000001,0.0
observed_2026,vwap_eligible_original,2026-07-16,2,0.0,0.0,0.0
observed_2026,vwap_eligible_original,2026-07-17,2,0.0,0.0,0.0
observed_2026,vwap_eligible_original,2026-07-20,2,0.0,0.0,0.0
observed_2026,vwap_eligible_original,2026-07-21,2,0.0,0.0,0.0
observed_2026,vwap_eligible_original,2026-07-22,2,0.0,0.0,0.0
observed_2026,vwap_eligible_original,2026-07-23,2,0.0,0.0,0.0
observed_2026,vwap_eligible_original,2026-07-24,2,0.0,0.0,0.0
observed_2026,vwap_eligible_original,2026-07-27,2,-6.210000000000016,-6.210000000000016,0.0
observed_2026,vwap_eligible_original,2026-07-28,2,0.0,0.0,0.0
observed_2026,vwap_eligible_original,2026-07-29,2,0.0,0.0,0.0
observed_2026,vwap_eligible_original,2026-07-30,2,0.0,0.0,0.0
observed_2026,vwap_eligible_original,2026-07-31,2,6.04781327797199,6.04781327797199,0.0
observed_2026,vwap_eligible_original,2026-08-03,2,0.0,0.0,0.0
observed_2026,vwap_eligible_original,2026-08-04,2,0.0,0.0,0.0
observed_2026,vwap_eligible_original,2026-08-05,2,0.0,0.0,0.0
observed_2026,vwap_eligible_original,2026-08-06,2,0.0,0.0,0.0
observed_2026,vwap_eligible_original,2026-08-07,2,-1.484944134078205,-1.484944134078205,0.0
observed_2026,vwap_eligible_original,2026-08-10,2,-4.629582119917177,-4.629582119917177,0.0
observed_2026,vwap_eligible_original,2026-08-11,2,-0.2285185185185177,-0.2285185185185177,0.0
observed_2026,vwap_eligible_original,2026-08-12,2,-4.73083202511775,-4.73083202511775,0.0
observed_2026,vwap_eligible_original,2026-08-13,2,0.0,0.0,0.0
observed_2026,vwap_eligible_original,2026-08-14,2,8.365803981623275,8.365803981623275,0.0
observed_2026,vwap_eligible_original,2026-08-17,2,-12.42000000000001,-12.42000000000001,0.0
observed_2026,vwap_eligible_original,2026-08-18,2,0.0,0.0,0.0
observed_2026,vwap_eligible_original,2026-08-19,2,-7.837118644067787,-7.837118644067787,0.0
observed_2026,vwap_eligible_original,2026-08-20,2,4.960360151714325,4.960360151714325,0.0
observed_2026,vwap_eligible_original,2026-08-21,2,0.0,0.0,0.0
observed_2026,vwap_eligible_original,2026-08-24,2,0.0,0.0,0.0
observed_2026,vwap_eligible_original,2026-08-25,2,-3.169641255605383,-3.169641255605383,0.0
observed_2026,vwap_eligible_original,2026-08-26,2,4.002983548243665,4.002983548243665,0.0
observed_2026,vwap_eligible_original,2026-08-27,2,-12.907997686300977,-12.907997686300977,0.0
observed_2026,vwap_eligible_original,2026-08-28,2,-3.1392107404393808,-3.1392107404393808,0.0
observed_2026,vwap_eligible_original,2026-08-31,2,-5.695362318840582,-5.695362318840582,0.0
observed_2026,vwap_eligible_original,2026-09-01,2,2.5982409733271687,2.5982409733271687,0.0
observed_2026,vwap_eligible_original,2026-09-02,2,-1.9381728172817145,-1.9381728172817145,0.0
observed_2026,vwap_eligible_original,2026-09-03,2,11.137534194451046,11.137534194451046,0.0
observed_2026,vwap_eligible_original,2026-09-04,2,-12.42,-12.42,0.0
observed_2026,vwap_eligible_original,2026-09-07,2,4.188027304905871,4.188027304905871,0.0
observed_2026,vwap_eligible_original,2026-09-08,2,-9.857647784517345,-9.857647784517345,0.0
observed_2026,vwap_eligible_original,2026-09-09,2,-6.210000000000016,-6.210000000000016,0.0
observed_2026,vwap_eligible_original,2026-09-10,2,0.0,0.0,0.0
observed_2026,vwap_eligible_original,2026-09-11,2,2.5215914489311144,2.5215914489311144,0.0
observed_2026,vwap_eligible_original,2026-09-14,2,4.237436601188603,4.237436601188603,0.0
observed_2026,vwap_eligible_original,2026-09-15,2,0.0,0.0,0.0
observed_2026,vwap_eligible_original,2026-09-16,2,18.638102179632952,18.638102179632952,0.0
observed_2026,vwap_eligible_original,2026-09-17,2,0.0,0.0,0.0
observed_2026,vwap_eligible_original,2026-09-18,2,-3.5015360501567403,-3.5015360501567403,0.0
observed_2026,vwap_eligible_original,2026-09-21,2,0.0,0.0,0.0
observed_2026,vwap_eligible_original,2026-09-22,2,19.242736318407957,19.242736318407957,0.0
observed_2026,vwap_eligible_original,2026-09-23,2,-3.0782170542635776,-3.0782170542635776,0.0
observed_2026,vwap_gate_open,2026-01-05,2,2.8658440850445084,2.8658440850445084,0.0
observed_2026,vwap_gate_open,2026-01-06,2,0.0,8.656408806902725,-8.656408806902725
observed_2026,vwap_gate_open,2026-01-07,2,0.0,0.0,0.0
observed_2026,vwap_gate_open,2026-01-08,2,0.0,1.7901705101582825,-1.7901705101582825
observed_2026,vwap_gate_open,2026-01-09,2,-9.07625000000002,-3.488062827225126,-5.5881871727748935
observed_2026,vwap_gate_open,2026-01-12,2,-12.97933545021547,-2.168843366053977,-10.810492084161492
observed_2026,vwap_gate_open,2026-01-13,2,0.0,2.741219512195147,-2.741219512195147
observed_2026,vwap_gate_open,2026-01-14,2,11.082256053704164,11.082256053704164,0.0
observed_2026,vwap_gate_open,2026-01-15,2,-8.400624327233599,-9.30990825688073,0.9092839296471311
observed_2026,vwap_gate_open,2026-01-16,2,-6.210000000000005,-8.978922558922555,2.76892255892255
observed_2026,vwap_gate_open,2026-01-19,2,0.0,0.021347270615555303,-0.021347270615555303
observed_2026,vwap_gate_open,2026-01-20,2,0.0,0.0,0.0
observed_2026,vwap_gate_open,2026-01-21,2,-0.07807387862797202,5.630107939553828,-5.7081818181818
observed_2026,vwap_gate_open,2026-01-22,2,-3.612646502835527,-3.612646502835527,0.0
observed_2026,vwap_gate_open,2026-01-23,2,0.0,-8.37127784880111,8.37127784880111
observed_2026,vwap_gate_open,2026-01-26,2,0.0,-8.22967238689545,8.22967238689545
observed_2026,vwap_gate_open,2026-01-27,2,-6.209999999999995,-3.3726488513830217,-2.837351148616973
observed_2026,vwap_gate_open,2026-01-28,2,13.655546218487412,13.655546218487412,0.0
observed_2026,vwap_gate_open,2026-01-29,2,-6.210000000000005,-5.213242156074018,-0.9967578439259874
observed_2026,vwap_gate_open,2026-01-30,2,0.0,-5.761238471673271,5.761238471673271
observed_2026,vwap_gate_open,2026-02-02,2,0.0,10.948992968927193,-10.948992968927193
observed_2026,vwap_gate_open,2026-02-03,2,3.111033210332103,13.562917788095394,-10.451884577763291
observed_2026,vwap_gate_open,2026-02-04,2,0.0,0.0,0.0
observed_2026,vwap_gate_open,2026-02-05,2,0.0,0.0,0.0
observed_2026,vwap_gate_open,2026-02-06,2,-6.210000000000005,-12.42000000000001,6.210000000000005
observed_2026,vwap_gate_open,2026-02-09,2,-12.42000000000001,-12.42000000000001,0.0
observed_2026,vwap_gate_open,2026-02-10,2,0.0,1.4750490196078427,-1.4750490196078427
observed_2026,vwap_gate_open,2026-02-11,2,0.0,0.0,0.0
observed_2026,vwap_gate_open,2026-02-12,2,-12.42000000000001,2.658404401650613,-15.078404401650623
observed_2026,vwap_gate_open,2026-02-13,2,1.4919082001031416,1.4919082001031416,0.0
observed_2026,vwap_gate_open,2026-02-24,2,0.0,30.825985870263303,-30.825985870263303
observed_2026,vwap_gate_open,2026-02-25,2,0.0,0.0,0.0
observed_2026,vwap_gate_open,2026-02-26,2,0.0,-6.210000000000005,6.210000000000005
observed_2026,vwap_gate_open,2026-02-27,2,0.0,0.0,0.0
observed_2026,vwap_gate_open,2026-03-02,2,-1.690769230769241,-1.690769230769241,0.0
observed_2026,vwap_gate_open,2026-03-03,2,0.0,0.0,0.0
observed_2026,vwap_gate_open,2026-03-04,2,0.0,0.0,0.0
observed_2026,vwap_gate_open,2026-03-05,2,0.0,0.0,0.0
observed_2026,vwap_gate_open,2026-03-06,2,0.0,0.0,0.0
observed_2026,vwap_gate_open,2026-03-09,2,0.0,0.0,0.0
observed_2026,vwap_gate_open,2026-03-10,2,-8.11557591112846,-12.42000000000001,4.304424088871551
observed_2026,vwap_gate_open,2026-03-11,2,0.0,0.0,0.0
observed_2026,vwap_gate_open,2026-03-12,2,0.0,0.0,0.0
observed_2026,vwap_gate_open,2026-03-13,2,-6.209999999999995,-12.41999999999999,6.209999999999995
observed_2026,vwap_gate_open,2026-03-16,2,0.0,-1.8826561305123741,1.8826561305123741
observed_2026,vwap_gate_open,2026-03-17,2,0.0,0.0,0.0
observed_2026,vwap_gate_open,2026-03-18,2,0.0,4.772206405693934,-4.772206405693934
observed_2026,vwap_gate_open,2026-03-19,2,0.0,0.0,0.0
observed_2026,vwap_gate_open,2026-03-20,2,0.0,0.0,0.0
observed_2026,vwap_gate_open,2026-03-23,2,0.0,0.0,0.0
observed_2026,vwap_gate_open,2026-03-24,2,0.0,2.635318158303156,-2.635318158303156
observed_2026,vwap_gate_open,2026-03-25,2,0.0,0.0,0.0
observed_2026,vwap_gate_open,2026-03-26,2,0.0,11.659784123042957,-11.659784123042957
observed_2026,vwap_gate_open,2026-03-27,2,0.0,0.0,0.0
observed_2026,vwap_gate_open,2026-03-30,2,-6.210000000000005,-8.5015752461322,2.2915752461321945
observed_2026,vwap_gate_open,2026-03-31,2,0.0,-2.7267229617855557,2.7267229617855557
observed_2026,vwap_gate_open,2026-04-01,2,-12.663985281630332,-12.663985281630332,0.0
observed_2026,vwap_gate_open,2026-04-02,2,0.0,0.0,0.0
observed_2026,vwap_gate_open,2026-04-03,2,0.0,0.0,0.0
observed_2026,vwap_gate_open,2026-04-07,2,-4.0895105399103695,-4.0895105399103695,0.0
observed_2026,vwap_gate_open,2026-04-08,2,-6.210000000000016,2.586556284031558,-8.796556284031574
observed_2026,vwap_gate_open,2026-04-09,2,0.0,0.0,0.0
observed_2026,vwap_gate_open,2026-04-10,2,0.0,0.0,0.0
observed_2026,vwap_gate_open,2026-04-13,2,1.2862543908352047,-5.567888095209141,6.854142486044346
observed_2026,vwap_gate_open,2026-04-14,2,-8.310189018901895,-8.310189018901895,0.0
observed_2026,vwap_gate_open,2026-04-15,2,0.0,-1.062272727272707,1.062272727272707
observed_2026,vwap_gate_open,2026-04-16,2,17.652718564397738,15.390904013079538,2.2618145513181993
observed_2026,vwap_gate_open,2026-04-17,2,22.241052052965824,22.241052052965824,0.0
observed_2026,vwap_gate_open,2026-04-20,2,-6.210000000000005,-6.210000000000005,0.0
observed_2026,vwap_gate_open,2026-04-21,2,0.0,-12.420000000000021,12.420000000000021
observed_2026,vwap_gate_open,2026-04-22,2,-5.651689896142999,-5.651689896142999,0.0
observed_2026,vwap_gate_open,2026-04-23,2,0.0,0.0,0.0
observed_2026,vwap_gate_open,2026-04-24,2,0.0,-0.35887282007655097,0.35887282007655097
observed_2026,vwap_gate_open,2026-04-27,2,-6.210000000000005,2.4548926424277058,-8.664892642427711
observed_2026,vwap_gate_open,2026-04-28,2,0.0,-1.0385862247540132,1.0385862247540132
observed_2026,vwap_gate_open,2026-04-29,2,0.0,23.15404099811453,-23.15404099811453
observed_2026,vwap_gate_open,2026-04-30,2,-6.210000000000005,5.21653222067686,-11.426532220676865
observed_2026,vwap_gate_open,2026-05-06,2,-6.210000000000005,-10.931430305482506,4.7214303054825
observed_2026,vwap_gate_open,2026-05-07,2,0.0,16.050347180528156,-16.050347180528156
observed_2026,vwap_gate_open,2026-05-08,2,0.0,0.0,0.0
observed_2026,vwap_gate_open,2026-05-11,2,-6.210000000000005,-12.42000000000001,6.210000000000005
observed_2026,vwap_gate_open,2026-05-12,2,0.0,1.3689473684210576,-1.3689473684210576
observed_2026,vwap_gate_open,2026-05-13,2,-2.0563636363636357,-12.420000000000021,10.363636363636385
observed_2026,vwap_gate_open,2026-05-14,2,22.086793437733007,15.876793437733003,6.210000000000004
observed_2026,vwap_gate_open,2026-05-15,2,0.0,-8.806400784570124,8.806400784570124
observed_2026,vwap_gate_open,2026-05-18,2,8.245063207606638,8.245063207606638,0.0
observed_2026,vwap_gate_open,2026-05-19,2,-12.420000000000021,-12.420000000000021,0.0
observed_2026,vwap_gate_open,2026-05-20,2,-6.210000000000005,-6.210000000000005,0.0
observed_2026,vwap_gate_open,2026-05-21,2,0.0,0.0,0.0
observed_2026,vwap_gate_open,2026-05-22,2,0.0,18.78416776576099,-18.78416776576099
observed_2026,vwap_gate_open,2026-05-25,2,0.0,0.0,0.0
observed_2026,vwap_gate_open,2026-05-26,2,0.0,0.0,0.0
observed_2026,vwap_gate_open,2026-05-27,2,0.0,-6.209999999999995,6.209999999999995
observed_2026,vwap_gate_open,2026-05-28,2,-6.210000000000016,-16.969872122762165,10.75987212276215
observed_2026,vwap_gate_open,2026-05-29,2,0.0,0.0,0.0
observed_2026,vwap_gate_open,2026-06-01,2,0.0,0.0,0.0
observed_2026,vwap_gate_open,2026-06-02,2,-6.9799368904188155,-6.9799368904188155,0.0
observed_2026,vwap_gate_open,2026-06-03,2,4.9927027027026885,4.9927027027026885,0.0
observed_2026,vwap_gate_open,2026-06-04,2,-6.210000000000005,-6.210000000000005,0.0
observed_2026,vwap_gate_open,2026-06-05,2,-6.210000000000005,-6.210000000000005,0.0
observed_2026,vwap_gate_open,2026-06-08,2,0.0,1.8034228187919323,-1.8034228187919323
observed_2026,vwap_gate_open,2026-06-09,2,0.0,33.147141861273425,-33.147141861273425
observed_2026,vwap_gate_open,2026-06-10,2,-6.210000000000005,-6.210000000000005,0.0
observed_2026,vwap_gate_open,2026-06-11,2,0.0,0.0,0.0
observed_2026,vwap_gate_open,2026-06-12,2,-6.568381502890175,-6.358507465101527,-0.20987403778864788
observed_2026,vwap_gate_open,2026-06-15,2,-1.7182511422719444,37.70640637369715,-39.424657515969095
observed_2026,vwap_gate_open,2026-06-16,2,0.0,0.0,0.0
observed_2026,vwap_gate_open,2026-06-17,2,0.0,0.0,0.0
observed_2026,vwap_gate_open,2026-06-18,2,-1.537643432906589,6.16412127297574,-7.701764705882329
observed_2026,vwap_gate_open,2026-06-22,2,-7.608191580580627,-7.608191580580627,0.0
observed_2026,vwap_gate_open,2026-06-23,2,0.0,-12.42000000000001,12.42000000000001
observed_2026,vwap_gate_open,2026-06-24,2,-6.210000000000005,-12.420000000000021,6.210000000000016
observed_2026,vwap_gate_open,2026-06-25,2,0.0,14.58242241031844,-14.58242241031844
observed_2026,vwap_gate_open,2026-06-26,2,0.0,-8.597596899224804,8.597596899224804
observed_2026,vwap_gate_open,2026-06-29,2,17.801536903554126,17.801536903554126,0.0
observed_2026,vwap_gate_open,2026-06-30,2,0.0,-7.675495608531992,7.675495608531992
observed_2026,vwap_gate_open,2026-07-01,2,-6.210000000000005,-6.210000000000005,0.0
observed_2026,vwap_gate_open,2026-07-02,2,0.0,0.0,0.0
observed_2026,vwap_gate_open,2026-07-03,2,0.0,0.0,0.0
observed_2026,vwap_gate_open,2026-07-06,2,-6.210000000000005,-6.210000000000005,0.0
observed_2026,vwap_gate_open,2026-07-07,2,0.0,-6.209999999999995,6.209999999999995
observed_2026,vwap_gate_open,2026-07-08,2,0.0,0.0,0.0
observed_2026,vwap_gate_open,2026-07-09,2,0.0,0.0,0.0
observed_2026,vwap_gate_open,2026-07-10,2,0.0,-22.43858544140423,22.43858544140423
observed_2026,vwap_gate_open,2026-07-13,2,0.0,-6.210000000000005,6.210000000000005
observed_2026,vwap_gate_open,2026-07-14,2,0.0,0.0,0.0
observed_2026,vwap_gate_open,2026-07-15,2,-6.210000000000005,-12.42000000000001,6.210000000000005
observed_2026,vwap_gate_open,2026-07-16,2,0.0,0.0,0.0
observed_2026,vwap_gate_open,2026-07-17,2,0.0,0.0,0.0
observed_2026,vwap_gate_open,2026-07-20,2,0.0,0.0,0.0
observed_2026,vwap_gate_open,2026-07-21,2,0.0,0.0,0.0
observed_2026,vwap_gate_open,2026-07-22,2,0.0,0.0,0.0
observed_2026,vwap_gate_open,2026-07-23,2,0.0,0.0,0.0
observed_2026,vwap_gate_open,2026-07-24,2,0.0,0.0,0.0
observed_2026,vwap_gate_open,2026-07-27,2,-6.210000000000016,-6.210000000000016,0.0
observed_2026,vwap_gate_open,2026-07-28,2,0.0,0.0,0.0
observed_2026,vwap_gate_open,2026-07-29,2,0.0,0.0,0.0
observed_2026,vwap_gate_open,2026-07-30,2,0.0,0.0,0.0
observed_2026,vwap_gate_open,2026-07-31,2,3.5941563930961475,6.04781327797199,-2.4536568848758424
observed_2026,vwap_gate_open,2026-08-03,2,0.0,0.0,0.0
observed_2026,vwap_gate_open,2026-08-04,2,0.0,0.0,0.0
observed_2026,vwap_gate_open,2026-08-05,2,0.0,0.0,0.0
observed_2026,vwap_gate_open,2026-08-06,2,0.0,0.0,0.0
observed_2026,vwap_gate_open,2026-08-07,2,0.0,-1.484944134078205,1.484944134078205
observed_2026,vwap_gate_open,2026-08-10,2,-4.629582119917177,-4.629582119917177,0.0
observed_2026,vwap_gate_open,2026-08-11,2,-0.2285185185185177,-0.2285185185185177,0.0
observed_2026,vwap_gate_open,2026-08-12,2,17.79855621958437,-4.73083202511775,22.52938824470212
observed_2026,vwap_gate_open,2026-08-13,2,0.0,0.0,0.0
observed_2026,vwap_gate_open,2026-08-14,2,8.365803981623275,8.365803981623275,0.0
observed_2026,vwap_gate_open,2026-08-17,2,-5.445069637883006,-12.42000000000001,6.9749303621170045
observed_2026,vwap_gate_open,2026-08-18,2,0.0,0.0,0.0
observed_2026,vwap_gate_open,2026-08-19,2,-7.837118644067787,-7.837118644067787,0.0
observed_2026,vwap_gate_open,2026-08-20,2,0.4017767015039633,4.960360151714325,-4.558583450210362
observed_2026,vwap_gate_open,2026-08-21,2,0.0,0.0,0.0
observed_2026,vwap_gate_open,2026-08-24,2,0.0,0.0,0.0
observed_2026,vwap_gate_open,2026-08-25,2,0.0,-3.169641255605383,3.169641255605383
observed_2026,vwap_gate_open,2026-08-26,2,0.0,4.002983548243665,-4.002983548243665
observed_2026,vwap_gate_open,2026-08-27,2,-13.435207793117955,-12.907997686300977,-0.5272101068169786
observed_2026,vwap_gate_open,2026-08-28,2,-3.1392107404393808,-3.1392107404393808,0.0
observed_2026,vwap_gate_open,2026-08-31,2,-6.210000000000005,-5.695362318840582,-0.5146376811594235
observed_2026,vwap_gate_open,2026-09-01,2,2.5982409733271687,2.5982409733271687,0.0
observed_2026,vwap_gate_open,2026-09-02,2,0.0,-1.9381728172817145,1.9381728172817145
observed_2026,vwap_gate_open,2026-09-03,2,-2.3225812144193183,11.137534194451046,-13.460115408870365
observed_2026,vwap_gate_open,2026-09-04,2,0.0,-12.42,12.42
observed_2026,vwap_gate_open,2026-09-07,2,4.188027304905871,4.188027304905871,0.0
observed_2026,vwap_gate_open,2026-09-08,2,-1.6184507042253613,-9.857647784517345,8.239197080291984
observed_2026,vwap_gate_open,2026-09-09,2,-6.210000000000016,-6.210000000000016,0.0
observed_2026,vwap_gate_open,2026-09-10,2,0.0,0.0,0.0
observed_2026,vwap_gate_open,2026-09-11,2,0.0,2.5215914489311144,-2.5215914489311144
observed_2026,vwap_gate_open,2026-09-14,2,-4.24470625595428,4.237436601188603,-8.482142857142883
observed_2026,vwap_gate_open,2026-09-15,2,0.0,0.0,0.0
observed_2026,vwap_gate_open,2026-09-16,2,0.0,18.638102179632952,-18.638102179632952
observed_2026,vwap_gate_open,2026-09-17,2,0.0,0.0,0.0
observed_2026,vwap_gate_open,2026-09-18,2,-3.5015360501567403,-3.5015360501567403,0.0
observed_2026,vwap_gate_open,2026-09-21,2,0.0,0.0,0.0
observed_2026,vwap_gate_open,2026-09-22,2,19.242736318407957,19.242736318407957,0.0
observed_2026,vwap_gate_open,2026-09-23,2,0.0,-3.0782170542635776,3.0782170542635776
observed_2026,vwap_gate_limit,2026-01-05,2,7.526669011849894,2.8658440850445084,4.660824926805385
observed_2026,vwap_gate_limit,2026-01-06,2,0.0,8.656408806902725,-8.656408806902725
observed_2026,vwap_gate_limit,2026-01-07,2,0.0,0.0,0.0
observed_2026,vwap_gate_limit,2026-01-08,2,0.0,1.7901705101582825,-1.7901705101582825
observed_2026,vwap_gate_limit,2026-01-09,2,-2.5304766384446573,-3.488062827225126,0.9575861887804686
observed_2026,vwap_gate_limit,2026-01-12,2,-7.244082668600428,-2.168843366053977,-5.075239302546451
observed_2026,vwap_gate_limit,2026-01-13,2,0.0,2.741219512195147,-2.741219512195147
observed_2026,vwap_gate_limit,2026-01-14,2,13.147753357753354,11.082256053704164,2.06549730404919
observed_2026,vwap_gate_limit,2026-01-15,2,0.0,-9.30990825688073,9.30990825688073
observed_2026,vwap_gate_limit,2026-01-16,2,0.0,-8.978922558922555,8.978922558922555
observed_2026,vwap_gate_limit,2026-01-19,2,0.0,0.021347270615555303,-0.021347270615555303
observed_2026,vwap_gate_limit,2026-01-20,2,0.0,0.0,0.0
observed_2026,vwap_gate_limit,2026-01-21,2,4.22357284818835,5.630107939553828,-1.4065350913654786
observed_2026,vwap_gate_limit,2026-01-22,2,0.0,-3.612646502835527,3.612646502835527
observed_2026,vwap_gate_limit,2026-01-23,2,0.0,-8.37127784880111,8.37127784880111
observed_2026,vwap_gate_limit,2026-01-26,2,0.0,-8.22967238689545,8.22967238689545
observed_2026,vwap_gate_limit,2026-01-27,2,-6.209999999999995,-3.3726488513830217,-2.837351148616973
observed_2026,vwap_gate_limit,2026-01-28,2,0.0,13.655546218487412,-13.655546218487412
observed_2026,vwap_gate_limit,2026-01-29,2,-6.210000000000005,-5.213242156074018,-0.9967578439259874
observed_2026,vwap_gate_limit,2026-01-30,2,0.0,-5.761238471673271,5.761238471673271
observed_2026,vwap_gate_limit,2026-02-02,2,0.0,10.948992968927193,-10.948992968927193
observed_2026,vwap_gate_limit,2026-02-03,2,0.0,13.562917788095394,-13.562917788095394
observed_2026,vwap_gate_limit,2026-02-04,2,0.0,0.0,0.0
observed_2026,vwap_gate_limit,2026-02-05,2,0.0,0.0,0.0
observed_2026,vwap_gate_limit,2026-02-06,2,3.3106258890469356,-12.42000000000001,15.730625889046946
observed_2026,vwap_gate_limit,2026-02-09,2,-5.814121227987059,-12.42000000000001,6.605878772012952
observed_2026,vwap_gate_limit,2026-02-10,2,0.0,1.4750490196078427,-1.4750490196078427
observed_2026,vwap_gate_limit,2026-02-11,2,0.0,0.0,0.0
observed_2026,vwap_gate_limit,2026-02-12,2,-12.42000000000001,2.658404401650613,-15.078404401650623
observed_2026,vwap_gate_limit,2026-02-13,2,2.498333333333335,1.4919082001031416,1.0064251332301932
observed_2026,vwap_gate_limit,2026-02-24,2,0.0,30.825985870263303,-30.825985870263303
observed_2026,vwap_gate_limit,2026-02-25,2,0.0,0.0,0.0
observed_2026,vwap_gate_limit,2026-02-26,2,0.0,-6.210000000000005,6.210000000000005
observed_2026,vwap_gate_limit,2026-02-27,2,0.0,0.0,0.0
observed_2026,vwap_gate_limit,2026-03-02,2,0.18192631785223143,-1.690769230769241,1.8726955486214725
observed_2026,vwap_gate_limit,2026-03-03,2,0.0,0.0,0.0
observed_2026,vwap_gate_limit,2026-03-04,2,0.0,0.0,0.0
observed_2026,vwap_gate_limit,2026-03-05,2,0.0,0.0,0.0
observed_2026,vwap_gate_limit,2026-03-06,2,0.0,0.0,0.0
observed_2026,vwap_gate_limit,2026-03-09,2,0.0,0.0,0.0
observed_2026,vwap_gate_limit,2026-03-10,2,0.0,-12.42000000000001,12.42000000000001
observed_2026,vwap_gate_limit,2026-03-11,2,0.0,0.0,0.0
observed_2026,vwap_gate_limit,2026-03-12,2,0.0,0.0,0.0
observed_2026,vwap_gate_limit,2026-03-13,2,-6.209999999999995,-12.41999999999999,6.209999999999995
observed_2026,vwap_gate_limit,2026-03-16,2,0.0,-1.8826561305123741,1.8826561305123741
observed_2026,vwap_gate_limit,2026-03-17,2,0.0,0.0,0.0
observed_2026,vwap_gate_limit,2026-03-18,2,0.0,4.772206405693934,-4.772206405693934
observed_2026,vwap_gate_limit,2026-03-19,2,0.0,0.0,0.0
observed_2026,vwap_gate_limit,2026-03-20,2,0.0,0.0,0.0
observed_2026,vwap_gate_limit,2026-03-23,2,0.0,0.0,0.0
observed_2026,vwap_gate_limit,2026-03-24,2,0.0,2.635318158303156,-2.635318158303156
observed_2026,vwap_gate_limit,2026-03-25,2,0.0,0.0,0.0
observed_2026,vwap_gate_limit,2026-03-26,2,0.0,11.659784123042957,-11.659784123042957
observed_2026,vwap_gate_limit,2026-03-27,2,0.0,0.0,0.0
observed_2026,vwap_gate_limit,2026-03-30,2,0.0,-8.5015752461322,8.5015752461322
observed_2026,vwap_gate_limit,2026-03-31,2,0.0,-2.7267229617855557,2.7267229617855557
observed_2026,vwap_gate_limit,2026-04-01,2,-6.714406280667319,-12.663985281630332,5.949579000963013
observed_2026,vwap_gate_limit,2026-04-02,2,0.0,0.0,0.0
observed_2026,vwap_gate_limit,2026-04-03,2,0.0,0.0,0.0
observed_2026,vwap_gate_limit,2026-04-07,2,0.0,-4.0895105399103695,4.0895105399103695
observed_2026,vwap_gate_limit,2026-04-08,2,0.0,2.586556284031558,-2.586556284031558
observed_2026,vwap_gate_limit,2026-04-09,2,0.0,0.0,0.0
observed_2026,vwap_gate_limit,2026-04-10,2,0.0,0.0,0.0
observed_2026,vwap_gate_limit,2026-04-13,2,-1.0501453224341604,-5.567888095209141,4.51774277277498
observed_2026,vwap_gate_limit,2026-04-14,2,0.0,-8.310189018901895,8.310189018901895
observed_2026,vwap_gate_limit,2026-04-15,2,0.0,-1.062272727272707,1.062272727272707
observed_2026,vwap_gate_limit,2026-04-16,2,18.68226100151746,15.390904013079538,3.291356988437922
observed_2026,vwap_gate_limit,2026-04-17,2,22.241052052965824,22.241052052965824,0.0
observed_2026,vwap_gate_limit,2026-04-20,2,-6.210000000000005,-6.210000000000005,0.0
observed_2026,vwap_gate_limit,2026-04-21,2,0.0,-12.420000000000021,12.420000000000021
observed_2026,vwap_gate_limit,2026-04-22,2,-2.2357322748425954,-5.651689896142999,3.4159576213004037
observed_2026,vwap_gate_limit,2026-04-23,2,0.0,0.0,0.0
observed_2026,vwap_gate_limit,2026-04-24,2,0.0,-0.35887282007655097,0.35887282007655097
observed_2026,vwap_gate_limit,2026-04-27,2,3.915310173697283,2.4548926424277058,1.4604175312695773
observed_2026,vwap_gate_limit,2026-04-28,2,0.0,-1.0385862247540132,1.0385862247540132
observed_2026,vwap_gate_limit,2026-04-29,2,0.0,23.15404099811453,-23.15404099811453
observed_2026,vwap_gate_limit,2026-04-30,2,0.0,5.21653222067686,-5.21653222067686
observed_2026,vwap_gate_limit,2026-05-06,2,-6.210000000000005,-10.931430305482506,4.7214303054825
observed_2026,vwap_gate_limit,2026-05-07,2,0.0,16.050347180528156,-16.050347180528156
observed_2026,vwap_gate_limit,2026-05-08,2,0.0,0.0,0.0
observed_2026,vwap_gate_limit,2026-05-11,2,0.0,-12.42000000000001,12.42000000000001
observed_2026,vwap_gate_limit,2026-05-12,2,0.0,1.3689473684210576,-1.3689473684210576
observed_2026,vwap_gate_limit,2026-05-13,2,-0.05160506863781758,-12.420000000000021,12.368394931362204
observed_2026,vwap_gate_limit,2026-05-14,2,0.0,15.876793437733003,-15.876793437733003
observed_2026,vwap_gate_limit,2026-05-15,2,0.0,-8.806400784570124,8.806400784570124
observed_2026,vwap_gate_limit,2026-05-18,2,11.873773784355166,8.245063207606638,3.628710576748528
observed_2026,vwap_gate_limit,2026-05-19,2,-12.42000000000001,-12.420000000000021,1.0658141036401503e-14
observed_2026,vwap_gate_limit,2026-05-20,2,0.0,-6.210000000000005,6.210000000000005
observed_2026,vwap_gate_limit,2026-05-21,2,0.0,0.0,0.0
observed_2026,vwap_gate_limit,2026-05-22,2,0.0,18.78416776576099,-18.78416776576099
observed_2026,vwap_gate_limit,2026-05-25,2,0.0,0.0,0.0
observed_2026,vwap_gate_limit,2026-05-26,2,0.0,0.0,0.0
observed_2026,vwap_gate_limit,2026-05-27,2,0.0,-6.209999999999995,6.209999999999995
observed_2026,vwap_gate_limit,2026-05-28,2,-6.210000000000016,-16.969872122762165,10.75987212276215
observed_2026,vwap_gate_limit,2026-05-29,2,0.0,0.0,0.0
observed_2026,vwap_gate_limit,2026-06-01,2,0.0,0.0,0.0
observed_2026,vwap_gate_limit,2026-06-02,2,-6.210000000000005,-6.9799368904188155,0.7699368904188102
observed_2026,vwap_gate_limit,2026-06-03,2,0.0,4.9927027027026885,-4.9927027027026885
observed_2026,vwap_gate_limit,2026-06-04,2,-6.210000000000005,-6.210000000000005,0.0
observed_2026,vwap_gate_limit,2026-06-05,2,-6.210000000000005,-6.210000000000005,0.0
observed_2026,vwap_gate_limit,2026-06-08,2,0.0,1.8034228187919323,-1.8034228187919323
observed_2026,vwap_gate_limit,2026-06-09,2,0.0,33.147141861273425,-33.147141861273425
observed_2026,vwap_gate_limit,2026-06-10,2,-6.210000000000005,-6.210000000000005,0.0
observed_2026,vwap_gate_limit,2026-06-11,2,0.0,0.0,0.0
observed_2026,vwap_gate_limit,2026-06-12,2,-6.210000000000005,-6.358507465101527,0.14850746510152213
observed_2026,vwap_gate_limit,2026-06-15,2,0.0,37.70640637369715,-37.70640637369715
observed_2026,vwap_gate_limit,2026-06-16,2,0.0,0.0,0.0
observed_2026,vwap_gate_limit,2026-06-17,2,0.0,0.0,0.0
observed_2026,vwap_gate_limit,2026-06-18,2,0.0,6.16412127297574,-6.16412127297574
observed_2026,vwap_gate_limit,2026-06-22,2,-3.9054662104362823,-7.608191580580627,3.7027253701443446
observed_2026,vwap_gate_limit,2026-06-23,2,0.0,-12.42000000000001,12.42000000000001
observed_2026,vwap_gate_limit,2026-06-24,2,-6.209999999999995,-12.420000000000021,6.210000000000027
observed_2026,vwap_gate_limit,2026-06-25,2,0.0,14.58242241031844,-14.58242241031844
observed_2026,vwap_gate_limit,2026-06-26,2,0.0,-8.597596899224804,8.597596899224804
observed_2026,vwap_gate_limit,2026-06-29,2,22.201139819409764,17.801536903554126,4.399602915855638
observed_2026,vwap_gate_limit,2026-06-30,2,0.0,-7.675495608531992,7.675495608531992
observed_2026,vwap_gate_limit,2026-07-01,2,0.0,-6.210000000000005,6.210000000000005
observed_2026,vwap_gate_limit,2026-07-02,2,0.0,0.0,0.0
observed_2026,vwap_gate_limit,2026-07-03,2,0.0,0.0,0.0
observed_2026,vwap_gate_limit,2026-07-06,2,-6.210000000000005,-6.210000000000005,0.0
observed_2026,vwap_gate_limit,2026-07-07,2,0.0,-6.209999999999995,6.209999999999995
observed_2026,vwap_gate_limit,2026-07-08,2,0.0,0.0,0.0
observed_2026,vwap_gate_limit,2026-07-09,2,0.0,0.0,0.0
observed_2026,vwap_gate_limit,2026-07-10,2,0.0,-22.43858544140423,22.43858544140423
observed_2026,vwap_gate_limit,2026-07-13,2,0.0,-6.210000000000005,6.210000000000005
observed_2026,vwap_gate_limit,2026-07-14,2,0.0,0.0,0.0
observed_2026,vwap_gate_limit,2026-07-15,2,-6.210000000000005,-12.42000000000001,6.210000000000005
observed_2026,vwap_gate_limit,2026-07-16,2,0.0,0.0,0.0
observed_2026,vwap_gate_limit,2026-07-17,2,0.0,0.0,0.0
observed_2026,vwap_gate_limit,2026-07-20,2,0.0,0.0,0.0
observed_2026,vwap_gate_limit,2026-07-21,2,0.0,0.0,0.0
observed_2026,vwap_gate_limit,2026-07-22,2,0.0,0.0,0.0
observed_2026,vwap_gate_limit,2026-07-23,2,0.0,0.0,0.0
observed_2026,vwap_gate_limit,2026-07-24,2,0.0,0.0,0.0
observed_2026,vwap_gate_limit,2026-07-27,2,0.0,-6.210000000000016,6.210000000000016
observed_2026,vwap_gate_limit,2026-07-28,2,0.0,0.0,0.0
observed_2026,vwap_gate_limit,2026-07-29,2,0.0,0.0,0.0
observed_2026,vwap_gate_limit,2026-07-30,2,0.0,0.0,0.0
observed_2026,vwap_gate_limit,2026-07-31,2,5.3793944822644315,6.04781327797199,-0.6684187957075585
observed_2026,vwap_gate_limit,2026-08-03,2,0.0,0.0,0.0
observed_2026,vwap_gate_limit,2026-08-04,2,0.0,0.0,0.0
observed_2026,vwap_gate_limit,2026-08-05,2,0.0,0.0,0.0
observed_2026,vwap_gate_limit,2026-08-06,2,0.0,0.0,0.0
observed_2026,vwap_gate_limit,2026-08-07,2,0.0,-1.484944134078205,1.484944134078205
observed_2026,vwap_gate_limit,2026-08-10,2,-2.7068789013732895,-4.629582119917177,1.9227032185438873
observed_2026,vwap_gate_limit,2026-08-11,2,0.0,-0.2285185185185177,0.2285185185185177
observed_2026,vwap_gate_limit,2026-08-12,2,0.0,-4.73083202511775,4.73083202511775
observed_2026,vwap_gate_limit,2026-08-13,2,0.0,0.0,0.0
observed_2026,vwap_gate_limit,2026-08-14,2,12.003136375626509,8.365803981623275,3.6373323940032343
observed_2026,vwap_gate_limit,2026-08-17,2,-6.210000000000005,-12.42000000000001,6.210000000000005
observed_2026,vwap_gate_limit,2026-08-18,2,0.0,0.0,0.0
observed_2026,vwap_gate_limit,2026-08-19,2,-6.210000000000005,-7.837118644067787,1.6271186440677816
observed_2026,vwap_gate_limit,2026-08-20,2,3.5219316688567694,4.960360151714325,-1.4384284828575558
observed_2026,vwap_gate_limit,2026-08-21,2,0.0,0.0,0.0
observed_2026,vwap_gate_limit,2026-08-24,2,0.0,0.0,0.0
observed_2026,vwap_gate_limit,2026-08-25,2,0.0,-3.169641255605383,3.169641255605383
observed_2026,vwap_gate_limit,2026-08-26,2,0.0,4.002983548243665,-4.002983548243665
observed_2026,vwap_gate_limit,2026-08-27,2,-12.42000000000001,-12.907997686300977,0.4879976863009663
observed_2026,vwap_gate_limit,2026-08-28,2,-3.1392107404393808,-3.1392107404393808,0.0
observed_2026,vwap_gate_limit,2026-08-31,2,0.0,-5.695362318840582,5.695362318840582
observed_2026,vwap_gate_limit,2026-09-01,2,2.5982409733271687,2.5982409733271687,0.0
observed_2026,vwap_gate_limit,2026-09-02,2,0.0,-1.9381728172817145,1.9381728172817145
observed_2026,vwap_gate_limit,2026-09-03,2,1.29163024365738,11.137534194451046,-9.845903950793666
observed_2026,vwap_gate_limit,2026-09-04,2,0.0,-12.42,12.42
observed_2026,vwap_gate_limit,2026-09-07,2,6.65607749830046,4.188027304905871,2.468050193394589
observed_2026,vwap_gate_limit,2026-09-08,2,0.0,-9.857647784517345,9.857647784517345
observed_2026,vwap_gate_limit,2026-09-09,2,-6.210000000000005,-6.210000000000016,1.0658141036401503e-14
observed_2026,vwap_gate_limit,2026-09-10,2,0.0,0.0,0.0
observed_2026,vwap_gate_limit,2026-09-11,2,0.0,2.5215914489311144,-2.5215914489311144
observed_2026,vwap_gate_limit,2026-09-14,2,3.781596638655448,4.237436601188603,-0.4558399625331546
observed_2026,vwap_gate_limit,2026-09-15,2,0.0,0.0,0.0
observed_2026,vwap_gate_limit,2026-09-16,2,0.0,18.638102179632952,-18.638102179632952
observed_2026,vwap_gate_limit,2026-09-17,2,0.0,0.0,0.0
observed_2026,vwap_gate_limit,2026-09-18,2,0.0,-3.5015360501567403,3.5015360501567403
observed_2026,vwap_gate_limit,2026-09-21,2,0.0,0.0,0.0
observed_2026,vwap_gate_limit,2026-09-22,2,0.0,19.242736318407957,-19.242736318407957
observed_2026,vwap_gate_limit,2026-09-23,2,0.0,-3.0782170542635776,3.0782170542635776
observed_2026,vwap_gate_limit_one_tick,2026-01-05,2,7.526669011849894,2.8658440850445084,4.660824926805385
observed_2026,vwap_gate_limit_one_tick,2026-01-06,2,0.0,8.656408806902725,-8.656408806902725
observed_2026,vwap_gate_limit_one_tick,2026-01-07,2,0.0,0.0,0.0
observed_2026,vwap_gate_limit_one_tick,2026-01-08,2,0.0,1.7901705101582825,-1.7901705101582825
observed_2026,vwap_gate_limit_one_tick,2026-01-09,2,-2.5304766384446573,-3.488062827225126,0.9575861887804686
observed_2026,vwap_gate_limit_one_tick,2026-01-12,2,-7.244082668600428,-2.168843366053977,-5.075239302546451
observed_2026,vwap_gate_limit_one_tick,2026-01-13,2,0.0,2.741219512195147,-2.741219512195147
observed_2026,vwap_gate_limit_one_tick,2026-01-14,2,13.147753357753354,11.082256053704164,2.06549730404919
observed_2026,vwap_gate_limit_one_tick,2026-01-15,2,0.0,-9.30990825688073,9.30990825688073
observed_2026,vwap_gate_limit_one_tick,2026-01-16,2,0.0,-8.978922558922555,8.978922558922555
observed_2026,vwap_gate_limit_one_tick,2026-01-19,2,0.0,0.021347270615555303,-0.021347270615555303
observed_2026,vwap_gate_limit_one_tick,2026-01-20,2,0.0,0.0,0.0
observed_2026,vwap_gate_limit_one_tick,2026-01-21,2,4.22357284818835,5.630107939553828,-1.4065350913654786
observed_2026,vwap_gate_limit_one_tick,2026-01-22,2,0.0,-3.612646502835527,3.612646502835527
observed_2026,vwap_gate_limit_one_tick,2026-01-23,2,0.0,-8.37127784880111,8.37127784880111
observed_2026,vwap_gate_limit_one_tick,2026-01-26,2,0.0,-8.22967238689545,8.22967238689545
observed_2026,vwap_gate_limit_one_tick,2026-01-27,2,-6.209999999999995,-3.3726488513830217,-2.837351148616973
observed_2026,vwap_gate_limit_one_tick,2026-01-28,2,0.0,13.655546218487412,-13.655546218487412
observed_2026,vwap_gate_limit_one_tick,2026-01-29,2,-6.210000000000005,-5.213242156074018,-0.9967578439259874
observed_2026,vwap_gate_limit_one_tick,2026-01-30,2,0.0,-5.761238471673271,5.761238471673271
observed_2026,vwap_gate_limit_one_tick,2026-02-02,2,0.0,10.948992968927193,-10.948992968927193
observed_2026,vwap_gate_limit_one_tick,2026-02-03,2,0.0,13.562917788095394,-13.562917788095394
observed_2026,vwap_gate_limit_one_tick,2026-02-04,2,0.0,0.0,0.0
observed_2026,vwap_gate_limit_one_tick,2026-02-05,2,0.0,0.0,0.0
observed_2026,vwap_gate_limit_one_tick,2026-02-06,2,3.3106258890469356,-12.42000000000001,15.730625889046946
observed_2026,vwap_gate_limit_one_tick,2026-02-09,2,-5.814121227987059,-12.42000000000001,6.605878772012952
observed_2026,vwap_gate_limit_one_tick,2026-02-10,2,0.0,1.4750490196078427,-1.4750490196078427
observed_2026,vwap_gate_limit_one_tick,2026-02-11,2,0.0,0.0,0.0
observed_2026,vwap_gate_limit_one_tick,2026-02-12,2,-12.42000000000001,2.658404401650613,-15.078404401650623
observed_2026,vwap_gate_limit_one_tick,2026-02-13,2,2.498333333333335,1.4919082001031416,1.0064251332301932
observed_2026,vwap_gate_limit_one_tick,2026-02-24,2,0.0,30.825985870263303,-30.825985870263303
observed_2026,vwap_gate_limit_one_tick,2026-02-25,2,0.0,0.0,0.0
observed_2026,vwap_gate_limit_one_tick,2026-02-26,2,0.0,-6.210000000000005,6.210000000000005
observed_2026,vwap_gate_limit_one_tick,2026-02-27,2,0.0,0.0,0.0
observed_2026,vwap_gate_limit_one_tick,2026-03-02,2,0.18192631785223143,-1.690769230769241,1.8726955486214725
observed_2026,vwap_gate_limit_one_tick,2026-03-03,2,0.0,0.0,0.0
observed_2026,vwap_gate_limit_one_tick,2026-03-04,2,0.0,0.0,0.0
observed_2026,vwap_gate_limit_one_tick,2026-03-05,2,0.0,0.0,0.0
observed_2026,vwap_gate_limit_one_tick,2026-03-06,2,0.0,0.0,0.0
observed_2026,vwap_gate_limit_one_tick,2026-03-09,2,0.0,0.0,0.0
observed_2026,vwap_gate_limit_one_tick,2026-03-10,2,0.0,-12.42000000000001,12.42000000000001
observed_2026,vwap_gate_limit_one_tick,2026-03-11,2,0.0,0.0,0.0
observed_2026,vwap_gate_limit_one_tick,2026-03-12,2,0.0,0.0,0.0
observed_2026,vwap_gate_limit_one_tick,2026-03-13,2,-6.209999999999995,-12.41999999999999,6.209999999999995
observed_2026,vwap_gate_limit_one_tick,2026-03-16,2,0.0,-1.8826561305123741,1.8826561305123741
observed_2026,vwap_gate_limit_one_tick,2026-03-17,2,0.0,0.0,0.0
observed_2026,vwap_gate_limit_one_tick,2026-03-18,2,0.0,4.772206405693934,-4.772206405693934
observed_2026,vwap_gate_limit_one_tick,2026-03-19,2,0.0,0.0,0.0
observed_2026,vwap_gate_limit_one_tick,2026-03-20,2,0.0,0.0,0.0
observed_2026,vwap_gate_limit_one_tick,2026-03-23,2,0.0,0.0,0.0
observed_2026,vwap_gate_limit_one_tick,2026-03-24,2,0.0,2.635318158303156,-2.635318158303156
observed_2026,vwap_gate_limit_one_tick,2026-03-25,2,0.0,0.0,0.0
observed_2026,vwap_gate_limit_one_tick,2026-03-26,2,0.0,11.659784123042957,-11.659784123042957
observed_2026,vwap_gate_limit_one_tick,2026-03-27,2,0.0,0.0,0.0
observed_2026,vwap_gate_limit_one_tick,2026-03-30,2,0.0,-8.5015752461322,8.5015752461322
observed_2026,vwap_gate_limit_one_tick,2026-03-31,2,0.0,-2.7267229617855557,2.7267229617855557
observed_2026,vwap_gate_limit_one_tick,2026-04-01,2,-6.714406280667319,-12.663985281630332,5.949579000963013
observed_2026,vwap_gate_limit_one_tick,2026-04-02,2,0.0,0.0,0.0
observed_2026,vwap_gate_limit_one_tick,2026-04-03,2,0.0,0.0,0.0
observed_2026,vwap_gate_limit_one_tick,2026-04-07,2,0.0,-4.0895105399103695,4.0895105399103695
observed_2026,vwap_gate_limit_one_tick,2026-04-08,2,0.0,2.586556284031558,-2.586556284031558
observed_2026,vwap_gate_limit_one_tick,2026-04-09,2,0.0,0.0,0.0
observed_2026,vwap_gate_limit_one_tick,2026-04-10,2,0.0,0.0,0.0
observed_2026,vwap_gate_limit_one_tick,2026-04-13,2,-1.0501453224341604,-5.567888095209141,4.51774277277498
observed_2026,vwap_gate_limit_one_tick,2026-04-14,2,0.0,-8.310189018901895,8.310189018901895
observed_2026,vwap_gate_limit_one_tick,2026-04-15,2,0.0,-1.062272727272707,1.062272727272707
observed_2026,vwap_gate_limit_one_tick,2026-04-16,2,18.68226100151746,15.390904013079538,3.291356988437922
observed_2026,vwap_gate_limit_one_tick,2026-04-17,2,22.241052052965824,22.241052052965824,0.0
observed_2026,vwap_gate_limit_one_tick,2026-04-20,2,-6.210000000000005,-6.210000000000005,0.0
observed_2026,vwap_gate_limit_one_tick,2026-04-21,2,0.0,-12.420000000000021,12.420000000000021
observed_2026,vwap_gate_limit_one_tick,2026-04-22,2,-2.2357322748425954,-5.651689896142999,3.4159576213004037
observed_2026,vwap_gate_limit_one_tick,2026-04-23,2,0.0,0.0,0.0
observed_2026,vwap_gate_limit_one_tick,2026-04-24,2,0.0,-0.35887282007655097,0.35887282007655097
observed_2026,vwap_gate_limit_one_tick,2026-04-27,2,3.915310173697283,2.4548926424277058,1.4604175312695773
observed_2026,vwap_gate_limit_one_tick,2026-04-28,2,0.0,-1.0385862247540132,1.0385862247540132
observed_2026,vwap_gate_limit_one_tick,2026-04-29,2,0.0,23.15404099811453,-23.15404099811453
observed_2026,vwap_gate_limit_one_tick,2026-04-30,2,0.0,5.21653222067686,-5.21653222067686
observed_2026,vwap_gate_limit_one_tick,2026-05-06,2,-6.210000000000005,-10.931430305482506,4.7214303054825
observed_2026,vwap_gate_limit_one_tick,2026-05-07,2,0.0,16.050347180528156,-16.050347180528156
observed_2026,vwap_gate_limit_one_tick,2026-05-08,2,0.0,0.0,0.0
observed_2026,vwap_gate_limit_one_tick,2026-05-11,2,0.0,-12.42000000000001,12.42000000000001
observed_2026,vwap_gate_limit_one_tick,2026-05-12,2,0.0,1.3689473684210576,-1.3689473684210576
observed_2026,vwap_gate_limit_one_tick,2026-05-13,2,-0.05160506863781758,-12.420000000000021,12.368394931362204
observed_2026,vwap_gate_limit_one_tick,2026-05-14,2,0.0,15.876793437733003,-15.876793437733003
observed_2026,vwap_gate_limit_one_tick,2026-05-15,2,0.0,-8.806400784570124,8.806400784570124
observed_2026,vwap_gate_limit_one_tick,2026-05-18,2,11.873773784355166,8.245063207606638,3.628710576748528
observed_2026,vwap_gate_limit_one_tick,2026-05-19,2,-12.42000000000001,-12.420000000000021,1.0658141036401503e-14
observed_2026,vwap_gate_limit_one_tick,2026-05-20,2,0.0,-6.210000000000005,6.210000000000005
observed_2026,vwap_gate_limit_one_tick,2026-05-21,2,0.0,0.0,0.0
observed_2026,vwap_gate_limit_one_tick,2026-05-22,2,0.0,18.78416776576099,-18.78416776576099
observed_2026,vwap_gate_limit_one_tick,2026-05-25,2,0.0,0.0,0.0
observed_2026,vwap_gate_limit_one_tick,2026-05-26,2,0.0,0.0,0.0
observed_2026,vwap_gate_limit_one_tick,2026-05-27,2,0.0,-6.209999999999995,6.209999999999995
observed_2026,vwap_gate_limit_one_tick,2026-05-28,2,-6.210000000000016,-16.969872122762165,10.75987212276215
observed_2026,vwap_gate_limit_one_tick,2026-05-29,2,0.0,0.0,0.0
observed_2026,vwap_gate_limit_one_tick,2026-06-01,2,0.0,0.0,0.0
observed_2026,vwap_gate_limit_one_tick,2026-06-02,2,-6.210000000000005,-6.9799368904188155,0.7699368904188102
observed_2026,vwap_gate_limit_one_tick,2026-06-03,2,0.0,4.9927027027026885,-4.9927027027026885
observed_2026,vwap_gate_limit_one_tick,2026-06-04,2,-6.210000000000005,-6.210000000000005,0.0
observed_2026,vwap_gate_limit_one_tick,2026-06-05,2,-6.210000000000005,-6.210000000000005,0.0
observed_2026,vwap_gate_limit_one_tick,2026-06-08,2,0.0,1.8034228187919323,-1.8034228187919323
observed_2026,vwap_gate_limit_one_tick,2026-06-09,2,0.0,33.147141861273425,-33.147141861273425
observed_2026,vwap_gate_limit_one_tick,2026-06-10,2,-6.210000000000005,-6.210000000000005,0.0
observed_2026,vwap_gate_limit_one_tick,2026-06-11,2,0.0,0.0,0.0
observed_2026,vwap_gate_limit_one_tick,2026-06-12,2,-6.210000000000005,-6.358507465101527,0.14850746510152213
observed_2026,vwap_gate_limit_one_tick,2026-06-15,2,0.0,37.70640637369715,-37.70640637369715
observed_2026,vwap_gate_limit_one_tick,2026-06-16,2,0.0,0.0,0.0
observed_2026,vwap_gate_limit_one_tick,2026-06-17,2,0.0,0.0,0.0
observed_2026,vwap_gate_limit_one_tick,2026-06-18,2,0.0,6.16412127297574,-6.16412127297574
observed_2026,vwap_gate_limit_one_tick,2026-06-22,2,-3.9054662104362823,-7.608191580580627,3.7027253701443446
observed_2026,vwap_gate_limit_one_tick,2026-06-23,2,0.0,-12.42000000000001,12.42000000000001
observed_2026,vwap_gate_limit_one_tick,2026-06-24,2,-6.209999999999995,-12.420000000000021,6.210000000000027
observed_2026,vwap_gate_limit_one_tick,2026-06-25,2,0.0,14.58242241031844,-14.58242241031844
observed_2026,vwap_gate_limit_one_tick,2026-06-26,2,0.0,-8.597596899224804,8.597596899224804
observed_2026,vwap_gate_limit_one_tick,2026-06-29,2,22.201139819409764,17.801536903554126,4.399602915855638
observed_2026,vwap_gate_limit_one_tick,2026-06-30,2,0.0,-7.675495608531992,7.675495608531992
observed_2026,vwap_gate_limit_one_tick,2026-07-01,2,0.0,-6.210000000000005,6.210000000000005
observed_2026,vwap_gate_limit_one_tick,2026-07-02,2,0.0,0.0,0.0
observed_2026,vwap_gate_limit_one_tick,2026-07-03,2,0.0,0.0,0.0
observed_2026,vwap_gate_limit_one_tick,2026-07-06,2,-6.210000000000005,-6.210000000000005,0.0
observed_2026,vwap_gate_limit_one_tick,2026-07-07,2,0.0,-6.209999999999995,6.209999999999995
observed_2026,vwap_gate_limit_one_tick,2026-07-08,2,0.0,0.0,0.0
observed_2026,vwap_gate_limit_one_tick,2026-07-09,2,0.0,0.0,0.0
observed_2026,vwap_gate_limit_one_tick,2026-07-10,2,0.0,-22.43858544140423,22.43858544140423
observed_2026,vwap_gate_limit_one_tick,2026-07-13,2,0.0,-6.210000000000005,6.210000000000005
observed_2026,vwap_gate_limit_one_tick,2026-07-14,2,0.0,0.0,0.0
observed_2026,vwap_gate_limit_one_tick,2026-07-15,2,-6.210000000000005,-12.42000000000001,6.210000000000005
observed_2026,vwap_gate_limit_one_tick,2026-07-16,2,0.0,0.0,0.0
observed_2026,vwap_gate_limit_one_tick,2026-07-17,2,0.0,0.0,0.0
observed_2026,vwap_gate_limit_one_tick,2026-07-20,2,0.0,0.0,0.0
observed_2026,vwap_gate_limit_one_tick,2026-07-21,2,0.0,0.0,0.0
observed_2026,vwap_gate_limit_one_tick,2026-07-22,2,0.0,0.0,0.0
observed_2026,vwap_gate_limit_one_tick,2026-07-23,2,0.0,0.0,0.0
observed_2026,vwap_gate_limit_one_tick,2026-07-24,2,0.0,0.0,0.0
observed_2026,vwap_gate_limit_one_tick,2026-07-27,2,0.0,-6.210000000000016,6.210000000000016
observed_2026,vwap_gate_limit_one_tick,2026-07-28,2,0.0,0.0,0.0
observed_2026,vwap_gate_limit_one_tick,2026-07-29,2,0.0,0.0,0.0
observed_2026,vwap_gate_limit_one_tick,2026-07-30,2,0.0,0.0,0.0
observed_2026,vwap_gate_limit_one_tick,2026-07-31,2,5.3793944822644315,6.04781327797199,-0.6684187957075585
observed_2026,vwap_gate_limit_one_tick,2026-08-03,2,0.0,0.0,0.0
observed_2026,vwap_gate_limit_one_tick,2026-08-04,2,0.0,0.0,0.0
observed_2026,vwap_gate_limit_one_tick,2026-08-05,2,0.0,0.0,0.0
observed_2026,vwap_gate_limit_one_tick,2026-08-06,2,0.0,0.0,0.0
observed_2026,vwap_gate_limit_one_tick,2026-08-07,2,0.0,-1.484944134078205,1.484944134078205
observed_2026,vwap_gate_limit_one_tick,2026-08-10,2,-2.7068789013732895,-4.629582119917177,1.9227032185438873
observed_2026,vwap_gate_limit_one_tick,2026-08-11,2,0.0,-0.2285185185185177,0.2285185185185177
observed_2026,vwap_gate_limit_one_tick,2026-08-12,2,0.0,-4.73083202511775,4.73083202511775
observed_2026,vwap_gate_limit_one_tick,2026-08-13,2,0.0,0.0,0.0
observed_2026,vwap_gate_limit_one_tick,2026-08-14,2,12.003136375626509,8.365803981623275,3.6373323940032343
observed_2026,vwap_gate_limit_one_tick,2026-08-17,2,0.0,-12.42000000000001,12.42000000000001
observed_2026,vwap_gate_limit_one_tick,2026-08-18,2,0.0,0.0,0.0
observed_2026,vwap_gate_limit_one_tick,2026-08-19,2,-6.210000000000005,-7.837118644067787,1.6271186440677816
observed_2026,vwap_gate_limit_one_tick,2026-08-20,2,3.5219316688567694,4.960360151714325,-1.4384284828575558
observed_2026,vwap_gate_limit_one_tick,2026-08-21,2,0.0,0.0,0.0
observed_2026,vwap_gate_limit_one_tick,2026-08-24,2,0.0,0.0,0.0
observed_2026,vwap_gate_limit_one_tick,2026-08-25,2,0.0,-3.169641255605383,3.169641255605383
observed_2026,vwap_gate_limit_one_tick,2026-08-26,2,0.0,4.002983548243665,-4.002983548243665
observed_2026,vwap_gate_limit_one_tick,2026-08-27,2,-12.42000000000001,-12.907997686300977,0.4879976863009663
observed_2026,vwap_gate_limit_one_tick,2026-08-28,2,-3.1392107404393808,-3.1392107404393808,0.0
observed_2026,vwap_gate_limit_one_tick,2026-08-31,2,0.0,-5.695362318840582,5.695362318840582
observed_2026,vwap_gate_limit_one_tick,2026-09-01,2,2.5982409733271687,2.5982409733271687,0.0
observed_2026,vwap_gate_limit_one_tick,2026-09-02,2,0.0,-1.9381728172817145,1.9381728172817145
observed_2026,vwap_gate_limit_one_tick,2026-09-03,2,1.29163024365738,11.137534194451046,-9.845903950793666
observed_2026,vwap_gate_limit_one_tick,2026-09-04,2,0.0,-12.42,12.42
observed_2026,vwap_gate_limit_one_tick,2026-09-07,2,6.65607749830046,4.188027304905871,2.468050193394589
observed_2026,vwap_gate_limit_one_tick,2026-09-08,2,0.0,-9.857647784517345,9.857647784517345
observed_2026,vwap_gate_limit_one_tick,2026-09-09,2,-6.210000000000005,-6.210000000000016,1.0658141036401503e-14
observed_2026,vwap_gate_limit_one_tick,2026-09-10,2,0.0,0.0,0.0
observed_2026,vwap_gate_limit_one_tick,2026-09-11,2,0.0,2.5215914489311144,-2.5215914489311144
observed_2026,vwap_gate_limit_one_tick,2026-09-14,2,3.781596638655448,4.237436601188603,-0.4558399625331546
observed_2026,vwap_gate_limit_one_tick,2026-09-15,2,0.0,0.0,0.0
observed_2026,vwap_gate_limit_one_tick,2026-09-16,2,0.0,18.638102179632952,-18.638102179632952
observed_2026,vwap_gate_limit_one_tick,2026-09-17,2,0.0,0.0,0.0
observed_2026,vwap_gate_limit_one_tick,2026-09-18,2,0.0,-3.5015360501567403,3.5015360501567403
observed_2026,vwap_gate_limit_one_tick,2026-09-21,2,0.0,0.0,0.0
observed_2026,vwap_gate_limit_one_tick,2026-09-22,2,0.0,19.242736318407957,-19.242736318407957
observed_2026,vwap_gate_limit_one_tick,2026-09-23,2,0.0,-3.0782170542635776,3.0782170542635776
