signal_date,code,row,col,score,setup_id,entry_date,entry_open_raw,entry_factor,opening_structure_risk_pct,old_gate_group,status,capital_weight,weighted_net_pct
2026-01-05,300838,727,743,88.5235,,2026-01-06,16.72,1.0750147469316,,original_control,filled,1.0,-6.210000000000005
2026-01-05,301257,727,1114,79.4891,,2026-01-06,55.03,1.321929908889,,original_control,filled,1.0,9.075844085044514
2026-01-06,300855,728,760,70.6355,,2026-01-07,33.61,2.0238492239497,,original_control,filled,1.0,8.656408806902725
2026-01-08,300699,730,616,79.5514,,2026-01-09,41.73,2.4519881313045,,original_control,filled,1.0,-2.390685358255441
2026-01-08,300751,730,661,69.6521,,2026-01-09,215.22,4.8334384671798,,original_control,filled,1.0,4.180855868413723
2026-01-09,300846,731,751,82.5815,,2026-01-12,25.28,1.0015918497294,,original_control,filled,1.0,-6.210000000000016
2026-01-09,301280,731,1134,78.3104,,2026-01-12,57.3,2.2409713965371,,original_control,filled,1.0,2.72193717277489
2026-01-12,301662,732,1345,83.5762,,2026-01-13,145.91,1.0126566257436,,original_control,filled,1.0,10.810492084161492
2026-01-12,301002,732,900,79.8894,,2026-01-13,44.09,1.36923881105,,original_control,filled,1.0,-12.97933545021547
2026-01-13,300827,733,733,62.1534,,2026-01-14,41.0,6.558203540380001,,original_control,filled,1.0,2.7412195121951246
2026-01-14,300844,734,749,76.0205,,2026-01-15,41.71,2.24,,original_control,filled,1.0,11.082256053704164
2026-01-15,300236,735,199,82.2844,,2026-01-16,89.16,2.5931282130535,,original_control,filled,1.0,-6.210000000000005
2026-01-15,301083,735,974,75.5,,2026-01-16,21.8,1.0205107673432,,original_control,filled,1.0,-3.0999082568807244
2026-01-16,300903,736,807,73.3802,,2026-01-19,23.05,1.8111830713526,,original_control,filled,1.0,-6.210000000000005
2026-01-16,300611,736,530,67.7705,,2026-01-19,29.7,2.0974612489623,,original_control,filled,1.0,-2.7689225589225495
2026-01-19,300234,737,197,81.4952,,2026-01-20,6.15,6.3014011491785995,,original_control,filled,1.0,1.4160162601626105
2026-01-19,300314,737,265,63.7467,,2026-01-20,14.35,3.9663617914402,,original_control,filled,1.0,-1.394668989547033
2026-01-21,300836,739,741,80.0309,,2026-01-22,68.22,1.9209268633365,,original_control,filled,1.0,-0.07807387862797202
2026-01-21,300757,739,666,71.403,,2026-01-22,330.0,1.8463786132187,,original_control,filled,1.0,5.7081818181818
2026-01-22,300072,740,60,59.0352,,2026-01-23,5.29,20.4388533483013,,original_control,filled,1.0,-3.612646502835527
2026-01-23,300433,741,363,60.1476,,2026-01-26,42.1,6.0681794702231,,original_control,filled,1.0,-8.642304038004758
2026-01-23,300389,741,325,48.6562,,2026-01-26,18.71,5.0055640647242,,original_control,filled,1.0,0.2710261892036483
2026-01-26,301281,742,1135,59.4784,,2026-01-27,32.05,1.4393284397809,,original_control,filled,1.0,-2.0196723868954556
2026-01-26,301331,742,1181,47.5859,,2026-01-27,30.85,1.5820467016142,,original_control,filled,1.0,-6.209999999999995
2026-01-27,300854,743,759,83.6949,,2026-01-28,21.33,1.028428200335,,original_control,filled,1.0,2.8373511486169836
2026-01-27,301486,743,1249,79.2504,,2026-01-28,174.58,1.0157355094415,,original_control,filled,1.0,-6.210000000000005
2026-01-28,300189,744,158,45.0616,,2026-01-29,7.14,6.5219770954633,,original_control,filled,1.0,13.655546218487412
2026-01-29,300737,745,649,87.5615,,2026-01-30,7.29,1.9962181391884,,original_control,filled,1.0,-6.210000000000005
2026-01-29,300654,745,571,62.6424,,2026-01-30,12.43,3.4898170684944,,original_control,filled,1.0,0.9967578439259874
2026-01-30,300614,746,533,70.6684,,2026-02-02,15.18,1.0035292430736,,original_control,filled,1.0,0.44876152832673455
2026-01-30,301062,746,955,61.4214,,2026-02-02,10.16,1.0258598206523,,original_control,filled,1.0,-6.210000000000005
2026-02-02,300617,747,536,37.1601,,2026-02-03,44.09,2.1343985080828,,original_control,filled,1.0,10.948992968927193
2026-02-03,300775,748,683,78.0932,,2026-02-04,43.36,1.0289167578113,,original_control,filled,1.0,3.111033210332103
2026-02-03,300943,748,844,64.782,,2026-02-04,30.67,1.5559795173954,,original_control,filled,1.0,10.451884577763291
2026-02-06,300617,751,536,54.0338,,2026-02-09,49.58,2.1343985080828,,original_control,filled,1.0,-6.210000000000005
2026-02-06,301292,751,1145,49.7097,,2026-02-09,58.31,1.0,,original_control,filled,1.0,-6.210000000000005
2026-02-09,300620,752,539,73.8675,,2026-02-10,185.51,2.3345615021431,,original_control,filled,1.0,-6.210000000000005
2026-02-09,300179,752,149,62.2375,,2026-02-10,20.92,7.1762513597537,,original_control,filled,1.0,-6.210000000000005
2026-02-10,300877,753,781,73.0073,,2026-02-11,32.64,1.0421182387523,,original_control,filled,1.0,1.4750490196078427
2026-02-12,301120,755,1006,79.6972,,2026-02-13,21.81,1.5363264395947,,original_control,filled,1.0,8.868404401650618
2026-02-12,300570,755,491,78.4033,,2026-02-13,153.33,2.0494900081431,,original_control,filled,1.0,-6.210000000000005
2026-02-13,300424,756,356,53.1148,,2026-02-24,19.39,1.8276691013223,,original_control,filled,1.0,1.4919082001031416
2026-02-24,300483,757,409,78.0519,,2026-02-25,17.88,1.8129169993154,,original_control,filled,1.0,16.45666666666665
2026-02-24,300875,757,779,77.0626,,2026-02-25,46.71,1.3138193492727,,original_control,filled,1.0,14.369319203596651
2026-02-26,301252,759,1111,84.7566,,2026-02-27,40.9,2.1564086656342,,original_control,filled,1.0,-6.210000000000005
2026-03-02,300875,761,779,90.5209,,2026-03-03,52.0,1.3138193492727,,original_control,filled,1.0,-1.690769230769241
2026-03-10,300499,767,424,74.0388,,2026-03-11,41.29,4.1508432483374,,original_control,filled,1.0,-6.210000000000005
2026-03-10,300782,767,690,70.281,,2026-03-11,84.51,5.2589422426927,,original_control,filled,1.0,-6.210000000000005
2026-03-13,300387,770,323,47.0345,,2026-03-16,10.33,4.2512316601581,,original_control,filled,1.0,-6.209999999999995
2026-03-13,301092,770,982,36.8468,,2026-03-16,38.8,1.0269821926629,,original_control,filled,1.0,-6.209999999999995
2026-03-16,301176,771,1049,69.686,,2026-03-17,30.01,1.0064629847239,,original_control,filled,1.0,-6.210000000000005
2026-03-16,300939,771,840,69.3989,,2026-03-17,39.23,1.5980179529675,,original_control,filled,1.0,4.327343869487631
2026-03-18,300389,773,325,75.328,,2026-03-19,19.67,5.0055640647242,,original_control,filled,1.0,4.772206405693934
2026-03-24,300531,777,454,62.6152,,2026-03-25,19.33,3.5796883977868994,,original_control,filled,1.0,2.6353181583031784
2026-03-26,301306,779,1157,75.7755,,2026-03-27,144.99,1.0037593984962,,original_control,filled,1.0,11.659784123042957
2026-03-30,300961,781,860,42.7469,,2026-03-31,14.68,1.0037289459921,,original_control,filled,1.0,-6.210000000000005
2026-03-30,300775,781,683,39.6635,,2026-03-31,35.55,1.0289167578113,,original_control,filled,1.0,-2.2915752461321945
2026-03-31,301128,782,1013,72.142,,2026-04-01,150.99,1.4860905996237,,original_control,filled,1.0,-2.7267229617855557
2026-04-01,301396,783,1228,64.4459,,2026-04-02,176.65,1.7079285696853,,original_control,filled,1.0,-6.4539852816303265
2026-04-01,300158,783,131,61.2043,,2026-04-02,6.4,5.892593511858,,original_control,filled,1.0,-6.210000000000005
2026-04-07,300936,786,837,79.0583,,2026-04-08,69.01,1.0499577730583,,original_control,filled,1.0,-6.411999710186945
2026-04-07,300722,786,636,59.3918,,2026-04-08,30.01,3.6606242216003,,original_control,filled,1.0,2.322489170276575
2026-04-08,300857,787,762,66.4353,,2026-04-09,227.0,1.4171605753044998,,original_control,filled,1.0,-6.210000000000016
2026-04-08,301489,787,1252,65.3531,,2026-04-09,179.98,1.4101261666974,,original_control,filled,1.0,8.796556284031574
2026-04-13,300667,790,584,95.3792,,2026-04-14,18.5,2.3408338331195,,original_control,filled,1.0,-3.6694594594594685
2026-04-13,300255,790,216,67.101,,2026-04-14,44.42,7.9322204998455,,original_control,filled,1.0,-1.8984286357496614
2026-04-14,300911,791,815,89.0198,,2026-04-15,33.33,1.8276429787952,,original_control,filled,1.0,-2.100189018901889
2026-04-14,300632,791,550,81.1784,,2026-04-15,18.17,2.1824836901179,,original_control,filled,1.0,-6.210000000000005
2026-04-15,300256,792,217,49.1297,,2026-04-16,3.52,4.5976554632453,,original_control,filled,1.0,-1.062272727272707
2026-04-16,300478,793,404,65.6483,,2026-04-17,26.81,1.9280654765138,,original_control,filled,1.0,16.686680343155544
2026-04-16,300866,793,771,62.093,,2026-04-17,119.73,1.4171189664843,,original_control,filled,1.0,-1.2957763300760048
2026-04-17,300489,794,415,84.732,,2026-04-20,70.26,3.0113855556013,,original_control,filled,1.0,23.71541986905776
2026-04-17,301090,794,980,76.9479,,2026-04-20,8.7,1.0172098272323,,original_control,filled,1.0,-1.474367816091938
2026-04-20,300265,795,225,76.5992,,2026-04-21,21.0,2.6501066015706,,original_control,filled,1.0,-6.210000000000005
2026-04-21,300358,796,301,79.2843,,2026-04-22,10.99,5.4251543229242,,original_control,filled,1.0,-6.210000000000005
2026-04-21,300940,796,841,62.2242,,2026-04-22,24.07,1.6095608976819,,original_control,filled,1.0,-6.210000000000016
2026-04-22,300657,797,574,84.3175,,2026-04-23,37.0,3.4562389327317997,,original_control,filled,1.0,-6.210000000000005
2026-04-22,300857,797,762,81.9696,,2026-04-23,259.01,1.986242102977,,original_control,filled,1.0,0.5583101038570062
2026-04-24,301307,799,1158,73.8639,,2026-04-27,47.02,1.0053859964093,,original_control,filled,1.0,-0.35887282007655097
2026-04-27,300854,800,759,72.9709,,2026-04-28,33.65,1.0284282003350003,,original_control,filled,1.0,-6.210000000000005
2026-04-27,300816,800,722,42.4628,,2026-04-28,69.86,1.0177948337514,,original_control,filled,1.0,8.664892642427711
2026-04-28,300529,801,452,56.466,,2026-04-29,19.31,2.1643199591729,,original_control,filled,1.0,-1.0385862247540132
2026-04-29,301603,802,1323,75.9576,,2026-04-30,111.63,1.0215611253451,,original_control,filled,1.0,19.56962913195379
2026-04-29,301638,802,1342,51.208,,2026-04-30,28.99,1.0,,original_control,filled,1.0,3.5844118661607407
2026-04-30,300762,803,671,64.9806,,2026-05-06,43.14,4.1271650633979,,original_control,filled,1.0,11.426532220676865
2026-04-30,300870,803,775,64.4802,,2026-05-06,410.46,1.0326362697873,,original_control,filled,1.0,-6.210000000000005
2026-05-06,300133,804,109,77.921,,2026-05-07,9.3,25.9689059671988,,original_control,filled,1.0,-6.210000000000005
2026-05-06,300910,804,814,67.289,,2026-05-07,49.43,2.0911582997996,,original_control,filled,1.0,-4.7214303054825
2026-05-07,300709,805,625,46.2701,,2026-05-08,42.72,1.9349259736019,,original_control,filled,1.0,8.966029962546806
2026-05-07,301181,805,1054,43.4536,,2026-05-08,47.16,1.4280374556987,,original_control,filled,1.0,7.08431721798135
2026-05-11,300748,807,658,66.6455,,2026-05-12,37.0,2.7503638157724,,original_control,filled,1.0,-6.210000000000005
2026-05-11,300725,807,639,48.4819,,2026-05-12,40.3,2.6069436773713,,original_control,filled,1.0,-6.210000000000005
2026-05-12,300243,808,205,60.6464,,2026-05-13,19.0,4.5947755411113,,original_control,filled,1.0,1.3689473684210576
2026-05-13,300571,809,492,78.1311,,2026-05-14,66.0,3.0685312418352,,original_control,filled,1.0,-6.210000000000016
2026-05-13,301178,809,1051,75.3093,,2026-05-14,62.46,1.4222806648345,,original_control,filled,1.0,-6.210000000000005
2026-05-14,300721,810,635,57.3539,,2026-05-15,26.82,1.9640101956122,,original_control,filled,1.0,22.086793437733007
2026-05-14,300804,810,710,46.7526,,2026-05-15,51.3,1.0219762331109,,original_control,filled,1.0,-6.210000000000005
2026-05-15,300161,811,134,82.6808,,2026-05-18,40.31,1.5508622657227,,original_control,filled,1.0,-6.210000000000005
2026-05-15,301029,811,926,65.6459,,2026-05-18,30.59,1.5060498184802,,original_control,filled,1.0,-2.5964007845701196
2026-05-18,301302,812,1154,80.7498,,2026-05-19,28.6,1.5,,original_control,filled,1.0,-2.412797202797224
2026-05-18,301682,812,1354,68.179,,2026-05-19,153.02,1.0,,original_control,filled,1.0,10.657860410403861
2026-05-19,301179,813,1052,91.207,,2026-05-20,26.92,3.2445189315104,,original_control,filled,1.0,-6.210000000000005
2026-05-19,300349,813,294,87.2269,,2026-05-20,15.98,6.6561502066942,,original_control,filled,1.0,-6.210000000000016
2026-05-20,300225,814,188,88.3679,,2026-05-21,8.09,7.932799431464899,,original_control,filled,1.0,-6.210000000000005
2026-05-22,300221,816,184,69.59,,2026-05-25,13.38,4.2150054200423,,original_control,filled,1.0,7.5627952167413905
2026-05-22,300868,816,773,46.8065,,2026-05-25,102.0,1.0144142542684,,original_control,filled,1.0,11.221372549019602
2026-05-27,300763,819,672,69.9514,,2026-05-28,119.92,4.5624843083375,,original_control,filled,1.0,-6.209999999999995
2026-05-28,300566,820,487,81.7926,,2026-05-29,25.08,3.0631162631786997,,original_control,filled,1.0,-6.210000000000016
2026-05-28,301682,820,1354,81.1087,,2026-05-29,187.68,1.0,,original_control,filled,1.0,-10.75987212276215
2026-06-02,300666,823,583,28.2599,,2026-06-03,209.16,1.0214582729955,,original_control,filled,1.0,-6.9799368904188155
2026-06-03,301281,824,1135,71.8664,,2026-06-04,44.4,1.4393284397809003,,original_control,filled,1.0,4.9927027027026885
2026-06-04,300001,825,0,52.8841,,2026-06-05,40.98,7.071824005146101,,original_control,filled,1.0,-6.209999999999995
2026-06-05,300835,826,740,77.5857,,2026-06-08,197.84,1.7679267242097998,,original_control,filled,1.0,-6.210000000000005
2026-06-08,300120,827,97,89.0027,,2026-06-09,8.94,3.4261172151386,,original_control,filled,1.0,1.8034228187919323
2026-06-09,300821,828,727,61.7571,,2026-06-10,17.05,1.0838898588801,,original_control,filled,1.0,2.781202346041044
2026-06-09,300666,828,583,58.148,,2026-06-10,224.85,1.0214582729955,,original_control,filled,1.0,30.365939515232384
2026-06-10,301557,829,1291,72.6915,,2026-06-11,90.53,1.4327884934293,,original_control,filled,1.0,-6.210000000000005
2026-06-12,301046,831,940,55.1566,,2026-06-15,28.58,1.0589950645037,,original_control,filled,1.0,0.20987403778864785
2026-06-12,300599,831,518,54.8134,,2026-06-15,13.84,1.1248110623217,,original_control,filled,1.0,-6.568381502890175
2026-06-15,300606,832,525,82.2127,,2026-06-16,43.81,1.5977916752965002,,original_control,filled,1.0,11.22574526363842
2026-06-15,300671,832,588,71.8454,,2026-06-16,52.79,1.8347302603698,,original_control,filled,1.0,26.480661110058733
2026-06-18,301230,835,1098,46.3719,,2026-06-22,34.0,1.8833259118956998,,original_control,filled,1.0,7.7017647058823515
2026-06-18,300738,835,650,43.0327,,2026-06-22,21.09,12.0817473215184,,original_control,filled,1.0,-1.537643432906589
2026-06-22,300377,836,315,89.1418,,2026-06-23,17.28,10.976483787382898,,original_control,filled,1.0,-6.210000000000005
2026-06-22,300033,836,26,87.0814,,2026-06-23,244.91,13.2889309577416,,original_control,filled,1.0,-1.398191580580622
2026-06-23,301020,837,917,61.3655,,2026-06-24,26.24,1.063140431438,,original_control,filled,1.0,-6.210000000000005
2026-06-23,301379,837,1214,52.1863,,2026-06-24,25.69,2.8774296339136,,original_control,filled,1.0,-6.210000000000005
2026-06-24,301150,838,1026,68.2223,,2026-06-25,66.67,5.033175379873,,original_control,filled,1.0,-6.210000000000016
2026-06-24,301251,838,1110,63.4003,,2026-06-25,55.9,1.4131482882066,,original_control,filled,1.0,-6.210000000000005
2026-06-25,301392,839,1225,80.1124,,2026-06-26,248.1,1.0091794509379,,original_control,filled,1.0,14.58242241031844
2026-06-26,300668,840,585,68.8525,,2026-06-29,64.5,2.7095403295229,,original_control,filled,1.0,-8.597596899224804
2026-06-29,301328,841,1178,79.3552,,2026-06-30,70.79,2.2517558510755,,original_control,filled,1.0,16.063484955502183
2026-06-29,301161,841,1036,55.1184,,2026-06-30,36.96,1.0209836265492,,original_control,filled,1.0,1.7380519480519432
2026-06-30,300077,842,64,75.0297,,2026-07-01,31.88,5.1521974411992,,original_control,filled,1.0,-7.675495608531992
2026-07-01,300483,843,409,46.6739,,2026-07-02,19.9,1.8129169993154,,original_control,filled,1.0,-6.210000000000005
2026-07-06,301509,846,1263,75.3195,,2026-07-07,31.29,1.4792576845551,,original_control,filled,1.0,-6.210000000000005
2026-07-07,300717,847,631,81.1689,,2026-07-08,23.63,1.7309135360621,,original_control,filled,1.0,-6.209999999999995
2026-07-10,300918,850,821,78.7186,,2026-07-13,11.92,1.0634271137256,,original_control,filled,1.0,-8.767046979865768
2026-07-10,301588,850,1311,72.5924,,2026-07-13,52.0,1.015535994162,,original_control,filled,1.0,-13.671538461538459
2026-07-13,300564,851,485,63.7395,,2026-07-14,13.09,2.0000319336056,,original_control,filled,1.0,-6.210000000000005
2026-07-15,300765,853,673,76.6648,,2026-07-16,40.08,6.1056774255445,,original_control,filled,1.0,-6.210000000000005
2026-07-15,300204,853,171,42.3917,,2026-07-16,25.94,7.8415937002942,,original_control,filled,1.0,-6.210000000000005
2026-07-27,301108,861,996,60.7743,,2026-07-28,34.78,1.4852119151904,,original_control,filled,1.0,-6.210000000000016
2026-07-31,300093,865,75,68.299,,2026-08-03,22.15,2.0715613631379,,original_control,filled,1.0,2.4536568848758424
2026-07-31,301428,865,1237,41.4872,,2026-08-03,28.39,1.0168156848781,,original_control,filled,1.0,3.5941563930961475
2026-08-07,301263,870,1120,75.5972,,2026-08-10,21.48,2.3026808526138,,original_control,filled,1.0,-4.399944134078227
2026-08-07,300143,870,119,63.305,,2026-08-10,7.68,5.5313337559416,,original_control,filled,1.0,2.9150000000000222
2026-08-10,301449,871,1242,85.8359,,2026-08-11,40.1,1.4136540962289,,original_control,filled,1.0,-2.8284538653366673
2026-08-10,300915,871,818,80.8681,,2026-08-11,20.74,2.2546649814445,,original_control,filled,1.0,-1.8011282545805094
2026-08-11,301596,872,1317,88.4665,,2026-08-12,54.0,1.9830233069912,,original_control,filled,1.0,-0.2285185185185177
2026-08-12,300063,873,53,84.958,,2026-08-13,10.19,7.867284146860801,,original_control,filled,1.0,-6.210000000000005
2026-08-12,300620,873,539,81.9586,,2026-08-13,318.5,2.3363177358767,,original_control,filled,1.0,1.4791679748822553
2026-08-14,301072,875,964,88.9377,,2026-08-17,39.18,1.0043478164794,,original_control,filled,1.0,8.365803981623275
2026-08-17,301279,876,1133,89.0321,,2026-08-18,21.73,1.7801104144619,,original_control,filled,1.0,-6.210000000000005
2026-08-17,300689,876,606,80.915,,2026-08-18,56.37,1.7377732249803,,original_control,filled,1.0,-6.210000000000005
2026-08-19,301277,878,1131,60.5857,,2026-08-20,11.8,3.1652168129130995,,original_control,filled,1.0,-7.837118644067776
2026-08-20,300171,879,143,76.4518,,2026-08-21,14.26,9.2426436560093,,original_control,filled,1.0,4.558583450210362
2026-08-20,301122,879,1008,73.6798,,2026-08-21,39.23,1.3652456319488,,original_control,filled,1.0,0.4017767015039633
2026-08-25,300856,882,761,53.1163,,2026-08-26,11.15,4.5666873656364,,original_control,filled,1.0,-3.169641255605383
2026-08-26,300757,883,666,40.5219,,2026-08-27,539.76,1.8463786132187,,original_control,filled,1.0,4.002983548243665
2026-08-27,300548,884,470,78.6553,,2026-08-28,218.16,2.8097954068,,original_control,filled,1.0,-6.210000000000005
2026-08-27,301338,884,1187,52.2602,,2026-08-28,103.73,2.0053314865855,,original_control,filled,1.0,-6.6979976863009725
2026-08-28,301156,885,1031,56.7913,,2026-08-31,12.29,2.5527085386135,,original_control,filled,1.0,-3.1392107404393808
2026-08-31,301025,886,922,59.6671,,2026-09-01,9.66,1.0191809862429,,original_control,filled,1.0,0.5146376811594235
2026-08-31,300884,886,788,59.515,,2026-09-01,13.75,2.2815093632009,,original_control,filled,1.0,-6.210000000000005
2026-09-01,300399,887,332,85.7421,,2026-09-02,21.05,2.515447689254,,original_control,filled,1.0,-4.152992874109263
2026-09-01,300468,887,396,76.1111,,2026-09-02,23.99,5.0034259316299,,original_control,filled,1.0,6.751233847436432
