date,cash,equity,drawdown_pct,new_positions,end_positions,positions_before_exits,realized_pnl
2025-07-01,1000000.0,1000000.0,0.0,0,0,0,0.0
2025-07-02,900000.0,998534.7051257738,-0.14652948742261973,1,1,1,0.0
2025-07-03,900000.0,1008430.7055464275,0.0,0,1,1,0.0
2025-07-04,900000.0,1003630.4068349164,-0.4760167143968541,0,1,1,0.0
2025-07-07,1002891.8993408377,1002891.8993408377,-0.5492500550732915,0,0,1,2891.8993408377282
2025-07-08,1002891.8993408377,1002891.8993408377,-0.5492500550732915,0,0,0,0.0
2025-07-09,902891.8993408377,1004206.6691212575,-0.41887225388295146,1,1,1,0.0
2025-07-10,902891.8993408377,1001861.1277140077,-0.6514654696933242,0,1,1,0.0
2025-07-11,902891.8993408377,1005965.8251766949,-0.24442734202515526,0,1,1,0.0
2025-07-14,908194.0895135822,1014180.850492396,0.0,1,1,2,5302.190172744435
2025-07-15,908194.0895135822,1005660.5349618747,-0.8401179657833824,0,1,1,0.0
2025-07-16,908194.0895135822,1003491.7273722875,-1.0539661752555052,0,1,1,0.0
2025-07-17,1001989.0535423592,1001989.0535423592,-1.2021324346754958,0,0,1,-6205.035971223013
2025-07-18,1001989.0535423592,1001989.0535423592,-1.2021324346754958,0,0,0,0.0
2025-07-21,1001989.0535423592,1001989.0535423592,-1.2021324346754958,0,0,0,0.0
2025-07-22,901989.0535423592,1001943.2937626623,-1.20664442873204,1,1,1,0.0
2025-07-23,901989.0535423592,1004896.5961453868,-0.9154436649539965,0,1,1,0.0
2025-07-24,901989.0535423592,1009326.5497194733,-0.47864251928695367,0,1,1,0.0
2025-07-25,1009326.5497194733,1009326.5497194733,-0.47864251928695367,0,0,1,7337.496177114153
2025-07-28,909326.5497194733,1005009.2290195642,-0.904337867193894,1,1,1,0.0
2025-07-29,909326.5497194733,1005873.9634544309,-0.8190735443222019,0,1,1,0.0
2025-07-30,903121.5137482503,1003620.3345497651,-1.041285283340121,1,1,2,-6205.035971222998
2025-07-31,903121.5137482503,1004722.6835610211,-0.9325917489748425,0,1,1,0.0
2025-08-01,903121.5137482503,1003935.2914101239,-1.0102299878071874,0,1,1,0.0
2025-08-04,1002911.6816139577,1002911.6816139577,-1.1111596982892102,0,0,1,-209.8321342925483
2025-08-05,1002911.6816139577,1002911.6816139577,-1.1111596982892102,0,0,0,0.0
2025-08-06,1002911.6816139577,1002911.6816139577,-1.1111596982892102,0,0,0,0.0
2025-08-07,1002911.6816139577,1002911.6816139577,-1.1111596982892102,0,0,0,0.0
2025-08-08,1002911.6816139577,1002911.6816139577,-1.1111596982892102,0,0,0,0.0
2025-08-11,1002911.6816139577,1002911.6816139577,-1.1111596982892102,0,0,0,0.0
2025-08-12,902911.6816139577,1000965.1879088598,-1.303087371164613,1,1,1,0.0
2025-08-13,802911.6816139577,996500.053708294,-1.74335738793705,1,2,2,0.0
2025-08-14,802911.6816139577,999836.8981350195,-1.4143387099463056,0,2,2,0.0
2025-08-15,898918.4082004105,1006460.9948207694,-0.7611912281600075,0,1,2,-3993.273413547242
2025-08-18,1000646.6807547809,1000646.6807547809,-1.3344927318479916,0,0,1,1728.2725543703127
2025-08-19,1000646.6807547809,1000646.6807547809,-1.3344927318479916,0,0,0,0.0
2025-08-20,900646.6807547809,1000389.5827435021,-1.3598430439894504,1,1,1,0.0
2025-08-21,800646.6807547809,998478.1790377061,-1.548310781757134,1,2,2,0.0
2025-08-22,800646.6807547809,995880.005676992,-1.8044952048265173,0,2,2,0.0
2025-08-25,896702.844338578,995430.4675569767,-1.8488204471930003,0,1,2,-3943.836416202874
2025-08-26,995144.3978442398,995144.3978442398,-1.877027419608035,0,0,1,-1558.4464943382482
2025-08-27,995144.3978442398,995144.3978442398,-1.877027419608035,0,0,0,0.0
2025-08-28,995144.3978442398,995144.3978442398,-1.877027419608035,0,0,0,0.0
2025-08-29,995144.3978442398,995144.3978442398,-1.877027419608035,0,0,0,0.0
2025-09-01,995144.3978442398,995144.3978442398,-1.877027419608035,0,0,0,0.0
2025-09-02,995144.3978442398,995144.3978442398,-1.877027419608035,0,0,0,0.0
2025-09-03,995144.3978442398,995144.3978442398,-1.877027419608035,0,0,0,0.0
2025-09-04,995144.3978442398,995144.3978442398,-1.877027419608035,0,0,0,0.0
2025-09-05,995144.3978442398,995144.3978442398,-1.877027419608035,0,0,0,0.0
2025-09-08,995144.3978442398,995144.3978442398,-1.877027419608035,0,0,0,0.0
2025-09-09,995144.3978442398,995144.3978442398,-1.877027419608035,0,0,0,0.0
2025-09-10,995144.3978442398,995144.3978442398,-1.877027419608035,0,0,0,0.0
2025-09-11,995144.3978442398,995144.3978442398,-1.877027419608035,0,0,0,0.0
2025-09-12,895144.3978442398,995236.4390149286,-1.8679519997118588,1,1,1,0.0
2025-09-15,895144.3978442398,995387.3756674194,-1.8530693826305455,0,1,1,0.0
2025-09-16,895144.3978442398,1002481.3983344821,-1.1535863798092572,0,1,1,0.0
2025-09-17,999462.6652846681,999462.6652846681,-1.451238721435344,0,0,1,4318.267440428317
2025-09-18,999462.6652846681,999462.6652846681,-1.451238721435344,0,0,0,0.0
2025-09-19,999462.6652846681,999462.6652846681,-1.451238721435344,0,0,0,0.0
2025-09-22,999462.6652846681,999462.6652846681,-1.451238721435344,0,0,0,0.0
2025-09-23,999462.6652846681,999462.6652846681,-1.451238721435344,0,0,0,0.0
2025-09-24,999462.6652846681,999462.6652846681,-1.451238721435344,0,0,0,0.0
2025-09-25,999462.6652846681,999462.6652846681,-1.451238721435344,0,0,0,0.0
2025-09-26,999462.6652846681,999462.6652846681,-1.451238721435344,0,0,0,0.0
2025-09-29,999462.6652846681,999462.6652846681,-1.451238721435344,0,0,0,0.0
2025-09-30,999462.6652846681,999462.6652846681,-1.451238721435344,0,0,0,0.0
2025-10-09,999462.6652846681,999462.6652846681,-1.451238721435344,0,0,0,0.0
2025-10-10,999462.6652846681,999462.6652846681,-1.451238721435344,0,0,0,0.0
2025-10-13,999462.6652846681,999462.6652846681,-1.451238721435344,0,0,0,0.0
2025-10-14,999462.6652846681,999462.6652846681,-1.451238721435344,0,0,0,0.0
2025-10-15,999462.6652846681,999462.6652846681,-1.451238721435344,0,0,0,0.0
2025-10-16,899462.6652846681,999101.2093811057,-1.4868789036954322,1,1,1,0.0
2025-10-17,899462.6652846681,997281.7241498673,-1.6662833196193771,0,1,1,0.0
2025-10-20,799462.6652846681,999804.0559456517,-1.4175770070756322,1,2,2,0.0
2025-10-21,899707.7044581851,1001505.7654613373,-1.2497854820375354,0,1,2,245.03917351702694
2025-10-22,899707.7044581851,998439.1650332399,-1.5521576306152363,0,1,1,0.0
2025-10-23,1001505.7654613373,1001505.7654613373,-1.2497854820375354,0,0,1,1798.0610031521792
2025-10-24,1001505.7654613373,1001505.7654613373,-1.2497854820375354,0,0,0,0.0
2025-10-27,1001505.7654613373,1001505.7654613373,-1.2497854820375354,0,0,0,0.0
2025-10-28,1001505.7654613373,1001505.7654613373,-1.2497854820375354,0,0,0,0.0
2025-10-29,1001505.7654613373,1001505.7654613373,-1.2497854820375354,0,0,0,0.0
2025-10-30,1001505.7654613373,1001505.7654613373,-1.2497854820375354,0,0,0,0.0
2025-10-31,1001505.7654613373,1001505.7654613373,-1.2497854820375354,0,0,0,0.0
2025-11-03,901505.7654613373,1003483.9639244645,-1.0547316647457894,1,1,1,0.0
2025-11-04,901505.7654613373,1004304.4753984971,-0.9738278029114755,0,1,1,0.0
2025-11-05,901505.7654613373,1006036.6662881211,-0.8030307612612475,0,1,1,0.0
2025-11-06,1006674.8418790352,1006674.8418790352,-0.7401055353901231,0,0,1,5169.076417697957
2025-11-07,1006674.8418790352,1006674.8418790352,-0.7401055353901231,0,0,0,0.0
2025-11-10,1006674.8418790352,1006674.8418790352,-0.7401055353901231,0,0,0,0.0
2025-11-11,1006674.8418790352,1006674.8418790352,-0.7401055353901231,0,0,0,0.0
2025-11-12,1006674.8418790352,1006674.8418790352,-0.7401055353901231,0,0,0,0.0
2025-11-13,1006674.8418790352,1006674.8418790352,-0.7401055353901231,0,0,0,0.0
2025-11-14,1006674.8418790352,1006674.8418790352,-0.7401055353901231,0,0,0,0.0
2025-11-17,1006674.8418790352,1006674.8418790352,-0.7401055353901231,0,0,0,0.0
2025-11-18,1006674.8418790352,1006674.8418790352,-0.7401055353901231,0,0,0,0.0
2025-11-19,1006674.8418790352,1006674.8418790352,-0.7401055353901231,0,0,0,0.0
2025-11-20,906674.8418790352,1005428.0205146668,-0.8630442956480189,1,1,1,0.0
2025-11-21,906674.8418790352,1001438.2483921712,-1.256442782767797,0,1,1,0.0
2025-11-24,999750.9438822172,999750.9438822172,-1.4228139491268221,0,0,1,-6923.897996818021
2025-11-25,999750.9438822172,999750.9438822172,-1.4228139491268221,0,0,0,0.0
2025-11-26,999750.9438822172,999750.9438822172,-1.4228139491268221,0,0,0,0.0
2025-11-27,999750.9438822172,999750.9438822172,-1.4228139491268221,0,0,0,0.0
2025-11-28,999750.9438822172,999750.9438822172,-1.4228139491268221,0,0,0,0.0
2025-12-01,999750.9438822172,999750.9438822172,-1.4228139491268221,0,0,0,0.0
2025-12-02,999750.9438822172,999750.9438822172,-1.4228139491268221,0,0,0,0.0
2025-12-03,899750.9438822172,998306.634213673,-1.565225400481185,1,1,1,0.0
2025-12-04,899750.9438822172,995982.9117962581,-1.794348482058472,0,1,1,0.0
2025-12-05,899750.9438822172,999831.5770501015,-1.4148633781960962,0,1,1,0.0
2025-12-08,1000775.5892821762,1000775.5892821762,-1.3217821263053264,0,0,1,1024.6453999591176
2025-12-09,1000775.5892821762,1000775.5892821762,-1.3217821263053264,0,0,0,0.0
2025-12-10,1000775.5892821762,1000775.5892821762,-1.3217821263053264,0,0,0,0.0
2025-12-11,1000775.5892821762,1000775.5892821762,-1.3217821263053264,0,0,0,0.0
2025-12-12,1000775.5892821762,1000775.5892821762,-1.3217821263053264,0,0,0,0.0
2025-12-15,1000775.5892821762,1000775.5892821762,-1.3217821263053264,0,0,0,0.0
2025-12-16,900775.5892821762,998338.2397987057,-1.5621090346952027,1,1,1,0.0
2025-12-17,900775.5892821762,1008043.8511058383,-0.6051188388715989,0,1,1,0.0
2025-12-18,900775.5892821762,1008839.3930162591,-0.5266770195417991,0,1,1,0.0
2025-12-19,1019658.7629979807,1019658.7629979807,0.0,0,0,1,18883.17371580444
2025-12-22,1019658.7629979807,1019658.7629979807,0.0,0,0,0,0.0
2025-12-23,1019658.7629979807,1019658.7629979807,0.0,0,0,0,0.0
2025-12-24,919658.7629979807,1015233.1414676632,-0.43402966668038,1,1,1,0.0
2025-12-25,1013453.7270267577,1013453.7270267577,-0.6085404447443876,0,0,1,-6205.035971222998
2025-12-26,913453.7270267577,1013085.5429686159,-0.644649001008768,1,1,1,0.0
2025-12-29,913453.7270267577,1023061.7141711151,0.0,0,1,1,0.0
2025-12-30,913453.7270267577,1022111.60262802,-0.09286942614843419,0,1,1,0.0
2025-12-31,1025436.993028853,1025436.993028853,0.0,0,0,1,11983.266002095319
2026-01-05,1025436.993028853,1025436.993028853,0.0,0,0,0,0.0
2026-01-06,1025436.993028853,1025436.993028853,0.0,0,0,0,0.0
2026-01-07,1025436.993028853,1025436.993028853,0.0,0,0,0,0.0
2026-01-08,1025436.993028853,1025436.993028853,0.0,0,0,0,0.0
2026-01-09,1025436.993028853,1025436.993028853,0.0,0,0,0,0.0
2026-01-12,1025436.993028853,1025436.993028853,0.0,0,0,0,0.0
2026-01-13,1025436.993028853,1025436.993028853,0.0,0,0,0,0.0
2026-01-14,1025436.993028853,1025436.993028853,0.0,0,0,0,0.0
2026-01-15,925436.993028853,1024766.4874784754,-0.065387298774644,1,1,1,0.0
2026-01-16,925436.993028853,1023983.3426711309,-0.1417591102724325,0,1,1,0.0
2026-01-19,925436.993028853,1024167.6120375649,-0.12378927227295611,0,1,1,0.0
2026-01-20,1022785.5917893099,1022785.5917893099,-0.2585630572690345,0,0,1,-2651.4012395431637
2026-01-21,822785.5917893099,1025078.8206925096,-0.03492875123272121,2,2,2,0.0
2026-01-22,822785.5917893099,1027857.8124008201,0.0,0,2,2,0.0
2026-01-23,822785.5917893099,1032923.8610258177,0.0,0,2,2,0.0
2026-01-26,1040505.6960356229,1040505.6960356229,0.0,0,0,2,17720.104246313058
2026-01-27,1040505.6960356229,1040505.6960356229,0.0,0,0,0,0.0
2026-01-28,1040505.6960356229,1040505.6960356229,0.0,0,0,0,0.0
2026-01-29,1040505.6960356229,1040505.6960356229,0.0,0,0,0,0.0
2026-01-30,1040505.6960356229,1040505.6960356229,0.0,0,0,0,0.0
2026-02-02,1040505.6960356229,1040505.6960356229,0.0,0,0,0,0.0
2026-02-03,1040505.6960356229,1040505.6960356229,0.0,0,0,0,0.0
2026-02-04,940505.6960356229,1040205.142942597,-0.028885290505464845,1,1,1,0.0
2026-02-05,940505.6960356229,1041801.8318163028,0.0,0,1,1,0.0
2026-02-06,940505.6960356229,1042527.599486169,0.0,0,1,1,0.0
2026-02-09,1052742.779439537,1052742.779439537,0.0,0,0,1,12237.083403914236
2026-02-10,1052742.779439537,1052742.779439537,0.0,0,0,0,0.0
2026-02-11,952742.7794395371,1054469.8242575026,0.0,1,1,1,0.0
2026-02-12,952742.7794395371,1056292.7672713925,0.0,0,1,1,0.0
2026-02-13,952742.7794395371,1058115.7102852825,0.0,0,1,1,0.0
2026-02-24,1053938.132545118,1053938.132545118,-0.3948129396016742,0,0,1,1195.3531055808999
2026-02-25,1053938.132545118,1053938.132545118,-0.3948129396016742,0,0,0,0.0
2026-02-26,1053938.132545118,1053938.132545118,-0.3948129396016742,0,0,0,0.0
2026-02-27,1053938.132545118,1053938.132545118,-0.3948129396016742,0,0,0,0.0
2026-03-02,953938.132545118,1051206.279565963,-0.6529938693998427,1,1,1,0.0
2026-03-03,1047733.096573895,1047733.096573895,-0.9812361361299704,0,0,1,-6205.035971223013
2026-03-04,1047733.096573895,1047733.096573895,-0.9812361361299704,0,0,0,0.0
2026-03-05,1047733.096573895,1047733.096573895,-0.9812361361299704,0,0,0,0.0
2026-03-06,1047733.096573895,1047733.096573895,-0.9812361361299704,0,0,0,0.0
2026-03-09,1047733.096573895,1047733.096573895,-0.9812361361299704,0,0,0,0.0
2026-03-10,1047733.096573895,1047733.096573895,-0.9812361361299704,0,0,0,0.0
2026-03-11,1047733.096573895,1047733.096573895,-0.9812361361299704,0,0,0,0.0
2026-03-12,1047733.096573895,1047733.096573895,-0.9812361361299704,0,0,0,0.0
2026-03-13,947733.096573895,1040425.1178202858,-1.6718958326615296,1,1,1,0.0
2026-03-16,1041528.0606026719,1041528.0606026719,-1.5676593326582666,0,0,1,-6205.035971223013
2026-03-17,1041528.0606026719,1041528.0606026719,-1.5676593326582666,0,0,0,0.0
2026-03-18,1041528.0606026719,1041528.0606026719,-1.5676593326582666,0,0,0,0.0
2026-03-19,1041528.0606026719,1041528.0606026719,-1.5676593326582666,0,0,0,0.0
2026-03-20,1041528.0606026719,1041528.0606026719,-1.5676593326582666,0,0,0,0.0
2026-03-23,1041528.0606026719,1041528.0606026719,-1.5676593326582666,0,0,0,0.0
2026-03-24,1041528.0606026719,1041528.0606026719,-1.5676593326582666,0,0,0,0.0
2026-03-25,1041528.0606026719,1041528.0606026719,-1.5676593326582666,0,0,0,0.0
2026-03-26,1041528.0606026719,1041528.0606026719,-1.5676593326582666,0,0,0,0.0
2026-03-27,1041528.0606026719,1041528.0606026719,-1.5676593326582666,0,0,0,0.0
2026-03-30,941528.0606026719,1039345.0834456929,-1.773967313511371,1,1,1,0.0
2026-03-31,841528.0606026719,1036798.5300583042,-2.0146360194605584,1,2,2,0.0
2026-04-01,641528.0606026719,1037443.4918336088,-1.953682215539554,2,4,4,0.0
2026-04-02,831552.1708563331,1033986.3136741489,-2.280411903593038,1,2,5,-9975.889746338755
2026-04-03,731552.1708563331,1041746.3028470943,-1.5470337770313258,1,3,3,0.0
2026-04-07,849137.5825086036,1059487.639786502,0.0,0,2,3,17585.41165227047
2026-04-08,955098.328537999,1070308.2593587744,0.0,0,1,2,5960.746029395348
2026-04-09,1081821.6823652252,1081821.6823652252,0.0,0,0,1,26723.35382722631
2026-04-10,1081821.6823652252,1081821.6823652252,0.0,0,0,0,0.0
2026-04-13,1081821.6823652252,1081821.6823652252,0.0,0,0,0,0.0
2026-04-14,981821.6823652252,1082978.9157824714,0.0,1,1,1,0.0
2026-04-15,881821.6823652252,1078466.4106913,-0.41667524874305917,1,2,2,0.0
2026-04-16,881821.6823652252,1087862.4117883171,0.0,0,2,2,0.0
2026-04-17,980369.0633658973,1086870.144947537,-0.09121253110941918,0,1,2,-1452.6189993278967
2026-04-20,1085963.2647156543,1085963.2647156543,-0.17457603572688107,0,0,1,5594.201349757001
2026-04-21,1085963.2647156543,1085963.2647156543,-0.17457603572688107,0,0,0,0.0
2026-04-22,1085963.2647156543,1085963.2647156543,-0.17457603572688107,0,0,0,0.0
2026-04-23,985963.2647156543,1081096.8103278219,-0.621917017003415,1,1,1,0.0
2026-04-24,1079758.2287444314,1079758.2287444314,-0.7449639730233382,0,0,1,-6205.035971222998
2026-04-27,1079758.2287444314,1079758.2287444314,-0.7449639730233382,0,0,0,0.0
2026-04-28,1079758.2287444314,1079758.2287444314,-0.7449639730233382,0,0,0,0.0
2026-04-29,979758.2287444314,1083486.9766801018,-0.40220482487510756,1,1,1,0.0
2026-04-30,979758.2287444314,1079719.6392218764,-0.7485112527286453,0,1,1,0.0
2026-05-06,779758.2287444314,1085284.3958205276,-0.23697996546747646,2,3,3,0.0
2026-05-07,895388.3381958591,1107230.5079528831,0.0,0,2,3,15630.109451427692
2026-05-08,695388.3381958591,1112217.933403843,0.0,2,4,4,0.0
2026-05-11,1006237.5683561943,1122088.366477743,0.0,0,1,4,10849.230160335297
2026-05-12,906237.5683561943,1120369.8075500508,-0.15315718253873234,1,2,2,0.0
2026-05-13,1033674.964019457,1139288.287929865,0.0,0,1,2,27437.395663262723
2026-05-14,1033674.964019457,1137091.3699675463,-0.19283248898402938,0,1,1,0.0
2026-05-15,1038361.8767409355,1134347.1415092533,-0.4337046621966101,1,1,2,4686.912721478453
2026-05-18,1132156.8407697126,1132156.8407697126,-0.6259563304306992,0,0,1,-6205.035971223013
2026-05-19,1132156.8407697126,1132156.8407697126,-0.6259563304306992,0,0,0,0.0
2026-05-20,1132156.8407697126,1132156.8407697126,-0.6259563304306992,0,0,0,0.0
2026-05-21,1132156.8407697126,1132156.8407697126,-0.6259563304306992,0,0,0,0.0
2026-05-22,1132156.8407697126,1132156.8407697126,-0.6259563304306992,0,0,0,0.0
2026-05-25,1132156.8407697126,1132156.8407697126,-0.6259563304306992,0,0,0,0.0
2026-05-26,1032156.8407697126,1139203.4513198892,-0.007446456781368127,1,1,1,0.0
2026-05-27,932156.8407697126,1125783.7260050403,-1.1853507200853541,1,2,2,0.0
2026-05-28,1025951.8047984896,1128434.2632761518,-0.9527022061672774,0,1,2,-6205.035971222998
2026-05-29,1025951.8047984896,1127518.3293566208,-1.033097478306455,0,1,1,0.0
2026-06-01,1125159.1056244953,1125159.1056244953,-1.240176209574051,0,0,1,-792.6991739941441
2026-06-02,1125159.1056244953,1125159.1056244953,-1.240176209574051,0,0,0,0.0
2026-06-03,1125159.1056244953,1125159.1056244953,-1.240176209574051,0,0,0,0.0
2026-06-04,1125159.1056244953,1125159.1056244953,-1.240176209574051,0,0,0,0.0
2026-06-05,1125159.1056244953,1125159.1056244953,-1.240176209574051,0,0,0,0.0
2026-06-08,1125159.1056244953,1125159.1056244953,-1.240176209574051,0,0,0,0.0
2026-06-09,1125159.1056244953,1125159.1056244953,-1.240176209574051,0,0,0,0.0
2026-06-10,1025159.1056244953,1122395.7607448434,-1.4827263093976084,1,1,1,0.0
2026-06-11,825159.1056244953,1120145.1260452538,-1.6802737364565723,2,3,3,0.0
2026-06-12,825159.1056244953,1138342.8720363574,-0.08298302576474903,0,3,3,0.0
2026-06-15,926781.1413292649,1138802.4589651797,-0.04264319837502528,0,2,3,1622.0357047695143
2026-06-16,942683.8060575377,1148502.2762514912,0.0,2,2,4,15902.66472827288
2026-06-17,842683.8060575377,1149173.58316371,0.0,1,3,3,0.0
2026-06-18,842683.8060575377,1150550.274113133,0.0,0,3,3,0.0
2026-06-22,956645.6780882968,1169841.4065287253,0.0,1,2,4,13961.872030759201
2026-06-23,975937.0917469439,1182549.272891317,0.0,1,2,3,19291.413658647143
2026-06-24,975937.0917469439,1200262.305466275,0.0,0,2,2,0.0
2026-06-25,990792.8124918557,1200486.191988249,0.0,1,2,3,14855.720744911843
2026-06-26,1093925.0751208605,1200000.2557451439,-0.040478286743173,0,1,2,3132.26262900485
2026-06-29,1093925.0751208605,1210649.8606971751,0.0,0,1,1,0.0
2026-06-30,1213850.5616390426,1213850.5616390426,0.0,0,0,1,19925.48651818205
2026-07-01,1013850.5616390426,1207479.7751466015,-0.524841087838579,2,2,2,0.0
2026-07-02,1103937.5516884227,1201872.0612236517,-0.9868183773146244,0,1,2,-9913.009950619817
2026-07-03,1103937.5516884227,1201158.34648116,-1.0456159562792,0,1,1,0.0
2026-07-06,1097732.5157171998,1195992.9400847342,-1.4711548619457337,1,1,2,-6205.035971223013
2026-07-07,1097732.5157171998,1193837.392428218,-1.648734188811607,0,1,1,0.0
2026-07-08,1191527.4797459769,1191527.4797459769,-1.8390304868272422,0,0,1,-6205.035971223013
2026-07-09,1191527.4797459769,1191527.4797459769,-1.8390304868272422,0,0,0,0.0
2026-07-10,1191527.4797459769,1191527.4797459769,-1.8390304868272422,0,0,0,0.0
2026-07-13,1191527.4797459769,1191527.4797459769,-1.8390304868272422,0,0,0,0.0
2026-07-14,1191527.4797459769,1191527.4797459769,-1.8390304868272422,0,0,0,0.0
2026-07-15,1191527.4797459769,1191527.4797459769,-1.8390304868272422,0,0,0,0.0
2026-07-16,1191527.4797459769,1191527.4797459769,-1.8390304868272422,0,0,0,0.0
2026-07-17,1191527.4797459769,1191527.4797459769,-1.8390304868272422,0,0,0,0.0
2026-07-20,1191527.4797459769,1191527.4797459769,-1.8390304868272422,0,0,0,0.0
2026-07-21,1191527.4797459769,1191527.4797459769,-1.8390304868272422,0,0,0,0.0
2026-07-22,991527.4797459769,1198341.7073436356,-1.277657628173401,2,2,2,0.0
2026-07-23,991527.4797459769,1210204.9651803244,-0.30033321843140337,0,2,2,0.0
2026-07-24,991527.4797459769,1213569.235558859,-0.023176335627639322,0,2,2,0.0
2026-07-27,1087586.5447994503,1201067.4175598056,-1.053106904854595,0,1,2,-3940.934946526497
2026-07-28,1087586.5447994503,1189695.2997844126,-1.9899699862570785,0,1,1,0.0
2026-07-29,1199963.3284553986,1199963.3284553986,-1.1440644855732707,0,0,1,12376.783655948151
2026-07-30,1199963.3284553986,1199963.3284553986,-1.1440644855732707,0,0,0,0.0
2026-07-31,1199963.3284553986,1199963.3284553986,-1.1440644855732707,0,0,0,0.0
2026-08-03,1199963.3284553986,1199963.3284553986,-1.1440644855732707,0,0,0,0.0
2026-08-04,1199963.3284553986,1199963.3284553986,-1.1440644855732707,0,0,0,0.0
2026-08-05,1099963.3284553986,1203695.0152371207,-0.8366389342201241,1,1,1,0.0
2026-08-06,999963.3284553986,1207350.4689405926,-0.535493651679253,1,2,2,0.0
2026-08-07,999963.3284553986,1218908.8207567332,0.0,0,2,2,0.0
2026-08-10,922430.0272275284,1225946.5719902078,0.0,2,3,4,22466.698772129836
2026-08-11,827168.5037494135,1237600.2799440122,0.0,2,4,5,4738.476521885095
2026-08-12,827168.5037494135,1240350.6275155377,0.0,0,4,4,0.0
2026-08-13,1026020.481360816,1237069.5975858571,-0.2645243898697025,0,2,4,-1148.0223885974556
2026-08-14,1243935.6205681951,1243935.6205681951,0.0,0,0,2,17915.13920737899
2026-08-17,1143935.6205681951,1248190.6295040357,0.0,1,1,1,0.0
2026-08-18,1043935.6205681951,1240620.9174546562,-0.6064548050955354,1,2,2,0.0
2026-08-19,1231043.4089710694,1231043.4089710694,-1.3737661642100107,0,0,2,-12892.211597125905
2026-08-20,1131043.4089710694,1227120.8765608103,-1.688023643599812,1,1,1,0.0
2026-08-21,1224618.839418311,1224618.839418311,-1.8884767701782046,0,0,1,-6424.569552758432
2026-08-24,1024618.8394183109,1219624.2252828686,-2.2886251142998804,2,2,2,0.0
2026-08-25,1118413.803447088,1219603.713587941,-2.2902684285855957,0,1,2,-6205.035971222998
2026-08-26,1018413.803447088,1222070.1158416187,-2.0926702256045537,1,2,2,0.0
2026-08-27,1118850.0062090163,1219810.9134893052,-2.2736684080064795,0,1,2,436.2027619284054
2026-08-28,918850.0062090163,1216582.0895668466,-2.5323487606815798,2,3,3,0.0
2026-08-31,1114827.518646341,1215765.2508231918,-2.5977905869817297,0,1,3,-4022.4875626752473
2026-09-01,1114827.518646341,1218470.2238423156,-2.3810790562920126,0,1,1,0.0
2026-09-02,1218880.0682391524,1218880.0682391524,-2.3482439758844897,0,0,1,4052.5495928114105
2026-09-03,1218880.0682391524,1218880.0682391524,-2.3482439758844897,0,0,0,0.0
2026-09-04,1218880.0682391524,1218880.0682391524,-2.3482439758844897,0,0,0,0.0
2026-09-07,1218880.0682391524,1218880.0682391524,-2.3482439758844897,0,0,0,0.0
2026-09-08,1218880.0682391524,1218880.0682391524,-2.3482439758844897,0,0,0,0.0
2026-09-09,1118880.0682391524,1225341.9173933694,-1.8305466785746627,1,1,1,0.0
2026-09-10,1118880.0682391524,1217661.7261426433,-2.44585263178293,0,1,1,0.0
2026-09-11,1018880.0682391524,1218352.201664844,-2.3905345172353876,1,2,2,0.0
2026-09-14,1114752.5627900956,1221454.223013085,-2.14201307548465,0,1,2,-4127.505449056902
2026-09-15,1114752.5627900956,1219068.7265837993,-2.3331294300621197,0,1,1,0.0
2026-09-16,1219520.0367190696,1219520.0367190696,-2.2969722818988236,0,0,1,4767.47392897401
2026-09-17,1219520.0367190696,1219520.0367190696,-2.2969722818988236,0,0,0,0.0
2026-09-18,1019520.0367190696,1221096.8372941134,-2.170645378157343,2,2,2,0.0
2026-09-21,1019520.0367190696,1232483.0771394465,-1.2584257559144274,0,2,2,0.0
2026-09-22,819520.0367190696,1229787.1488992586,-1.474412655388202,2,4,4,0.0
2026-09-23,1027602.6145844259,1221220.8698504146,-2.160708389898547,0,2,4,8082.5778653563175
2026-09-24,1020838.1482017731,1213136.2312290461,-2.808417035538735,1,2,3,-6764.466382652827
2026-09-28,1217285.671675644,1217285.671675644,-2.475980599267258,0,0,2,-3552.476526129263
2026-09-29,1217285.671675644,1217285.671675644,-2.475980599267258,0,0,0,0.0
2026-09-30,1217285.671675644,1217285.671675644,-2.475980599267258,0,0,0,0.0
