segment,variant,signal_date,code,score,rank,baseline_selected,closed,opportunity_net_pct
train,context80,2024-01-15,300144,37.784,1.0,True,True,0.484444444444442
train,context80,2024-02-23,301236,32.011,2.0,True,True,13.012111553784877
train,context80,2024-02-23,301285,38.6385,1.0,True,True,-6.210000000000005
train,context80,2024-02-27,300533,29.2477,1.0,True,True,1.4731320892791713
train,context80,2024-03-04,301191,37.7882,1.0,True,True,-0.9281146960655415
train,context80,2024-03-06,300711,42.7734,1.0,True,True,1.5713765182186359
train,context80,2024-03-11,301205,54.0032,1.0,True,True,-6.210000000000005
train,context80,2024-03-12,300069,27.4895,2.0,True,True,4.359892473118298
train,context80,2024-03-12,300129,38.9283,1.0,True,True,1.999302325581386
train,context80,2024-03-18,300877,60.1198,1.0,True,True,-1.803901593901592
train,context80,2024-03-18,301259,54.7652,2.0,True,True,-1.102098555649956
train,context80,2024-03-21,301160,46.6743,1.0,True,True,-4.6329259356189265
train,context80,2024-03-22,301131,41.5658,1.0,True,True,-6.210000000000005
train,context80,2024-03-25,300520,53.2808,1.0,True,True,-6.209999999999995
train,context80,2024-03-26,300429,52.2606,1.0,True,True,-9.639657794676827
train,context80,2024-03-26,301099,46.398,2.0,True,True,-11.86577342047931
train,context80,2024-03-28,301025,31.5574,1.0,True,True,-6.210000000000005
train,context80,2024-04-01,301092,48.5977,1.0,True,True,-6.210000000000005
train,context80,2024-04-02,300927,45.9265,1.0,True,True,-7.2702556299452334
train,context80,2024-04-03,300892,45.5703,2.0,True,True,-0.10247311827957886
train,context80,2024-04-03,301096,55.5329,1.0,True,True,-6.210000000000005
train,context80,2024-04-09,300428,57.5202,1.0,True,True,-6.210000000000016
train,context80,2024-04-25,300839,40.2108,1.0,True,True,-11.112696365767873
train,context80,2024-04-29,300320,68.6072,1.0,True,True,8.018730822873074
train,context80,2024-05-07,300573,40.8843,1.0,True,True,7.968438661710041
train,context80,2024-05-10,301291,50.7768,1.0,True,True,7.589999999999985
train,context80,2024-05-16,300917,48.7988,1.0,True,True,48.99396515470114
train,context80,2024-05-17,300320,59.9235,1.0,True,True,-6.210000000000005
train,context80,2024-05-17,301000,52.056,2.0,True,True,-6.210000000000005
train,context80,2024-05-20,300552,57.3195,2.0,True,True,0.18985459832789783
train,context80,2024-05-20,301116,59.4274,1.0,True,True,6.425514018691602
train,context80,2024-05-23,301131,65.7124,1.0,True,True,0.6516445100935622
train,context80,2024-05-24,300697,55.2214,1.0,True,True,0.9748341232227444
train,context80,2024-06-03,300814,58.8684,1.0,True,True,-1.1706147934678288
train,context80,2024-06-07,300906,47.3967,1.0,True,True,4.941515151515129
train,context80,2024-06-11,301369,39.6854,1.0,True,True,-7.3385942492012814
train,context80,2024-06-18,301005,42.6206,1.0,True,True,-2.155668135095435
train,context80,2024-06-21,300705,65.9522,1.0,True,True,-6.210000000000016
train,context80,2024-06-25,300645,24.9735,1.0,True,True,-1.1253318077803174
train,context80,2024-07-01,300575,52.4899,1.0,True,True,-6.209999999999995
train,context80,2024-07-02,300075,43.5575,1.0,True,True,-6.210000000000005
train,context80,2024-07-08,301055,57.0188,1.0,True,True,-1.6385714285714346
train,context80,2024-07-09,301237,51.0374,1.0,True,True,-3.926216216216206
train,context80,2024-07-12,300572,31.1354,1.0,True,True,-6.450000000000013
train,context80,2024-07-25,300407,65.95,1.0,True,True,-2.2218343195266175
train,context80,2024-07-30,301357,44.7591,1.0,True,True,-1.0935078534031315
train,context80,2024-07-31,300377,48.3938,1.0,False,True,-6.210000000000005
train,context80,2024-07-31,300393,46.0214,2.0,True,True,1.8842408376963373
train,context80,2024-08-02,300102,30.2349,1.0,True,True,28.273920367534444
train,context80,2024-08-12,300204,50.4428,2.0,True,True,-4.815263157894724
train,context80,2024-08-12,301211,53.2282,1.0,True,True,-6.210000000000005
train,context80,2024-08-16,300334,50.0982,1.0,True,True,-6.210000000000005
train,context80,2024-08-21,300543,31.2051,1.0,True,True,-8.628367346938795
train,context80,2024-08-23,300103,59.8538,1.0,True,True,-6.210000000000005
train,context80,2024-08-28,301106,54.7918,1.0,True,True,6.313297491039415
train,context80,2024-09-02,300225,50.3818,1.0,True,True,-1.8922429906542146
train,context80,2024-09-03,300096,55.9993,1.0,True,True,1.8447945205479535
train,context80,2024-09-05,300002,44.1209,1.0,True,True,1.8619738276990363
train,context80,2024-09-05,300546,43.4417,2.0,True,True,-2.520231023102305
train,context80,2024-09-18,300830,64.9046,1.0,True,True,1.1057894736842035
train,context80,2024-09-20,300925,38.66,1.0,True,True,22.79
train,context80,2024-09-25,300150,61.3436,1.0,True,True,39.0649244712991
train,context80,2024-09-25,300189,46.1205,2.0,False,True,41.04560538116593
train,context80,2024-09-27,300853,25.6694,1.0,True,True,63.43285714285713
train,context80,2024-09-30,300183,51.5115,2.0,True,True,-6.210000000000016
train,context80,2024-09-30,300425,60.1994,1.0,True,True,-12.015555555555537
train,context80,2024-10-18,300679,58.5097,1.0,True,True,-6.210000000000005
train,context80,2024-10-18,301028,54.9921,2.0,False,True,5.592357207615594
train,context80,2024-10-21,300497,61.1824,1.0,True,True,12.358306010928953
train,context80,2024-10-21,301171,57.4534,2.0,True,True,-6.210000000000005
train,context80,2024-10-22,300026,54.0726,1.0,True,True,2.9684841075794823
train,context80,2024-10-22,300987,48.5958,2.0,True,True,-6.210000000000005
train,context80,2024-10-24,300357,68.4802,1.0,True,True,-2.5909523809523947
train,context80,2024-10-24,301207,61.889,2.0,True,True,-3.2900821355236096
train,context80,2024-10-25,300069,58.4902,2.0,True,True,1.5296907216494784
train,context80,2024-10-25,300873,74.7162,1.0,True,True,-6.234096385542177
train,context80,2024-10-28,300026,59.7377,1.0,True,True,-6.210000000000005
train,context80,2024-10-28,300428,59.0481,2.0,True,True,-6.210000000000005
train,context80,2024-11-11,300503,34.8871,2.0,True,True,-6.444161175874298
train,context80,2024-11-11,300846,42.7418,1.0,True,True,-6.210000000000005
train,context80,2024-11-19,301152,47.4756,1.0,True,True,-6.210000000000005
train,context80,2024-11-25,300833,55.4945,1.0,True,True,-9.602265193370155
train,context80,2024-11-29,300844,46.481,1.0,True,True,-6.210000000000005
train,context80,2024-12-03,300078,56.6453,1.0,True,True,3.229803439803435
train,context80,2024-12-03,301330,53.386,2.0,True,True,-0.34114754098360045
train,context80,2024-12-06,300519,53.8722,2.0,True,True,1.9008179419525142
train,context80,2024-12-06,301299,58.0049,1.0,True,True,-6.210000000000005
train,context80,2024-12-09,300286,64.8772,1.0,True,True,-6.210000000000005
train,context80,2024-12-12,300189,44.3108,1.0,True,True,0.42829787234044314
train,context80,2024-12-26,301269,54.6872,1.0,True,True,-6.210000000000005
train,context80,2024-12-27,301019,43.1456,2.0,True,True,-6.210000000000016
train,context80,2024-12-27,301059,49.6817,1.0,True,True,-6.210000000000005
train,context80,2024-12-30,300436,57.551,2.0,True,True,-6.210000000000016
train,context80,2024-12-30,301211,63.029,1.0,True,True,6.608181818181812
train,context80,2025-01-10,301203,57.8468,1.0,True,True,-0.8561538461538407
train,context80,2025-01-17,301439,52.3411,1.0,True,True,6.332056074766367
train,context80,2025-01-20,301196,32.6259,1.0,True,True,2.5806976744185963
train,context80,2025-01-21,301228,35.7086,1.0,True,True,-6.210000000000005
train,context80,2025-02-05,300277,20.8093,2.0,True,True,10.226270316509865
train,context80,2025-02-05,301070,62.1946,1.0,True,True,2.6627272727272713
train,context80,2025-02-06,300660,51.592,1.0,True,True,1.2098782961460488
train,context80,2025-02-06,300810,36.1708,2.0,True,True,1.1406753376688608
train,context80,2025-02-07,300247,36.2298,1.0,True,True,-1.0057559681697534
train,context80,2025-02-07,300921,23.832,2.0,True,True,5.722203389830515
train,context80,2025-02-12,300409,58.3433,2.0,True,True,-3.379469598965069
train,context80,2025-02-12,301486,60.4878,1.0,True,True,18.65721680420105
train,context80,2025-02-13,300399,37.285,1.0,True,True,-6.210000000000005
train,context80,2025-02-14,300226,71.9066,1.0,True,True,-6.209999999999995
train,context80,2025-02-14,301060,66.5198,2.0,True,True,-6.210000000000005
train,context80,2025-02-17,300441,62.4114,1.0,True,True,0.9478947368420911
train,context80,2025-02-17,300685,60.8074,2.0,True,True,3.149683794466406
train,context80,2025-02-21,300499,45.1046,2.0,True,True,-6.210000000000005
train,context80,2025-02-21,301397,47.1684,1.0,False,True,13.272842475006772
train,context80,2025-02-25,300618,54.5874,2.0,True,True,7.2034199134199275
train,context80,2025-02-25,301008,57.0907,1.0,True,True,0.9686892975012009
train,context80,2025-02-26,300986,51.8123,2.0,True,True,-6.210000000000005
train,context80,2025-02-26,301353,53.0975,1.0,True,True,-2.8380771789753743
train,context80,2025-02-27,300183,53.8412,1.0,True,True,-6.210000000000005
train,context80,2025-02-27,300565,43.3246,2.0,True,True,-6.210000000000005
train,context80,2025-03-03,301177,37.6229,1.0,True,True,-0.7371084337349352
train,context80,2025-03-07,300041,51.1402,2.0,True,True,5.351497326203213
train,context80,2025-03-07,301026,53.8062,1.0,True,True,1.6468534773801604
train,context80,2025-03-10,300233,72.3054,1.0,True,True,31.917955493741296
train,context80,2025-03-10,301277,49.1042,2.0,True,True,1.5532241813602123
train,context80,2025-03-11,300715,52.5152,1.0,True,True,-6.210000000000005
train,context80,2025-03-12,300609,70.6381,1.0,True,True,2.4029943502824826
train,context80,2025-03-12,301361,57.1958,2.0,False,True,0.8133534505379005
train,context80,2025-03-14,300955,48.098,1.0,True,True,-2.380087976539603
train,context80,2025-03-17,300498,50.369,1.0,True,True,-2.2810059171597405
train,context80,2025-03-18,301377,61.1637,1.0,True,True,-7.920628163143795
train,context80,2025-03-20,301122,59.8676,1.0,True,True,-6.210000000000005
train,context80,2025-03-21,300583,63.457,1.0,True,True,-6.210000000000016
train,context80,2025-03-21,301331,61.9161,2.0,True,True,-6.210000000000016
train,context80,2025-03-28,300238,59.1582,1.0,True,True,5.333556515478754
train,context80,2025-04-02,300989,61.6585,1.0,True,True,-6.210000000000005
train,context80,2025-04-14,300318,40.919,1.0,True,True,-6.210000000000016
train,context80,2025-04-17,301393,58.9455,1.0,True,True,-1.1882608695652173
train,context80,2025-04-23,300286,47.5946,1.0,True,True,-1.5883903957314214
train,context80,2025-04-23,301429,31.652,2.0,True,True,-6.210000000000005
train,context80,2025-04-24,300858,68.9954,1.0,True,True,-6.210000000000016
train,context80,2025-04-25,300528,52.6381,1.0,True,True,4.407117117117098
train,context80,2025-04-25,300990,25.6982,2.0,True,True,5.809845644983435
train,context80,2025-04-29,300432,45.4135,1.0,True,True,7.526842105263153
train,context80,2025-05-06,300572,46.8942,2.0,False,True,0.9022881355932313
train,context80,2025-05-06,301525,50.6952,1.0,True,True,0.5536278195488622
train,context80,2025-05-07,300220,37.4107,1.0,True,True,-3.0934355828220914
train,context80,2025-05-09,300973,57.4597,1.0,True,True,3.3590825487190603
train,context80,2025-05-13,301149,58.0419,1.0,True,True,-6.210000000000016
train,context80,2025-05-14,301188,57.8171,1.0,True,True,15.654332603938734
train,context80,2025-05-16,300004,51.8788,1.0,True,True,-0.6599437570303799
train,context80,2025-05-20,300014,51.5158,1.0,True,True,-1.2422580645161228
train,context80,2025-05-20,301263,45.4121,2.0,True,True,9.76506234413965
train,context80,2025-05-22,300745,52.8312,1.0,True,True,-0.4880867630700845
train,context80,2025-05-29,301290,75.7245,1.0,True,True,-6.209999999999995
train,context80,2025-05-30,300196,62.8967,1.0,True,True,6.114786324786325
train,context80,2025-05-30,300678,50.1122,2.0,True,True,7.732973523421593
train,context80,2025-06-03,300834,67.1141,1.0,True,True,-6.210000000000016
train,context80,2025-06-03,301355,48.0179,2.0,True,True,2.43957264957264
train,context80,2025-06-04,300857,52.2034,1.0,True,True,2.6380625840361818
train,context80,2025-06-05,300018,62.1287,2.0,False,True,1.6541810918775148
train,context80,2025-06-05,300427,73.5682,1.0,True,True,7.248143074581436
train,context80,2025-06-09,300959,60.0959,2.0,True,True,5.381397849462365
train,context80,2025-06-09,301065,63.2514,1.0,True,True,-1.1463634886149996
train,context80,2025-06-10,301015,66.3431,1.0,True,True,5.599859154929575
train,context80,2025-06-10,301108,66.0601,2.0,True,True,-6.209999999999995
train,context80,2025-06-13,301148,72.087,1.0,True,True,-6.210000000000016
train,context80,2025-06-17,301056,63.3941,1.0,True,True,-6.210000000000005
train,context80,2025-06-18,300303,35.7326,2.0,True,True,-0.5394892915980396
train,context80,2025-06-18,301205,77.1946,1.0,True,True,-8.293268741003203
train,context80,2025-06-24,300853,45.4666,1.0,True,True,-1.0846355685131157
