signal_date,code,score,rank
2024-02-23,301285,27.4685,1
2024-03-04,301191,28.4852,1
2024-03-06,300711,34.7168,1
2024-03-11,301205,48.754,1
2024-03-12,300129,32.1381,1
2024-03-12,300427,31.9077,2
2024-03-18,300877,56.3997,1
2024-03-18,301259,49.7065,2
2024-03-21,301160,39.5929,1
2024-03-22,301131,33.2073,1
2024-03-25,300520,47.891,1
2024-03-26,300429,46.5757,1
2024-03-26,301099,39.2475,2
2024-03-28,301025,21.9968,1
2024-04-01,301092,41.9971,1
2024-04-02,300927,40.3315,1
2024-04-03,300892,38.2129,2
2024-04-03,301096,48.924,1
2024-04-09,300428,53.1503,1
2024-04-29,300320,67.009,1
2024-05-07,300573,31.6434,1
2024-05-10,301291,43.2625,1
2024-05-16,300917,37.565,1
2024-05-17,300320,55.5905,1
2024-05-17,301000,42.6061,2
2024-05-20,300552,46.6494,2
2024-05-20,301116,55.5342,1
2024-05-23,301131,57.1405,1
2024-05-24,300697,44.1018,1
2024-06-03,300814,54.8355,1
2024-06-07,300906,34.9204,1
2024-06-11,301369,30.8567,1
2024-06-18,301005,53.2758,1
2024-06-21,300705,60.6762,1
2024-06-25,300645,31.2169,1
2024-07-01,300575,41.1694,1
2024-07-02,300075,54.4469,1
2024-07-08,301055,53.5451,1
2024-07-09,301237,45.0468,1
2024-07-12,300572,38.9192,1
2024-07-25,300407,58.2658,1
2024-07-30,301357,32.5991,1
2024-07-31,300172,55.2915,1
2024-07-31,300377,41.7422,2
2024-08-12,300204,38.5575,2
2024-08-12,301211,48.2239,1
2024-08-16,300334,43.8727,1
2024-08-21,300543,39.0064,1
2024-08-23,300103,49.8173,1
2024-08-28,301106,49.7397,1
2024-09-02,300225,45.605,1
2024-09-03,300096,44.9991,1
2024-09-05,300002,36.4011,2
2024-09-05,300546,54.3021,1
2024-09-18,300830,56.1307,1
2024-09-20,300925,27.0247,1
2024-09-25,300150,51.6795,1
2024-09-25,300159,42.5925,2
2024-09-27,300853,32.0868,1
2024-09-30,300183,43.7238,2
2024-09-30,300425,52.38,1
2024-10-18,300458,45.3173,2
2024-10-18,300679,49.1461,1
2024-10-21,300497,51.478,1
2024-10-21,301171,47.6805,2
2024-10-22,300026,42.5907,1
2024-10-22,300987,36.06,2
2024-10-24,300357,60.6002,1
2024-10-24,301207,52.3613,2
2024-10-25,300069,51.6284,2
2024-10-25,300873,69.8043,1
2024-10-28,300026,49.6721,1
2024-10-28,300428,48.8101,2
2024-11-11,300503,24.401,2
2024-11-11,300846,29.6888,1
2024-11-19,301152,38.2729,1
2024-11-25,300833,45.4327,1
2024-11-29,300844,35.0716,1
2024-12-03,300078,48.5447,1
2024-12-03,301330,45.1898,2
2024-12-06,301171,27.7899,2
2024-12-06,301299,49.4982,1
2024-12-09,300286,56.0965,1
2024-12-12,300189,33.5222,1
2024-12-26,301269,45.0246,1
2024-12-27,301019,32.6619,2
2024-12-27,301059,38.7587,1
2024-12-30,300436,48.5669,2
2024-12-30,301211,54.9703,1
2025-01-10,301203,72.3085,1
2025-01-17,301439,44.0845,1
2025-02-06,300660,43.145,1
2025-02-07,300247,45.2872,1
2025-02-12,300409,54.1791,2
2025-02-12,301486,57.0813,1
2025-02-13,300399,46.6062,1
2025-02-14,300226,71.9619,1
2025-02-14,301060,64.3997,2
2025-02-17,300441,61.5235,1
2025-02-17,300685,57.2592,2
2025-02-21,300308,42.1676,1
2025-02-21,301397,39.0146,2
2025-02-25,300618,49.4842,2
2025-02-25,301008,52.6134,1
2025-02-26,300986,46.0154,2
2025-02-26,301353,47.6219,1
2025-02-27,300183,42.8065,1
2025-02-27,300687,31.5861,2
2025-03-03,301177,47.0286,1
2025-03-07,300041,45.1752,2
2025-03-07,301026,48.5077,1
2025-03-10,300233,65.3818,1
2025-03-10,301277,42.6302,2
2025-03-11,300715,42.4713,1
2025-03-12,300609,69.5476,1
2025-03-12,300902,48.7509,2
2025-03-14,300955,41.3725,1
2025-03-17,300498,45.0954,1
2025-03-18,301377,56.7511,1
2025-03-20,301122,52.6467,1
2025-03-21,300583,56.1713,2
2025-03-21,301331,58.6451,1
2025-03-28,300238,55.6757,1
2025-04-02,300989,56.2472,1
2025-04-14,300318,27.4552,1
2025-04-17,301393,48.6819,1
2025-04-24,300858,61.2442,1
2025-05-06,300572,39.8678,2
2025-05-06,301603,40.9127,1
2025-05-07,300220,46.7634,1
2025-05-09,300973,48.3636,1
2025-05-13,301149,53.8024,1
2025-05-14,301188,49.1012,1
2025-05-16,300004,42.4369,1
2025-05-20,300014,45.6448,1
2025-05-20,301263,37.6043,2
2025-05-22,300745,47.289,1
2025-05-29,301290,69.8353,1
2025-05-30,300196,56.9665,1
2025-05-30,300678,44.1145,2
