segment,strategy,variant,signal_date,code,baseline_status,baseline_net_return_pct,variant_selected,variant_status,variant_realized_net_return_pct,both_realizations_known
observed_2026,contraction-rebreakout-v1,clv_ge0_75,2026-01-05,300838,closed,-6.210000000000005,True,closed,-6.210000000000005,True
observed_2026,contraction-rebreakout-v1,clv_ge0_75,2026-01-05,301257,closed,9.075844085044514,True,closed,9.075844085044514,True
observed_2026,contraction-rebreakout-v1,clv_ge0_75,2026-01-06,300855,closed,8.656408806902725,True,closed,8.656408806902725,True
observed_2026,contraction-rebreakout-v1,clv_ge0_75,2026-01-08,300699,closed,-2.390685358255441,False,not_selected_known_zero,0.0,True
observed_2026,contraction-rebreakout-v1,clv_ge0_75,2026-01-08,300751,closed,4.180855868413723,True,closed,4.180855868413723,True
observed_2026,contraction-rebreakout-v1,clv_ge0_75,2026-01-09,300846,closed,-6.210000000000016,True,closed,-6.210000000000016,True
observed_2026,contraction-rebreakout-v1,clv_ge0_75,2026-01-09,301280,closed,2.72193717277489,True,closed,2.72193717277489,True
observed_2026,contraction-rebreakout-v1,clv_ge0_75,2026-01-12,301002,closed,-12.97933545021547,True,closed,-12.97933545021547,True
observed_2026,contraction-rebreakout-v1,clv_ge0_75,2026-01-12,301662,closed,10.810492084161492,True,closed,10.810492084161492,True
observed_2026,contraction-rebreakout-v1,clv_ge0_75,2026-01-13,300827,closed,2.7412195121951246,True,closed,2.7412195121951246,True
observed_2026,contraction-rebreakout-v1,clv_ge0_75,2026-01-14,300844,closed,11.082256053704164,False,not_selected_known_zero,0.0,True
observed_2026,contraction-rebreakout-v1,clv_ge0_75,2026-01-15,300236,closed,-6.210000000000005,True,closed,-6.210000000000005,True
observed_2026,contraction-rebreakout-v1,clv_ge0_75,2026-01-15,301083,closed,-3.0999082568807244,True,closed,-3.0999082568807244,True
observed_2026,contraction-rebreakout-v1,clv_ge0_75,2026-01-16,300611,closed,-2.768922558922549,True,closed,-2.768922558922549,True
observed_2026,contraction-rebreakout-v1,clv_ge0_75,2026-01-16,300903,closed,-6.210000000000005,True,closed,-6.210000000000005,True
observed_2026,contraction-rebreakout-v1,clv_ge0_75,2026-01-19,300234,closed,1.4160162601626105,True,closed,1.4160162601626105,True
observed_2026,contraction-rebreakout-v1,clv_ge0_75,2026-01-19,300314,closed,-1.394668989547033,False,not_selected_known_zero,0.0,True
observed_2026,contraction-rebreakout-v1,clv_ge0_75,2026-01-21,300757,closed,5.7081818181818,True,closed,5.7081818181818,True
observed_2026,contraction-rebreakout-v1,clv_ge0_75,2026-01-21,300836,closed,-0.078073878627972,True,closed,-0.078073878627972,True
observed_2026,contraction-rebreakout-v1,clv_ge0_75,2026-01-22,300072,closed,-3.612646502835527,True,closed,-3.612646502835527,True
observed_2026,contraction-rebreakout-v1,clv_ge0_75,2026-01-23,300389,closed,0.2710261892036483,False,not_selected_known_zero,0.0,True
observed_2026,contraction-rebreakout-v1,clv_ge0_75,2026-01-23,300433,closed,-8.642304038004758,True,closed,-8.642304038004758,True
observed_2026,contraction-rebreakout-v1,clv_ge0_75,2026-01-26,301281,closed,-2.019672386895456,False,not_selected_known_zero,0.0,True
observed_2026,contraction-rebreakout-v1,clv_ge0_75,2026-01-26,301331,closed,-6.209999999999995,False,not_selected_known_zero,0.0,True
observed_2026,contraction-rebreakout-v1,clv_ge0_75,2026-01-27,300854,closed,2.837351148616984,True,closed,2.837351148616984,True
observed_2026,contraction-rebreakout-v1,clv_ge0_75,2026-01-27,301486,closed,-6.210000000000005,True,closed,-6.210000000000005,True
observed_2026,contraction-rebreakout-v1,clv_ge0_75,2026-01-28,300189,closed,13.655546218487412,False,not_selected_known_zero,0.0,True
observed_2026,contraction-rebreakout-v1,clv_ge0_75,2026-01-29,300654,closed,0.9967578439259874,False,not_selected_known_zero,0.0,True
observed_2026,contraction-rebreakout-v1,clv_ge0_75,2026-01-29,300737,closed,-6.210000000000005,True,closed,-6.210000000000005,True
observed_2026,contraction-rebreakout-v1,clv_ge0_75,2026-01-30,300614,closed,0.4487615283267345,False,not_selected_known_zero,0.0,True
observed_2026,contraction-rebreakout-v1,clv_ge0_75,2026-01-30,301062,closed,-6.210000000000005,True,closed,-6.210000000000005,True
observed_2026,contraction-rebreakout-v1,clv_ge0_75,2026-02-02,300617,closed,10.948992968927191,False,not_selected_known_zero,0.0,True
observed_2026,contraction-rebreakout-v1,clv_ge0_75,2026-02-03,300775,closed,3.111033210332103,True,closed,3.111033210332103,True
observed_2026,contraction-rebreakout-v1,clv_ge0_75,2026-02-03,300943,closed,10.451884577763291,True,closed,10.451884577763291,True
observed_2026,contraction-rebreakout-v1,clv_ge0_75,2026-02-06,300617,closed,-6.210000000000005,False,not_selected_known_zero,0.0,True
observed_2026,contraction-rebreakout-v1,clv_ge0_75,2026-02-06,301292,closed,-6.210000000000005,True,closed,-6.210000000000005,True
observed_2026,contraction-rebreakout-v1,clv_ge0_75,2026-02-09,300179,closed,-6.210000000000005,True,closed,-6.210000000000005,True
observed_2026,contraction-rebreakout-v1,clv_ge0_75,2026-02-09,300620,closed,-6.210000000000005,True,closed,-6.210000000000005,True
observed_2026,contraction-rebreakout-v1,clv_ge0_75,2026-02-10,300877,closed,1.4750490196078427,True,closed,1.4750490196078427,True
observed_2026,contraction-rebreakout-v1,clv_ge0_75,2026-02-12,300570,closed,-6.210000000000005,True,closed,-6.210000000000005,True
observed_2026,contraction-rebreakout-v1,clv_ge0_75,2026-02-12,301120,closed,8.868404401650618,False,not_selected_known_zero,0.0,True
observed_2026,contraction-rebreakout-v1,clv_ge0_75,2026-02-13,300424,closed,1.4919082001031416,True,closed,1.4919082001031416,True
observed_2026,contraction-rebreakout-v1,clv_ge0_75,2026-02-24,300483,closed,16.45666666666665,True,closed,16.45666666666665,True
observed_2026,contraction-rebreakout-v1,clv_ge0_75,2026-02-24,300875,closed,14.369319203596651,False,not_selected_known_zero,0.0,True
observed_2026,contraction-rebreakout-v1,clv_ge0_75,2026-02-26,301252,closed,-6.210000000000005,False,not_selected_known_zero,0.0,True
observed_2026,contraction-rebreakout-v1,clv_ge0_75,2026-03-02,300875,closed,-1.690769230769241,True,closed,-1.690769230769241,True
observed_2026,contraction-rebreakout-v1,clv_ge0_75,2026-03-10,300499,closed,-6.210000000000005,True,closed,-6.210000000000005,True
observed_2026,contraction-rebreakout-v1,clv_ge0_75,2026-03-10,300782,closed,-6.210000000000005,True,closed,-6.210000000000005,True
observed_2026,contraction-rebreakout-v1,clv_ge0_75,2026-03-13,300387,closed,-6.209999999999995,False,not_selected_known_zero,0.0,True
observed_2026,contraction-rebreakout-v1,clv_ge0_75,2026-03-13,301092,closed,-6.209999999999995,True,closed,-6.209999999999995,True
observed_2026,contraction-rebreakout-v1,clv_ge0_75,2026-03-16,300939,closed,4.327343869487631,True,closed,4.327343869487631,True
observed_2026,contraction-rebreakout-v1,clv_ge0_75,2026-03-16,301176,closed,-6.210000000000005,True,closed,-6.210000000000005,True
observed_2026,contraction-rebreakout-v1,clv_ge0_75,2026-03-18,300389,closed,4.772206405693934,True,closed,4.772206405693934,True
observed_2026,contraction-rebreakout-v1,clv_ge0_75,2026-03-24,300531,closed,2.6353181583031784,False,not_selected_known_zero,0.0,True
observed_2026,contraction-rebreakout-v1,clv_ge0_75,2026-03-26,301306,closed,11.659784123042956,True,closed,11.659784123042956,True
observed_2026,contraction-rebreakout-v1,clv_ge0_75,2026-03-30,300775,closed,-2.2915752461321945,True,closed,-2.2915752461321945,True
observed_2026,contraction-rebreakout-v1,clv_ge0_75,2026-03-30,300961,closed,-6.210000000000005,True,closed,-6.210000000000005,True
observed_2026,contraction-rebreakout-v1,clv_ge0_75,2026-03-31,301128,closed,-2.726722961785556,False,not_selected_known_zero,0.0,True
observed_2026,contraction-rebreakout-v1,clv_ge0_75,2026-04-01,300158,closed,-6.210000000000005,True,closed,-6.210000000000005,True
observed_2026,contraction-rebreakout-v1,clv_ge0_75,2026-04-01,301396,closed,-6.453985281630327,True,closed,-6.453985281630327,True
observed_2026,contraction-rebreakout-v1,clv_ge0_75,2026-04-07,300722,closed,2.322489170276575,True,closed,2.322489170276575,True
observed_2026,contraction-rebreakout-v1,clv_ge0_75,2026-04-07,300936,closed,-6.411999710186945,True,closed,-6.411999710186945,True
observed_2026,contraction-rebreakout-v1,clv_ge0_75,2026-04-08,300857,closed,-6.210000000000016,True,closed,-6.210000000000016,True
observed_2026,contraction-rebreakout-v1,clv_ge0_75,2026-04-08,301489,closed,8.796556284031574,True,closed,8.796556284031574,True
observed_2026,contraction-rebreakout-v1,clv_ge0_75,2026-04-13,300255,closed,-1.8984286357496611,False,not_selected_known_zero,0.0,True
observed_2026,contraction-rebreakout-v1,clv_ge0_75,2026-04-13,300667,closed,-3.669459459459469,True,closed,-3.669459459459469,True
observed_2026,contraction-rebreakout-v1,clv_ge0_75,2026-04-14,300632,closed,-6.210000000000005,False,not_selected_known_zero,0.0,True
observed_2026,contraction-rebreakout-v1,clv_ge0_75,2026-04-14,300911,closed,-2.100189018901889,True,closed,-2.100189018901889,True
observed_2026,contraction-rebreakout-v1,clv_ge0_75,2026-04-15,300256,closed,-1.062272727272707,False,not_selected_known_zero,0.0,True
observed_2026,contraction-rebreakout-v1,clv_ge0_75,2026-04-16,300478,closed,16.686680343155544,True,closed,16.686680343155544,True
observed_2026,contraction-rebreakout-v1,clv_ge0_75,2026-04-16,300866,closed,-1.2957763300760048,True,closed,-1.2957763300760048,True
observed_2026,contraction-rebreakout-v1,clv_ge0_75,2026-04-17,300489,closed,23.71541986905776,False,not_selected_known_zero,0.0,True
observed_2026,contraction-rebreakout-v1,clv_ge0_75,2026-04-17,301090,closed,-1.474367816091938,True,closed,-1.474367816091938,True
observed_2026,contraction-rebreakout-v1,clv_ge0_75,2026-04-20,300265,closed,-6.210000000000005,True,closed,-6.210000000000005,True
observed_2026,contraction-rebreakout-v1,clv_ge0_75,2026-04-21,300358,closed,-6.210000000000005,True,closed,-6.210000000000005,True
observed_2026,contraction-rebreakout-v1,clv_ge0_75,2026-04-21,300940,closed,-6.210000000000016,False,not_selected_known_zero,0.0,True
observed_2026,contraction-rebreakout-v1,clv_ge0_75,2026-04-22,300657,closed,-6.210000000000005,True,closed,-6.210000000000005,True
observed_2026,contraction-rebreakout-v1,clv_ge0_75,2026-04-22,300857,closed,0.5583101038570062,True,closed,0.5583101038570062,True
observed_2026,contraction-rebreakout-v1,clv_ge0_75,2026-04-24,301307,closed,-0.3588728200765509,True,closed,-0.3588728200765509,True
observed_2026,contraction-rebreakout-v1,clv_ge0_75,2026-04-27,300816,closed,8.664892642427711,True,closed,8.664892642427711,True
observed_2026,contraction-rebreakout-v1,clv_ge0_75,2026-04-27,300854,closed,-6.210000000000005,True,closed,-6.210000000000005,True
observed_2026,contraction-rebreakout-v1,clv_ge0_75,2026-04-28,300529,closed,-1.0385862247540132,False,not_selected_known_zero,0.0,True
observed_2026,contraction-rebreakout-v1,clv_ge0_75,2026-04-29,301603,closed,19.56962913195379,True,closed,19.56962913195379,True
observed_2026,contraction-rebreakout-v1,clv_ge0_75,2026-04-29,301638,closed,3.5844118661607407,True,closed,3.5844118661607407,True
observed_2026,contraction-rebreakout-v1,clv_ge0_75,2026-04-30,300762,closed,11.426532220676863,True,closed,11.426532220676863,True
observed_2026,contraction-rebreakout-v1,clv_ge0_75,2026-04-30,300870,closed,-6.210000000000005,False,not_selected_known_zero,0.0,True
observed_2026,contraction-rebreakout-v1,clv_ge0_75,2026-05-06,300133,closed,-6.210000000000005,False,not_selected_known_zero,0.0,True
observed_2026,contraction-rebreakout-v1,clv_ge0_75,2026-05-06,300910,closed,-4.7214303054825,True,closed,-4.7214303054825,True
observed_2026,contraction-rebreakout-v1,clv_ge0_75,2026-05-07,300709,closed,8.966029962546806,False,not_selected_known_zero,0.0,True
observed_2026,contraction-rebreakout-v1,clv_ge0_75,2026-05-07,301181,closed,7.08431721798135,True,closed,7.08431721798135,True
observed_2026,contraction-rebreakout-v1,clv_ge0_75,2026-05-11,300725,closed,-6.210000000000005,True,closed,-6.210000000000005,True
observed_2026,contraction-rebreakout-v1,clv_ge0_75,2026-05-11,300748,closed,-6.210000000000005,True,closed,-6.210000000000005,True
observed_2026,contraction-rebreakout-v1,clv_ge0_75,2026-05-12,300243,closed,1.3689473684210576,True,closed,1.3689473684210576,True
observed_2026,contraction-rebreakout-v1,clv_ge0_75,2026-05-13,300571,closed,-6.210000000000016,True,closed,-6.210000000000016,True
observed_2026,contraction-rebreakout-v1,clv_ge0_75,2026-05-13,301178,closed,-6.210000000000005,True,closed,-6.210000000000005,True
observed_2026,contraction-rebreakout-v1,clv_ge0_75,2026-05-14,300721,closed,22.086793437733007,True,closed,22.086793437733007,True
observed_2026,contraction-rebreakout-v1,clv_ge0_75,2026-05-14,300804,closed,-6.210000000000005,False,not_selected_known_zero,0.0,True
observed_2026,contraction-rebreakout-v1,clv_ge0_75,2026-05-15,300161,closed,-6.210000000000005,False,not_selected_known_zero,0.0,True
observed_2026,contraction-rebreakout-v1,clv_ge0_75,2026-05-15,301029,closed,-2.59640078457012,False,not_selected_known_zero,0.0,True
observed_2026,contraction-rebreakout-v1,clv_ge0_75,2026-05-18,301302,closed,-2.412797202797224,True,closed,-2.412797202797224,True
observed_2026,contraction-rebreakout-v1,clv_ge0_75,2026-05-18,301682,closed,10.65786041040386,False,not_selected_known_zero,0.0,True
observed_2026,contraction-rebreakout-v1,clv_ge0_75,2026-05-19,300349,closed,-6.210000000000016,True,closed,-6.210000000000016,True
observed_2026,contraction-rebreakout-v1,clv_ge0_75,2026-05-19,301179,closed,-6.210000000000005,True,closed,-6.210000000000005,True
observed_2026,contraction-rebreakout-v1,clv_ge0_75,2026-05-20,300225,closed,-6.210000000000005,True,closed,-6.210000000000005,True
observed_2026,contraction-rebreakout-v1,clv_ge0_75,2026-05-22,300221,closed,7.5627952167413905,True,closed,7.5627952167413905,True
observed_2026,contraction-rebreakout-v1,clv_ge0_75,2026-05-22,300868,closed,11.221372549019602,True,closed,11.221372549019602,True
observed_2026,contraction-rebreakout-v1,clv_ge0_75,2026-05-27,300763,closed,-6.209999999999995,True,closed,-6.209999999999995,True
observed_2026,contraction-rebreakout-v1,clv_ge0_75,2026-05-28,300566,closed,-6.210000000000016,True,closed,-6.210000000000016,True
observed_2026,contraction-rebreakout-v1,clv_ge0_75,2026-05-28,301682,closed,-10.75987212276215,True,closed,-10.75987212276215,True
observed_2026,contraction-rebreakout-v1,clv_ge0_75,2026-06-02,300666,closed,-6.979936890418816,True,closed,-6.979936890418816,True
observed_2026,contraction-rebreakout-v1,clv_ge0_75,2026-06-03,301281,closed,4.9927027027026885,True,closed,4.9927027027026885,True
observed_2026,contraction-rebreakout-v1,clv_ge0_75,2026-06-04,300001,closed,-6.209999999999995,True,closed,-6.209999999999995,True
observed_2026,contraction-rebreakout-v1,clv_ge0_75,2026-06-05,300835,closed,-6.210000000000005,True,closed,-6.210000000000005,True
observed_2026,contraction-rebreakout-v1,clv_ge0_75,2026-06-08,300120,closed,1.8034228187919323,True,closed,1.8034228187919323,True
observed_2026,contraction-rebreakout-v1,clv_ge0_75,2026-06-09,300666,closed,30.365939515232384,True,closed,30.365939515232384,True
observed_2026,contraction-rebreakout-v1,clv_ge0_75,2026-06-09,300821,closed,2.781202346041044,True,closed,2.781202346041044,True
observed_2026,contraction-rebreakout-v1,clv_ge0_75,2026-06-10,301557,closed,-6.210000000000005,True,closed,-6.210000000000005,True
observed_2026,contraction-rebreakout-v1,clv_ge0_75,2026-06-12,300599,closed,-6.568381502890175,False,not_selected_known_zero,0.0,True
observed_2026,contraction-rebreakout-v1,clv_ge0_75,2026-06-12,301046,closed,0.2098740377886478,True,closed,0.2098740377886478,True
observed_2026,contraction-rebreakout-v1,clv_ge0_75,2026-06-15,300606,closed,11.22574526363842,True,closed,11.22574526363842,True
observed_2026,contraction-rebreakout-v1,clv_ge0_75,2026-06-15,300671,closed,26.480661110058733,True,closed,26.480661110058733,True
observed_2026,contraction-rebreakout-v1,clv_ge0_75,2026-06-18,300738,closed,-1.537643432906589,True,closed,-1.537643432906589,True
observed_2026,contraction-rebreakout-v1,clv_ge0_75,2026-06-18,301230,closed,7.701764705882351,True,closed,7.701764705882351,True
observed_2026,contraction-rebreakout-v1,clv_ge0_75,2026-06-22,300033,closed,-1.398191580580622,True,closed,-1.398191580580622,True
observed_2026,contraction-rebreakout-v1,clv_ge0_75,2026-06-22,300377,closed,-6.210000000000005,True,closed,-6.210000000000005,True
observed_2026,contraction-rebreakout-v1,clv_ge0_75,2026-06-23,301020,closed,-6.210000000000005,True,closed,-6.210000000000005,True
observed_2026,contraction-rebreakout-v1,clv_ge0_75,2026-06-23,301379,closed,-6.210000000000005,True,closed,-6.210000000000005,True
observed_2026,contraction-rebreakout-v1,clv_ge0_75,2026-06-24,301150,closed,-6.210000000000016,True,closed,-6.210000000000016,True
observed_2026,contraction-rebreakout-v1,clv_ge0_75,2026-06-24,301251,closed,-6.210000000000005,True,closed,-6.210000000000005,True
observed_2026,contraction-rebreakout-v1,clv_ge0_75,2026-06-25,301392,closed,14.58242241031844,False,not_selected_known_zero,0.0,True
observed_2026,contraction-rebreakout-v1,clv_ge0_75,2026-06-26,300668,closed,-8.597596899224804,True,closed,-8.597596899224804,True
observed_2026,contraction-rebreakout-v1,clv_ge0_75,2026-06-29,301161,closed,1.7380519480519432,True,closed,1.7380519480519432,True
observed_2026,contraction-rebreakout-v1,clv_ge0_75,2026-06-29,301328,closed,16.063484955502183,True,closed,16.063484955502183,True
observed_2026,contraction-rebreakout-v1,clv_ge0_75,2026-06-30,300077,closed,-7.675495608531992,True,closed,-7.675495608531992,True
observed_2026,contraction-rebreakout-v1,clv_ge0_75,2026-07-01,300483,closed,-6.210000000000005,True,closed,-6.210000000000005,True
observed_2026,contraction-rebreakout-v1,clv_ge0_75,2026-07-06,301509,closed,-6.210000000000005,True,closed,-6.210000000000005,True
observed_2026,contraction-rebreakout-v1,clv_ge0_75,2026-07-07,300717,closed,-6.209999999999995,True,closed,-6.209999999999995,True
observed_2026,contraction-rebreakout-v1,clv_ge0_75,2026-07-10,300918,closed,-8.767046979865768,True,closed,-8.767046979865768,True
observed_2026,contraction-rebreakout-v1,clv_ge0_75,2026-07-10,301588,closed,-13.67153846153846,True,closed,-13.67153846153846,True
observed_2026,contraction-rebreakout-v1,clv_ge0_75,2026-07-13,300564,closed,-6.210000000000005,False,not_selected_known_zero,0.0,True
observed_2026,contraction-rebreakout-v1,clv_ge0_75,2026-07-15,300204,closed,-6.210000000000005,True,closed,-6.210000000000005,True
observed_2026,contraction-rebreakout-v1,clv_ge0_75,2026-07-15,300765,closed,-6.210000000000005,True,closed,-6.210000000000005,True
observed_2026,contraction-rebreakout-v1,clv_ge0_75,2026-07-27,301108,closed,-6.210000000000016,True,closed,-6.210000000000016,True
observed_2026,contraction-rebreakout-v1,clv_ge0_75,2026-07-31,300093,closed,2.4536568848758424,False,not_selected_known_zero,0.0,True
observed_2026,contraction-rebreakout-v1,clv_ge0_75,2026-07-31,301428,closed,3.5941563930961475,False,not_selected_known_zero,0.0,True
observed_2026,contraction-rebreakout-v1,clv_ge0_75,2026-08-07,300143,closed,2.9150000000000222,True,closed,2.9150000000000222,True
observed_2026,contraction-rebreakout-v1,clv_ge0_75,2026-08-07,301263,closed,-4.399944134078227,True,closed,-4.399944134078227,True
observed_2026,contraction-rebreakout-v1,clv_ge0_75,2026-08-10,300915,closed,-1.8011282545805094,True,closed,-1.8011282545805094,True
observed_2026,contraction-rebreakout-v1,clv_ge0_75,2026-08-10,301449,closed,-2.8284538653366678,True,closed,-2.8284538653366678,True
observed_2026,contraction-rebreakout-v1,clv_ge0_75,2026-08-11,301596,closed,-0.2285185185185177,False,not_selected_known_zero,0.0,True
observed_2026,contraction-rebreakout-v1,clv_ge0_75,2026-08-12,300063,closed,-6.210000000000005,False,not_selected_known_zero,0.0,True
observed_2026,contraction-rebreakout-v1,clv_ge0_75,2026-08-12,300620,closed,1.4791679748822553,True,closed,1.4791679748822553,True
observed_2026,contraction-rebreakout-v1,clv_ge0_75,2026-08-14,301072,closed,8.365803981623275,True,closed,8.365803981623275,True
observed_2026,contraction-rebreakout-v1,clv_ge0_75,2026-08-17,300689,closed,-6.210000000000005,True,closed,-6.210000000000005,True
observed_2026,contraction-rebreakout-v1,clv_ge0_75,2026-08-17,301279,closed,-6.210000000000005,True,closed,-6.210000000000005,True
observed_2026,contraction-rebreakout-v1,clv_ge0_75,2026-08-19,301277,closed,-7.837118644067776,False,not_selected_known_zero,0.0,True
observed_2026,contraction-rebreakout-v1,clv_ge0_75,2026-08-20,300171,closed,4.558583450210362,False,not_selected_known_zero,0.0,True
observed_2026,contraction-rebreakout-v1,clv_ge0_75,2026-08-20,301122,closed,0.4017767015039633,True,closed,0.4017767015039633,True
observed_2026,contraction-rebreakout-v1,clv_ge0_75,2026-08-25,300856,closed,-3.169641255605383,True,closed,-3.169641255605383,True
observed_2026,contraction-rebreakout-v1,clv_ge0_75,2026-08-26,300757,closed,4.002983548243665,False,not_selected_known_zero,0.0,True
observed_2026,contraction-rebreakout-v1,clv_ge0_75,2026-08-27,300548,closed,-6.210000000000005,False,not_selected_known_zero,0.0,True
observed_2026,contraction-rebreakout-v1,clv_ge0_75,2026-08-27,301338,closed,-6.6979976863009725,True,closed,-6.6979976863009725,True
observed_2026,contraction-rebreakout-v1,clv_ge0_75,2026-08-28,301156,closed,-3.1392107404393808,True,closed,-3.1392107404393808,True
observed_2026,contraction-rebreakout-v1,clv_ge0_75,2026-08-31,300884,closed,-6.210000000000005,True,closed,-6.210000000000005,True
observed_2026,contraction-rebreakout-v1,clv_ge0_75,2026-08-31,301025,closed,0.5146376811594235,True,closed,0.5146376811594235,True
observed_2026,contraction-rebreakout-v1,clv_ge0_75,2026-09-01,300399,closed,-4.152992874109263,False,not_selected_known_zero,0.0,True
observed_2026,contraction-rebreakout-v1,clv_ge0_75,2026-09-01,300468,closed,6.751233847436432,True,closed,6.751233847436432,True
