signal_date,code,date,event
2026-01-05,002527,2026-01-05,watch
2026-01-05,600271,2026-01-05,watch
2026-01-06,603967,2026-01-06,watch
2026-01-07,000952,2026-01-07,watch
2026-01-07,603052,2026-01-07,watch
2026-01-08,002160,2026-01-08,watch
2026-01-08,002355,2026-01-08,watch
2026-01-08,002882,2026-01-08,watch
2026-01-08,002945,2026-01-08,watch
2026-01-08,600620,2026-01-08,watch
2026-01-08,600691,2026-01-08,watch
2026-01-08,605358,2026-01-08,watch
2026-01-05,002527,2026-01-08,armed
2026-01-07,000952,2026-01-08,armed
2026-01-09,000635,2026-01-09,watch
2026-01-09,000859,2026-01-09,watch
2026-01-09,002112,2026-01-09,watch
2026-01-09,002146,2026-01-09,watch
2026-01-09,002922,2026-01-09,watch
2026-01-09,600198,2026-01-09,watch
2026-01-09,601179,2026-01-09,watch
2026-01-09,603125,2026-01-09,watch
2026-01-09,603356,2026-01-09,watch
2026-01-07,000952,2026-01-09,failed_first_breakout
2026-01-08,002355,2026-01-09,armed
2026-01-08,605358,2026-01-09,armed
2026-01-09,603356,2026-01-09,armed
2026-01-12,002248,2026-01-12,watch
2026-01-12,002366,2026-01-12,watch
2026-01-12,002510,2026-01-12,watch
2026-01-12,002639,2026-01-12,watch
2026-01-12,601399,2026-01-12,watch
2026-01-12,601608,2026-01-12,watch
2026-01-12,603703,2026-01-12,watch
2026-01-05,002527,2026-01-12,expired
2026-01-05,600271,2026-01-12,expired
2026-01-06,603967,2026-01-12,armed
2026-01-07,603052,2026-01-12,armed
2026-01-08,002355,2026-01-12,failed_first_breakout
2026-01-08,002882,2026-01-12,armed
2026-01-08,002945,2026-01-12,armed
2026-01-09,000635,2026-01-12,armed
2026-01-09,603125,2026-01-12,armed
2026-01-09,603356,2026-01-12,failed_first_breakout
2026-01-13,002278,2026-01-13,watch
2026-01-13,601929,2026-01-13,watch
2026-01-06,603967,2026-01-13,expired
2026-01-08,002882,2026-01-13,confirmed
2026-01-08,002945,2026-01-13,confirmed
2026-01-08,605358,2026-01-13,failed_first_breakout
2026-01-09,000635,2026-01-13,failed_first_breakout
2026-01-09,002146,2026-01-13,impulse_support_broken
2026-01-09,002922,2026-01-13,factor_changed_observation
2026-01-09,603125,2026-01-13,failed_first_breakout
2026-01-08,002945,2026-01-13,pending
2026-01-08,002882,2026-01-13,pending
2026-01-08,002882,2026-01-14,position
2026-01-08,002945,2026-01-14,entry_below_trigger
2026-01-14,000066,2026-01-14,watch
2026-01-14,000890,2026-01-14,watch
2026-01-14,000892,2026-01-14,watch
2026-01-14,002523,2026-01-14,watch
2026-01-14,600579,2026-01-14,watch
2026-01-14,600586,2026-01-14,watch
2026-01-14,600633,2026-01-14,watch
2026-01-14,601900,2026-01-14,watch
2026-01-14,603090,2026-01-14,watch
2026-01-07,603052,2026-01-14,expired
2026-01-09,002112,2026-01-14,armed
2026-01-09,600198,2026-01-14,armed
2026-01-14,600579,2026-01-14,impulse_support_broken
2026-01-15,600089,2026-01-15,watch
2026-01-15,603282,2026-01-15,watch
2026-01-15,603682,2026-01-15,watch
2026-01-15,603739,2026-01-15,watch
2026-01-08,002160,2026-01-15,armed
2026-01-08,002160,2026-01-15,expired
2026-01-08,600620,2026-01-15,expired
2026-01-08,600691,2026-01-15,armed
2026-01-08,600691,2026-01-15,expired
2026-01-09,002112,2026-01-15,confirmed
2026-01-09,600198,2026-01-15,failed_first_breakout
2026-01-14,000890,2026-01-15,impulse_support_broken
2026-01-14,002523,2026-01-15,impulse_support_broken
2026-01-14,603090,2026-01-15,armed
2026-01-09,002112,2026-01-15,pending
2026-01-09,002112,2026-01-16,upper_limit_opening
2026-01-16,000409,2026-01-16,watch
2026-01-16,001228,2026-01-16,watch
2026-01-16,002054,2026-01-16,watch
2026-01-16,002201,2026-01-16,watch
2026-01-16,600076,2026-01-16,watch
2026-01-16,600724,2026-01-16,watch
2026-01-08,002882,2026-01-16,closed
2026-01-09,000859,2026-01-16,impulse_support_broken
2026-01-09,601179,2026-01-16,expired
2026-01-12,002248,2026-01-16,armed
2026-01-12,002639,2026-01-16,impulse_support_broken
2026-01-12,601608,2026-01-16,armed
2026-01-14,000892,2026-01-16,impulse_support_broken
2026-01-14,600586,2026-01-16,impulse_support_broken
2026-01-14,603090,2026-01-16,confirmed
2026-01-16,000409,2026-01-16,impulse_support_broken
2026-01-14,603090,2026-01-16,pending
2026-01-14,603090,2026-01-19,position
2026-01-19,002114,2026-01-19,watch
2026-01-19,002546,2026-01-19,watch
2026-01-19,002775,2026-01-19,watch
2026-01-19,002787,2026-01-19,watch
2026-01-19,600520,2026-01-19,watch
2026-01-19,600708,2026-01-19,watch
2026-01-19,601366,2026-01-19,watch
2026-01-19,603023,2026-01-19,watch
2026-01-19,603161,2026-01-19,watch
2026-01-12,002248,2026-01-19,failed_first_breakout
2026-01-12,002366,2026-01-19,expired
2026-01-12,002510,2026-01-19,expired
2026-01-12,601399,2026-01-19,expired
2026-01-12,601608,2026-01-19,expired
2026-01-12,603703,2026-01-19,armed
2026-01-12,603703,2026-01-19,expired
2026-01-14,000066,2026-01-19,armed
2026-01-14,601900,2026-01-19,armed
2026-01-15,603739,2026-01-19,armed
2026-01-16,001228,2026-01-19,armed
2026-01-16,002201,2026-01-19,armed
2026-01-16,600076,2026-01-19,armed
2026-01-16,600724,2026-01-19,armed
2026-01-13,002278,2026-01-20,impulse_support_broken
2026-01-13,601929,2026-01-20,armed
2026-01-13,601929,2026-01-20,expired
2026-01-14,000066,2026-01-20,failed_first_breakout
2026-01-14,601900,2026-01-20,confirmed
2026-01-16,001228,2026-01-20,failed_first_breakout
2026-01-16,002201,2026-01-20,confirmed
2026-01-16,600076,2026-01-20,confirmed
2026-01-16,600724,2026-01-20,confirmed
2026-01-19,002775,2026-01-20,armed
2026-01-19,600520,2026-01-20,armed
2026-01-19,600708,2026-01-20,armed
2026-01-19,603161,2026-01-20,armed
2026-01-14,601900,2026-01-20,pending
2026-01-16,600724,2026-01-20,pending
2026-01-16,600076,2026-01-20,daily_capacity
2026-01-16,002201,2026-01-20,daily_capacity
2026-01-14,601900,2026-01-21,position
2026-01-16,600724,2026-01-21,position
2026-01-21,000987,2026-01-21,watch
2026-01-21,002270,2026-01-21,watch
2026-01-21,002339,2026-01-21,watch
2026-01-21,002591,2026-01-21,watch
2026-01-21,002606,2026-01-21,watch
2026-01-21,002636,2026-01-21,watch
2026-01-21,002995,2026-01-21,watch
2026-01-21,600189,2026-01-21,watch
2026-01-21,601968,2026-01-21,watch
2026-01-21,603239,2026-01-21,watch
2026-01-14,603090,2026-01-21,closed
2026-01-14,600633,2026-01-21,armed
2026-01-14,600633,2026-01-21,expired
2026-01-19,002114,2026-01-21,armed
2026-01-19,002787,2026-01-21,armed
2026-01-19,600520,2026-01-21,failed_first_breakout
2026-01-19,603023,2026-01-21,armed
2026-01-22,003039,2026-01-22,watch
2026-01-22,600230,2026-01-22,watch
2026-01-22,601677,2026-01-22,watch
2026-01-22,603916,2026-01-22,watch
2026-01-15,600089,2026-01-22,expired
2026-01-15,603282,2026-01-22,armed
2026-01-15,603282,2026-01-22,expired
2026-01-15,603682,2026-01-22,armed
2026-01-15,603682,2026-01-22,expired
2026-01-15,603739,2026-01-22,expired
2026-01-16,002054,2026-01-22,armed
2026-01-19,002114,2026-01-22,failed_first_breakout
2026-01-19,002787,2026-01-22,failed_first_breakout
2026-01-19,603023,2026-01-22,failed_first_breakout
2026-01-21,002339,2026-01-22,impulse_support_broken
2026-01-21,002591,2026-01-22,armed
2026-01-21,002636,2026-01-22,armed
2026-01-21,600189,2026-01-22,armed
2026-01-23,000066,2026-01-23,watch
2026-01-23,002077,2026-01-23,watch
2026-01-23,002196,2026-01-23,watch
2026-01-23,002890,2026-01-23,watch
2026-01-23,600841,2026-01-23,watch
2026-01-14,601900,2026-01-23,closed
2026-01-16,600724,2026-01-23,closed
2026-01-16,002054,2026-01-23,expired
2026-01-19,600708,2026-01-23,failed_first_breakout
2026-01-21,002591,2026-01-23,failed_first_breakout
2026-01-21,002606,2026-01-23,armed
2026-01-21,002636,2026-01-23,confirmed
2026-01-21,600189,2026-01-23,confirmed
2026-01-21,603239,2026-01-23,armed
2026-01-22,600230,2026-01-23,armed
2026-01-21,600189,2026-01-23,pending
2026-01-21,002636,2026-01-23,pending
2026-01-21,002636,2026-01-26,position
2026-01-21,600189,2026-01-26,position
2026-01-26,000968,2026-01-26,watch
2026-01-26,002141,2026-01-26,watch
2026-01-19,002546,2026-01-26,expired
2026-01-19,002775,2026-01-26,expired
2026-01-19,601366,2026-01-26,expired
2026-01-19,603161,2026-01-26,expired
2026-01-21,002606,2026-01-26,failed_first_breakout
2026-01-22,600230,2026-01-26,failed_first_breakout
2026-01-23,002890,2026-01-26,armed
2026-01-27,000591,2026-01-27,watch
2026-01-27,002342,2026-01-27,watch
2026-01-27,002679,2026-01-27,watch
2026-01-27,600481,2026-01-27,watch
2026-01-27,603212,2026-01-27,watch
2026-01-27,603396,2026-01-27,watch
2026-01-27,603806,2026-01-27,watch
2026-01-27,605598,2026-01-27,watch
2026-01-22,003039,2026-01-27,impulse_support_broken
2026-01-23,002890,2026-01-27,failed_first_breakout
2026-01-27,002342,2026-01-27,impulse_support_broken
2026-01-28,000629,2026-01-28,watch
2026-01-28,001277,2026-01-28,watch
2026-01-28,002022,2026-01-28,watch
2026-01-21,002636,2026-01-28,closed
2026-01-21,600189,2026-01-28,closed
2026-01-21,000987,2026-01-28,expired
2026-01-21,002270,2026-01-28,expired
2026-01-21,002995,2026-01-28,expired
2026-01-21,601968,2026-01-28,armed
2026-01-21,601968,2026-01-28,expired
2026-01-21,603239,2026-01-28,expired
2026-01-23,002077,2026-01-28,armed
2026-01-28,001277,2026-01-28,impulse_support_broken
2026-01-29,002115,2026-01-29,watch
2026-01-29,600877,2026-01-29,watch
2026-01-22,601677,2026-01-29,expired
2026-01-22,603916,2026-01-29,expired
2026-01-27,002679,2026-01-29,impulse_support_broken
2026-01-27,605598,2026-01-29,impulse_support_broken
2026-01-30,002160,2026-01-30,watch
2026-01-30,002169,2026-01-30,watch
2026-01-30,600655,2026-01-30,watch
2026-01-30,601068,2026-01-30,watch
2026-01-30,603188,2026-01-30,watch
2026-01-30,603900,2026-01-30,watch
2026-01-23,000066,2026-01-30,impulse_support_broken
2026-01-23,002077,2026-01-30,expired
2026-01-23,002196,2026-01-30,expired
2026-01-23,600841,2026-01-30,expired
2026-01-28,000629,2026-01-30,impulse_support_broken
2026-01-28,002022,2026-01-30,impulse_support_broken
2026-01-29,600877,2026-01-30,impulse_support_broken
2026-01-30,603900,2026-01-30,impulse_support_broken
2026-02-02,000607,2026-02-02,watch
2026-02-02,000813,2026-02-02,watch
2026-02-02,600959,2026-02-02,watch
2026-02-02,603876,2026-02-02,watch
2026-01-26,000968,2026-02-02,expired
2026-01-26,002141,2026-02-02,expired
2026-01-27,000591,2026-02-02,armed
2026-01-27,600481,2026-02-02,armed
2026-01-27,603212,2026-02-02,armed
2026-01-30,002160,2026-02-02,impulse_support_broken
2026-01-30,600655,2026-02-02,impulse_support_broken
2026-01-30,601068,2026-02-02,impulse_support_broken
2026-02-02,000813,2026-02-02,impulse_support_broken
2026-02-02,603876,2026-02-02,impulse_support_broken
2026-02-03,002137,2026-02-03,watch
2026-02-03,002952,2026-02-03,watch
2026-01-27,000591,2026-02-03,failed_first_breakout
2026-01-27,600481,2026-02-03,failed_first_breakout
2026-01-27,603212,2026-02-03,failed_first_breakout
2026-01-27,603396,2026-02-03,expired
2026-01-27,603806,2026-02-03,expired
2026-01-29,002115,2026-02-03,armed
2026-02-02,600959,2026-02-03,armed
2026-02-04,001326,2026-02-04,watch
2026-02-04,002678,2026-02-04,watch
2026-02-04,603117,2026-02-04,watch
2026-01-29,002115,2026-02-04,failed_first_breakout
2026-02-05,002951,2026-02-05,watch
2026-02-05,600590,2026-02-05,watch
2026-02-05,601992,2026-02-05,watch
2026-02-05,605599,2026-02-05,watch
2026-01-30,603188,2026-02-05,armed
2026-02-04,603117,2026-02-05,armed
2026-02-05,002951,2026-02-05,armed
2026-02-05,600590,2026-02-05,impulse_support_broken
2026-02-05,601992,2026-02-05,armed
2026-02-06,000070,2026-02-06,watch
2026-02-06,000533,2026-02-06,watch
2026-02-06,601096,2026-02-06,watch
2026-01-30,002169,2026-02-06,expired
2026-01-30,603188,2026-02-06,expired
2026-02-04,001326,2026-02-06,armed
2026-02-04,002678,2026-02-06,armed
2026-02-04,603117,2026-02-06,failed_first_breakout
2026-02-09,002357,2026-02-09,watch
2026-02-09,002702,2026-02-09,watch
2026-02-09,601599,2026-02-09,watch
2026-02-09,603826,2026-02-09,watch
2026-02-02,000607,2026-02-09,armed
2026-02-02,000607,2026-02-09,expired
2026-02-02,600959,2026-02-09,expired
2026-02-03,002137,2026-02-09,armed
2026-02-04,001326,2026-02-09,confirmed
2026-02-04,002678,2026-02-09,confirmed
2026-02-05,601992,2026-02-09,failed_first_breakout
2026-02-06,000070,2026-02-09,armed
2026-02-06,601096,2026-02-09,armed
2026-02-09,603826,2026-02-09,armed
2026-02-04,002678,2026-02-09,pending
2026-02-04,001326,2026-02-09,industry_conflict
2026-02-04,002678,2026-02-10,position
2026-02-10,002921,2026-02-10,watch
2026-02-03,002137,2026-02-10,failed_first_breakout
2026-02-03,002952,2026-02-10,expired
2026-02-06,000070,2026-02-10,failed_first_breakout
2026-02-06,601096,2026-02-10,failed_first_breakout
2026-02-09,002357,2026-02-10,armed
2026-02-09,601599,2026-02-10,armed
2026-02-11,002438,2026-02-11,watch
2026-02-11,600477,2026-02-11,watch
2026-02-11,600722,2026-02-11,watch
2026-02-11,603626,2026-02-11,watch
2026-02-05,002951,2026-02-11,failed_first_breakout
2026-02-09,002357,2026-02-11,failed_first_breakout
2026-02-12,603000,2026-02-12,watch
2026-02-12,603466,2026-02-12,watch
2026-02-12,603999,2026-02-12,watch
2026-02-04,002678,2026-02-12,closed
2026-02-05,605599,2026-02-12,expired
2026-02-09,002702,2026-02-12,impulse_support_broken
2026-02-11,603626,2026-02-12,armed
2026-02-12,603000,2026-02-12,impulse_support_broken
2026-02-12,603999,2026-02-12,impulse_support_broken
2026-02-13,001217,2026-02-13,watch
2026-02-06,000533,2026-02-13,expired
2026-02-11,600722,2026-02-13,impulse_support_broken
2026-02-11,603626,2026-02-13,failed_first_breakout
2026-02-13,001217,2026-02-13,impulse_support_broken
2026-02-24,002272,2026-02-24,watch
2026-02-24,600821,2026-02-24,watch
2026-02-09,601599,2026-02-24,expired
2026-02-09,603826,2026-02-24,expired
2026-02-11,002438,2026-02-24,armed
2026-02-24,002272,2026-02-24,impulse_support_broken
2026-02-25,603331,2026-02-25,watch
2026-02-10,002921,2026-02-25,armed
2026-02-10,002921,2026-02-25,expired
2026-02-11,600477,2026-02-25,armed
2026-02-26,002358,2026-02-26,watch
2026-02-26,600722,2026-02-26,watch
2026-02-11,002438,2026-02-26,expired
2026-02-11,600477,2026-02-26,expired
2026-02-27,000758,2026-02-27,watch
2026-02-27,002021,2026-02-27,watch
2026-02-27,002176,2026-02-27,watch
2026-02-27,600227,2026-02-27,watch
2026-02-27,600470,2026-02-27,watch
2026-02-27,603077,2026-02-27,watch
2026-02-12,603466,2026-02-27,expired
2026-02-27,600227,2026-02-27,armed
2026-03-02,002099,2026-03-02,watch
2026-03-02,002141,2026-03-02,watch
2026-03-02,002970,2026-03-02,watch
2026-03-02,600478,2026-03-02,watch
2026-03-02,600540,2026-03-02,watch
2026-02-25,603331,2026-03-02,impulse_support_broken
2026-02-26,600722,2026-03-02,armed
2026-02-27,600227,2026-03-02,confirmed
2026-03-02,002099,2026-03-02,impulse_support_broken
2026-02-27,600227,2026-03-02,pending
2026-02-27,600227,2026-03-03,raw_entry_price_not_above_six
2026-03-03,002261,2026-03-03,watch
2026-03-03,002350,2026-03-03,watch
2026-03-03,002633,2026-03-03,watch
2026-02-24,600821,2026-03-03,expired
2026-02-26,002358,2026-03-03,impulse_support_broken
2026-02-26,600722,2026-03-03,failed_first_breakout
2026-03-02,002141,2026-03-03,impulse_support_broken
2026-03-02,002970,2026-03-03,impulse_support_broken
2026-03-02,600478,2026-03-03,impulse_support_broken
2026-03-03,002633,2026-03-03,impulse_support_broken
2026-03-04,000912,2026-03-04,watch
2026-03-04,002413,2026-03-04,watch
2026-03-04,600227,2026-03-04,watch
2026-03-05,002828,2026-03-05,watch
2026-03-05,600617,2026-03-05,watch
2026-03-05,605169,2026-03-05,watch
2026-03-02,600540,2026-03-05,impulse_support_broken
2026-03-04,600227,2026-03-05,impulse_support_broken
2026-03-05,002828,2026-03-05,impulse_support_broken
2026-03-05,600617,2026-03-05,impulse_support_broken
2026-03-05,605169,2026-03-05,impulse_support_broken
2026-03-06,000862,2026-03-06,watch
2026-03-06,002178,2026-03-06,watch
2026-02-27,000758,2026-03-06,expired
2026-02-27,002021,2026-03-06,armed
2026-02-27,002021,2026-03-06,expired
2026-02-27,002176,2026-03-06,expired
2026-02-27,600470,2026-03-06,expired
2026-02-27,603077,2026-03-06,expired
2026-03-09,002449,2026-03-09,watch
2026-03-09,002733,2026-03-09,watch
2026-03-09,600703,2026-03-09,watch
2026-03-06,002178,2026-03-09,armed
2026-03-10,000720,2026-03-10,watch
2026-03-10,000818,2026-03-10,watch
2026-03-10,002165,2026-03-10,watch
2026-03-10,002470,2026-03-10,watch
2026-03-10,600319,2026-03-10,watch
2026-03-10,601616,2026-03-10,watch
2026-03-03,002261,2026-03-10,expired
2026-03-03,002350,2026-03-10,expired
2026-03-04,002413,2026-03-10,armed
2026-03-10,002165,2026-03-10,armed
2026-03-11,001258,2026-03-11,watch
2026-03-04,000912,2026-03-11,expired
2026-03-04,002413,2026-03-11,expired
2026-03-10,000818,2026-03-11,armed
2026-03-10,002165,2026-03-11,failed_first_breakout
2026-03-12,002298,2026-03-12,watch
2026-03-12,002636,2026-03-12,watch
2026-03-12,002760,2026-03-12,watch
2026-03-12,002903,2026-03-12,watch
2026-03-12,603017,2026-03-12,watch
2026-03-12,605287,2026-03-12,watch
2026-03-10,000818,2026-03-12,confirmed
2026-03-10,000818,2026-03-12,pending
2026-03-10,000818,2026-03-13,entry_below_trigger
2026-03-13,000545,2026-03-13,watch
2026-03-13,002455,2026-03-13,watch
2026-03-06,000862,2026-03-13,expired
2026-03-06,002178,2026-03-13,expired
2026-03-10,002470,2026-03-13,armed
2026-03-10,601616,2026-03-13,impulse_support_broken
2026-03-16,001260,2026-03-16,watch
2026-03-16,002951,2026-03-16,watch
2026-03-16,601991,2026-03-16,watch
2026-03-16,603626,2026-03-16,watch
2026-03-16,603978,2026-03-16,watch
2026-03-09,002449,2026-03-16,expired
2026-03-09,002733,2026-03-16,expired
2026-03-09,600703,2026-03-16,expired
2026-03-10,002470,2026-03-16,failed_first_breakout
2026-03-12,605287,2026-03-16,impulse_support_broken
2026-03-16,001260,2026-03-16,impulse_support_broken
2026-03-16,002951,2026-03-16,armed
2026-03-17,001366,2026-03-17,watch
2026-03-17,002470,2026-03-17,watch
2026-03-17,002950,2026-03-17,watch
2026-03-17,600847,2026-03-17,watch
2026-03-17,603029,2026-03-17,watch
2026-03-10,000720,2026-03-17,impulse_support_broken
2026-03-10,600319,2026-03-17,expired
2026-03-12,002760,2026-03-17,impulse_support_broken
2026-03-13,002455,2026-03-17,impulse_support_broken
2026-03-16,603978,2026-03-17,impulse_support_broken
2026-03-17,001366,2026-03-17,impulse_support_broken
2026-03-17,002950,2026-03-17,armed
2026-03-18,000620,2026-03-18,watch
2026-03-18,001278,2026-03-18,watch
2026-03-11,001258,2026-03-18,expired
2026-03-12,002298,2026-03-18,armed
2026-03-16,002951,2026-03-18,impulse_support_broken
2026-03-16,601991,2026-03-18,armed
2026-03-17,002950,2026-03-18,confirmed
2026-03-18,000620,2026-03-18,armed
2026-03-18,001278,2026-03-18,impulse_support_broken
2026-03-17,002950,2026-03-18,pending
2026-03-17,002950,2026-03-19,entry_below_trigger
2026-03-19,600569,2026-03-19,watch
2026-03-12,002298,2026-03-19,failed_first_breakout
2026-03-12,002636,2026-03-19,expired
2026-03-12,002903,2026-03-19,expired
2026-03-12,603017,2026-03-19,expired
2026-03-16,601991,2026-03-19,impulse_support_broken
2026-03-16,603626,2026-03-19,impulse_support_broken
2026-03-17,603029,2026-03-19,impulse_support_broken
2026-03-19,600569,2026-03-19,impulse_support_broken
2026-03-20,000048,2026-03-20,watch
2026-03-20,000990,2026-03-20,watch
2026-03-20,603387,2026-03-20,watch
2026-03-13,000545,2026-03-20,impulse_support_broken
2026-03-17,600847,2026-03-20,impulse_support_broken
2026-03-18,000620,2026-03-20,impulse_support_broken
2026-03-20,000990,2026-03-20,impulse_support_broken
2026-03-20,603387,2026-03-20,impulse_support_broken
2026-03-23,002902,2026-03-23,watch
2026-03-23,600666,2026-03-23,watch
2026-03-23,601218,2026-03-23,watch
2026-03-17,002470,2026-03-23,impulse_support_broken
2026-03-20,000048,2026-03-23,impulse_support_broken
2026-03-23,600666,2026-03-23,impulse_support_broken
2026-03-24,002256,2026-03-24,watch
2026-03-24,002428,2026-03-24,watch
2026-03-23,002902,2026-03-25,armed
2026-03-26,002218,2026-03-26,watch
2026-03-26,002350,2026-03-26,watch
2026-03-23,002902,2026-03-26,confirmed
2026-03-26,002218,2026-03-26,impulse_support_broken
2026-03-23,002902,2026-03-26,pending
2026-03-23,002902,2026-03-27,position
2026-03-27,000070,2026-03-27,watch
2026-03-27,000889,2026-03-27,watch
2026-03-27,001400,2026-03-27,watch
2026-03-27,002479,2026-03-27,watch
2026-03-27,002491,2026-03-27,watch
2026-03-27,600589,2026-03-27,watch
2026-03-27,600698,2026-03-27,watch
2026-03-27,603175,2026-03-27,watch
2026-03-27,603938,2026-03-27,watch
2026-03-27,605366,2026-03-27,watch
2026-03-27,000889,2026-03-27,impulse_support_broken
2026-03-30,000692,2026-03-30,watch
2026-03-30,002902,2026-03-30,duplicate_active_origin
2026-03-30,600800,2026-03-30,watch
2026-03-30,601515,2026-03-30,watch
2026-03-30,603217,2026-03-30,watch
2026-03-23,601218,2026-03-30,impulse_support_broken
2026-03-26,002350,2026-03-30,impulse_support_broken
2026-03-30,600800,2026-03-30,impulse_support_broken
2026-03-31,002176,2026-03-31,watch
2026-03-31,002265,2026-03-31,watch
2026-03-31,002455,2026-03-31,watch
2026-03-31,600844,2026-03-31,watch
2026-03-23,002902,2026-03-31,closed
2026-03-24,002256,2026-03-31,impulse_support_broken
2026-03-24,002428,2026-03-31,expired
2026-04-01,002850,2026-04-01,watch
2026-04-01,002980,2026-04-01,watch
2026-04-01,600127,2026-04-01,watch
2026-04-01,601068,2026-04-01,watch
2026-04-01,603585,2026-04-01,watch
2026-03-27,605366,2026-04-01,armed
2026-03-31,600844,2026-04-01,impulse_support_broken
2026-04-01,601068,2026-04-01,impulse_support_broken
2026-04-02,000008,2026-04-02,watch
2026-04-02,000927,2026-04-02,watch
2026-04-02,002454,2026-04-02,watch
2026-04-02,002565,2026-04-02,watch
2026-04-02,002578,2026-04-02,watch
2026-04-02,002995,2026-04-02,watch
2026-04-02,600184,2026-04-02,watch
2026-04-02,600495,2026-04-02,watch
2026-03-27,603175,2026-04-02,impulse_support_broken
2026-03-30,000692,2026-04-02,impulse_support_broken
2026-04-01,002850,2026-04-02,armed
2026-04-01,600127,2026-04-02,armed
2026-04-01,603585,2026-04-02,armed
2026-04-02,000008,2026-04-02,impulse_support_broken
2026-04-02,002578,2026-04-02,impulse_support_broken
2026-04-03,002923,2026-04-03,watch
2026-04-03,600851,2026-04-03,watch
2026-04-03,601133,2026-04-03,watch
2026-03-27,000070,2026-04-03,expired
2026-03-27,001400,2026-04-03,expired
2026-03-27,002479,2026-04-03,expired
2026-03-27,002491,2026-04-03,expired
2026-03-27,600589,2026-04-03,impulse_support_broken
2026-03-27,600698,2026-04-03,impulse_support_broken
2026-03-27,603938,2026-04-03,expired
2026-03-27,605366,2026-04-03,expired
2026-03-31,002265,2026-04-03,impulse_support_broken
2026-03-31,002455,2026-04-03,impulse_support_broken
2026-04-01,002850,2026-04-03,failed_first_breakout
2026-04-01,600127,2026-04-03,failed_first_breakout
2026-04-01,603585,2026-04-03,confirmed
2026-04-02,002565,2026-04-03,impulse_support_broken
2026-04-02,002995,2026-04-03,impulse_support_broken
2026-04-02,600184,2026-04-03,armed
2026-04-03,002923,2026-04-03,impulse_support_broken
2026-04-01,603585,2026-04-03,pending
2026-04-01,603585,2026-04-07,position
2026-04-07,000968,2026-04-07,watch
2026-04-07,002828,2026-04-07,watch
2026-03-30,601515,2026-04-07,expired
2026-03-30,603217,2026-04-07,expired
2026-03-31,002176,2026-04-08,armed
2026-03-31,002176,2026-04-08,expired
2026-04-02,000927,2026-04-08,armed
2026-04-02,600495,2026-04-08,armed
2026-04-07,000968,2026-04-08,impulse_support_broken
2026-04-07,002828,2026-04-08,impulse_support_broken
2026-04-09,002132,2026-04-09,watch
2026-04-09,603968,2026-04-09,watch
2026-04-01,603585,2026-04-09,closed
2026-04-01,002980,2026-04-09,expired
2026-04-02,000927,2026-04-09,impulse_support_broken
2026-04-02,600184,2026-04-09,failed_first_breakout
2026-04-10,000551,2026-04-10,watch
2026-04-10,002042,2026-04-10,watch
2026-04-10,002181,2026-04-10,watch
2026-04-10,002188,2026-04-10,watch
2026-04-10,002421,2026-04-10,watch
2026-04-10,600186,2026-04-10,watch
2026-04-10,600841,2026-04-10,watch
2026-04-10,600984,2026-04-10,watch
2026-04-10,603196,2026-04-10,watch
2026-04-10,605258,2026-04-10,watch
2026-04-02,002454,2026-04-10,armed
2026-04-02,002454,2026-04-10,expired
2026-04-02,600495,2026-04-10,expired
2026-04-03,600851,2026-04-10,armed
2026-04-10,002188,2026-04-10,impulse_support_broken
2026-04-13,600330,2026-04-13,watch
2026-04-13,603216,2026-04-13,watch
2026-04-13,603863,2026-04-13,watch
2026-04-03,600851,2026-04-13,expired
2026-04-03,601133,2026-04-13,expired
2026-04-09,603968,2026-04-13,impulse_support_broken
2026-04-10,002181,2026-04-13,armed
2026-04-10,002421,2026-04-13,armed
2026-04-10,600984,2026-04-13,armed
2026-04-13,603216,2026-04-13,impulse_support_broken
2026-04-14,601999,2026-04-14,watch
2026-04-14,603093,2026-04-14,watch
2026-04-10,000551,2026-04-14,armed
2026-04-10,002181,2026-04-14,failed_first_breakout
2026-04-10,002421,2026-04-14,failed_first_breakout
2026-04-10,600984,2026-04-14,failed_first_breakout
2026-04-15,000026,2026-04-15,watch
2026-04-15,002321,2026-04-15,watch
2026-04-15,002943,2026-04-15,watch
2026-04-15,603177,2026-04-15,watch
2026-04-15,603682,2026-04-15,watch
2026-04-15,603803,2026-04-15,watch
2026-04-16,002213,2026-04-16,watch
2026-04-16,002229,2026-04-16,watch
2026-04-16,002885,2026-04-16,watch
2026-04-16,600396,2026-04-16,watch
2026-04-16,601588,2026-04-16,watch
2026-04-16,603002,2026-04-16,watch
2026-04-16,603026,2026-04-16,watch
2026-04-16,603171,2026-04-16,watch
2026-04-16,605167,2026-04-16,watch
2026-04-09,002132,2026-04-16,expired
2026-04-10,605258,2026-04-16,armed
2026-04-14,603093,2026-04-16,armed
2026-04-15,603682,2026-04-16,armed
2026-04-16,002885,2026-04-16,impulse_support_broken
2026-04-16,600396,2026-04-16,impulse_support_broken
2026-04-16,605167,2026-04-16,impulse_support_broken
2026-04-17,002589,2026-04-17,watch
2026-04-17,600267,2026-04-17,watch
2026-04-10,000551,2026-04-17,expired
2026-04-10,002042,2026-04-17,expired
2026-04-10,600186,2026-04-17,expired
2026-04-10,600841,2026-04-17,armed
2026-04-10,600841,2026-04-17,expired
2026-04-10,603196,2026-04-17,armed
2026-04-10,603196,2026-04-17,expired
2026-04-10,605258,2026-04-17,failed_first_breakout
2026-04-13,600330,2026-04-17,armed
2026-04-13,603863,2026-04-17,impulse_support_broken
2026-04-14,603093,2026-04-17,failed_first_breakout
2026-04-16,603002,2026-04-17,armed
2026-04-16,603026,2026-04-17,armed
2026-04-20,000815,2026-04-20,watch
2026-04-20,001203,2026-04-20,watch
2026-04-20,002771,2026-04-20,watch
2026-04-13,600330,2026-04-20,failed_first_breakout
2026-04-15,603177,2026-04-20,armed
2026-04-15,603803,2026-04-20,armed
2026-04-16,601588,2026-04-20,impulse_support_broken
2026-04-16,603002,2026-04-20,failed_first_breakout
2026-04-21,000037,2026-04-21,watch
2026-04-21,002628,2026-04-21,watch
2026-04-21,002802,2026-04-21,watch
2026-04-21,600683,2026-04-21,watch
2026-04-14,601999,2026-04-21,expired
2026-04-15,002943,2026-04-21,armed
2026-04-15,603177,2026-04-21,confirmed
2026-04-15,603682,2026-04-21,failed_first_breakout
2026-04-21,002802,2026-04-21,impulse_support_broken
2026-04-15,603177,2026-04-21,pending
2026-04-15,603177,2026-04-22,position
2026-04-22,600590,2026-04-22,watch
2026-04-22,603025,2026-04-22,watch
2026-04-22,603057,2026-04-22,watch
2026-04-22,605162,2026-04-22,watch
2026-04-15,000026,2026-04-22,expired
2026-04-15,002321,2026-04-22,armed
2026-04-15,002321,2026-04-22,expired
2026-04-15,002943,2026-04-22,expired
2026-04-15,603803,2026-04-22,expired
2026-04-16,002229,2026-04-22,armed
2026-04-16,603026,2026-04-22,failed_first_breakout
2026-04-21,002628,2026-04-22,armed
2026-04-21,600683,2026-04-22,armed
2026-04-23,000539,2026-04-23,watch
2026-04-23,000802,2026-04-23,watch
2026-04-23,000980,2026-04-23,watch
2026-04-23,003027,2026-04-23,watch
2026-04-23,603016,2026-04-23,watch
2026-04-23,603017,2026-04-23,watch
2026-04-23,603030,2026-04-23,watch
2026-04-23,603335,2026-04-23,watch
2026-04-23,605298,2026-04-23,watch
2026-04-16,002213,2026-04-23,impulse_support_broken
2026-04-16,002229,2026-04-23,failed_first_breakout
2026-04-16,603171,2026-04-23,expired
2026-04-17,002589,2026-04-23,impulse_support_broken
2026-04-20,002771,2026-04-23,impulse_support_broken
2026-04-21,002628,2026-04-23,failed_first_breakout
2026-04-21,600683,2026-04-23,failed_first_breakout
2026-04-22,603025,2026-04-23,impulse_support_broken
2026-04-23,000802,2026-04-23,impulse_support_broken
2026-04-23,603335,2026-04-23,impulse_support_broken
2026-04-24,002588,2026-04-24,watch
2026-04-24,600703,2026-04-24,watch
2026-04-24,601061,2026-04-24,watch
2026-04-24,603496,2026-04-24,watch
2026-04-24,605376,2026-04-24,watch
2026-04-15,603177,2026-04-24,closed
2026-04-17,600267,2026-04-24,armed
2026-04-17,600267,2026-04-24,expired
2026-04-20,000815,2026-04-24,impulse_support_broken
2026-04-22,605162,2026-04-24,impulse_support_broken
2026-04-23,000980,2026-04-24,impulse_support_broken
2026-04-23,603016,2026-04-24,armed
2026-04-27,002301,2026-04-27,watch
2026-04-27,002793,2026-04-27,watch
2026-04-20,001203,2026-04-27,expired
2026-04-22,600590,2026-04-27,impulse_support_broken
2026-04-22,603057,2026-04-27,armed
2026-04-23,603016,2026-04-27,failed_first_breakout
2026-04-23,603017,2026-04-27,impulse_support_broken
2026-04-23,605298,2026-04-27,armed
2026-04-24,002588,2026-04-27,impulse_support_broken
2026-04-24,601061,2026-04-27,armed
2026-04-24,605376,2026-04-27,armed
2026-04-27,002793,2026-04-27,armed
2026-04-28,600826,2026-04-28,watch
2026-04-28,603365,2026-04-28,watch
2026-04-28,603680,2026-04-28,watch
2026-04-21,000037,2026-04-28,expired
2026-04-23,003027,2026-04-28,armed
2026-04-24,605376,2026-04-28,failed_first_breakout
2026-04-27,002301,2026-04-28,impulse_support_broken
2026-04-27,002793,2026-04-28,confirmed
2026-04-27,002793,2026-04-28,pending
2026-04-27,002793,2026-04-29,raw_entry_price_not_above_six
2026-04-29,600637,2026-04-29,watch
2026-04-29,603657,2026-04-29,watch
2026-04-29,605006,2026-04-29,watch
2026-04-22,603057,2026-04-29,expired
2026-04-23,603030,2026-04-29,armed
2026-04-24,603496,2026-04-29,armed
2026-04-29,600637,2026-04-29,impulse_support_broken
2026-04-30,002902,2026-04-30,watch
2026-04-30,600744,2026-04-30,watch
2026-04-23,000539,2026-04-30,expired
2026-04-23,003027,2026-04-30,expired
2026-04-23,603030,2026-04-30,failed_first_breakout
2026-04-23,605298,2026-04-30,expired
2026-04-28,600826,2026-04-30,impulse_support_broken
2026-04-28,603365,2026-04-30,armed
2026-05-06,000692,2026-05-06,watch
2026-05-06,002520,2026-05-06,watch
2026-05-06,002786,2026-05-06,watch
2026-05-06,603013,2026-05-06,watch
2026-05-06,603256,2026-05-06,watch
2026-05-06,603516,2026-05-06,watch
2026-05-06,603803,2026-05-06,watch
2026-04-24,600703,2026-05-06,expired
2026-04-24,601061,2026-05-06,expired
2026-04-24,603496,2026-05-06,expired
2026-04-28,603365,2026-05-06,failed_first_breakout
2026-04-28,603680,2026-05-06,armed
2026-05-06,603013,2026-05-06,armed
2026-05-06,603256,2026-05-06,armed
2026-05-06,603516,2026-05-06,impulse_support_broken
2026-05-07,603190,2026-05-07,watch
2026-04-28,603680,2026-05-07,failed_first_breakout
2026-05-06,000692,2026-05-07,armed
2026-05-06,603013,2026-05-07,failed_first_breakout
2026-05-06,603256,2026-05-07,confirmed
2026-05-07,603190,2026-05-07,armed
2026-05-06,603256,2026-05-07,pending
2026-05-06,603256,2026-05-08,position
2026-05-08,600113,2026-05-08,watch
2026-05-08,603936,2026-05-08,watch
2026-05-08,603937,2026-05-08,watch
2026-05-08,603978,2026-05-08,watch
2026-05-08,605303,2026-05-08,watch
2026-04-30,002902,2026-05-08,armed
2026-05-06,002786,2026-05-08,armed
2026-05-11,000889,2026-05-11,watch
2026-05-11,600719,2026-05-11,watch
2026-05-11,603598,2026-05-11,watch
2026-05-11,605158,2026-05-11,watch
2026-04-29,603657,2026-05-11,expired
2026-04-29,605006,2026-05-11,armed
2026-04-29,605006,2026-05-11,expired
2026-04-30,002902,2026-05-11,failed_first_breakout
2026-04-30,600744,2026-05-11,armed
2026-05-06,002786,2026-05-11,failed_first_breakout
2026-05-11,000889,2026-05-11,impulse_support_broken
2026-05-11,605158,2026-05-11,impulse_support_broken
2026-05-12,002256,2026-05-12,watch
2026-05-12,002474,2026-05-12,watch
2026-05-12,002624,2026-05-12,watch
2026-05-12,002642,2026-05-12,watch
2026-05-12,002902,2026-05-12,watch
2026-05-12,600783,2026-05-12,watch
2026-05-12,600936,2026-05-12,watch
2026-05-12,605086,2026-05-12,watch
2026-05-12,605566,2026-05-12,watch
2026-05-06,603256,2026-05-12,closed
2026-04-30,600744,2026-05-12,failed_first_breakout
2026-05-07,603190,2026-05-12,failed_first_breakout
2026-05-08,600113,2026-05-12,impulse_support_broken
2026-05-12,002624,2026-05-12,impulse_support_broken
2026-05-13,001331,2026-05-13,watch
2026-05-13,002066,2026-05-13,watch
2026-05-13,002108,2026-05-13,watch
2026-05-13,002585,2026-05-13,watch
2026-05-13,002623,2026-05-13,watch
2026-05-13,600184,2026-05-13,watch
2026-05-13,600236,2026-05-13,watch
2026-05-13,600748,2026-05-13,watch
2026-05-13,600854,2026-05-13,watch
2026-05-13,603757,2026-05-13,watch
2026-05-06,000692,2026-05-13,failed_first_breakout
2026-05-06,002520,2026-05-13,expired
2026-05-06,603803,2026-05-13,expired
2026-05-12,002256,2026-05-13,armed
2026-05-12,002474,2026-05-13,armed
2026-05-12,605086,2026-05-13,impulse_support_broken
2026-05-13,001331,2026-05-13,armed
2026-05-13,002108,2026-05-13,impulse_support_broken
2026-05-13,603757,2026-05-13,armed
2026-05-14,002522,2026-05-14,watch
2026-05-14,603037,2026-05-14,watch
2026-05-14,603211,2026-05-14,watch
2026-05-14,603320,2026-05-14,watch
2026-05-14,603331,2026-05-14,watch
2026-05-14,605198,2026-05-14,watch
2026-05-08,603978,2026-05-14,armed
2026-05-12,600783,2026-05-14,impulse_support_broken
2026-05-13,002066,2026-05-14,impulse_support_broken
2026-05-13,600748,2026-05-14,impulse_support_broken
2026-05-14,603037,2026-05-14,impulse_support_broken
2026-05-15,000601,2026-05-15,watch
2026-05-15,002015,2026-05-15,watch
2026-05-15,002290,2026-05-15,watch
2026-05-15,002310,2026-05-15,watch
2026-05-15,002498,2026-05-15,watch
2026-05-15,002628,2026-05-15,watch
2026-05-15,002843,2026-05-15,watch
2026-05-15,002993,2026-05-15,watch
2026-05-15,600758,2026-05-15,watch
2026-05-15,600982,2026-05-15,watch
2026-05-08,603936,2026-05-15,expired
2026-05-08,603937,2026-05-15,expired
2026-05-08,603978,2026-05-15,confirmed
2026-05-08,605303,2026-05-15,armed
2026-05-08,605303,2026-05-15,expired
2026-05-12,002474,2026-05-15,failed_first_breakout
2026-05-12,605566,2026-05-15,armed
2026-05-13,001331,2026-05-15,failed_first_breakout
2026-05-13,603757,2026-05-15,failed_first_breakout
2026-05-14,002522,2026-05-15,impulse_support_broken
2026-05-15,000601,2026-05-15,impulse_support_broken
2026-05-15,002310,2026-05-15,impulse_support_broken
2026-05-15,002498,2026-05-15,impulse_support_broken
2026-05-15,002628,2026-05-15,impulse_support_broken
2026-05-15,002843,2026-05-15,impulse_support_broken
2026-05-15,600982,2026-05-15,impulse_support_broken
2026-05-08,603978,2026-05-15,pending
2026-05-08,603978,2026-05-18,position
2026-05-18,600509,2026-05-18,watch
2026-05-18,605366,2026-05-18,watch
2026-05-11,600719,2026-05-18,expired
2026-05-11,603598,2026-05-18,expired
2026-05-12,002642,2026-05-18,armed
2026-05-12,605566,2026-05-18,confirmed
2026-05-13,600236,2026-05-18,armed
2026-05-13,600854,2026-05-18,armed
2026-05-14,603320,2026-05-18,armed
2026-05-15,002015,2026-05-18,impulse_support_broken
2026-05-15,002993,2026-05-18,armed
2026-05-15,600758,2026-05-18,armed
2026-05-12,605566,2026-05-18,pending
2026-05-12,605566,2026-05-19,entry_below_trigger
2026-05-19,600510,2026-05-19,watch
2026-05-19,603677,2026-05-19,watch
2026-05-12,002256,2026-05-19,expired
2026-05-12,002642,2026-05-19,confirmed
2026-05-12,002902,2026-05-19,expired
2026-05-12,600936,2026-05-19,armed
2026-05-12,600936,2026-05-19,expired
2026-05-13,002585,2026-05-19,armed
2026-05-13,002623,2026-05-19,armed
2026-05-13,600854,2026-05-19,failed_first_breakout
2026-05-14,603320,2026-05-19,failed_first_breakout
2026-05-15,600758,2026-05-19,confirmed
2026-05-18,605366,2026-05-19,armed
2026-05-12,002642,2026-05-19,pending
2026-05-15,600758,2026-05-19,pending
2026-05-12,002642,2026-05-20,position
2026-05-15,600758,2026-05-20,raw_entry_price_not_above_six
2026-05-20,001258,2026-05-20,watch
2026-05-20,600640,2026-05-20,watch
2026-05-20,603060,2026-05-20,watch
2026-05-20,603657,2026-05-20,watch
2026-05-20,605123,2026-05-20,watch
2026-05-20,605303,2026-05-20,watch
2026-05-08,603978,2026-05-20,closed
2026-05-13,002585,2026-05-20,expired
2026-05-13,002623,2026-05-20,impulse_support_broken
2026-05-13,600184,2026-05-20,armed
2026-05-13,600184,2026-05-20,expired
2026-05-13,600236,2026-05-20,impulse_support_broken
2026-05-14,603211,2026-05-20,armed
2026-05-14,603331,2026-05-20,impulse_support_broken
2026-05-15,002290,2026-05-20,armed
2026-05-15,002993,2026-05-20,failed_first_breakout
2026-05-18,605366,2026-05-20,failed_first_breakout
2026-05-19,600510,2026-05-20,armed
2026-05-21,002375,2026-05-21,watch
2026-05-21,600021,2026-05-21,watch
2026-05-21,600481,2026-05-21,watch
2026-05-21,600863,2026-05-21,watch
2026-05-21,603206,2026-05-21,watch
2026-05-21,603333,2026-05-21,watch
2026-05-21,605218,2026-05-21,watch
2026-05-21,605488,2026-05-21,watch
2026-05-14,603211,2026-05-21,failed_first_breakout
2026-05-14,605198,2026-05-21,expired
2026-05-15,002290,2026-05-21,failed_first_breakout
2026-05-18,600509,2026-05-21,impulse_support_broken
2026-05-19,600510,2026-05-21,impulse_support_broken
2026-05-21,002375,2026-05-21,impulse_support_broken
2026-05-22,000880,2026-05-22,watch
2026-05-22,001269,2026-05-22,watch
2026-05-22,002158,2026-05-22,watch
2026-05-22,002796,2026-05-22,watch
2026-05-22,600615,2026-05-22,watch
2026-05-22,603005,2026-05-22,watch
2026-05-12,002642,2026-05-22,closed
2026-05-19,603677,2026-05-22,armed
2026-05-20,600640,2026-05-22,impulse_support_broken
2026-05-21,600863,2026-05-22,armed
2026-05-21,603206,2026-05-22,impulse_support_broken
2026-05-22,000880,2026-05-22,impulse_support_broken
2026-05-22,002796,2026-05-22,impulse_support_broken
2026-05-19,603677,2026-05-25,failed_first_breakout
2026-05-20,603657,2026-05-25,impulse_support_broken
2026-05-21,600021,2026-05-25,armed
2026-05-21,600863,2026-05-25,confirmed
2026-05-22,603005,2026-05-25,armed
2026-05-21,600863,2026-05-25,pending
2026-05-21,600863,2026-05-26,raw_entry_price_not_above_six
2026-05-26,001366,2026-05-26,watch
2026-05-26,002453,2026-05-26,watch
2026-05-26,600303,2026-05-26,watch
2026-05-26,600683,2026-05-26,watch
2026-05-26,605180,2026-05-26,watch
2026-05-26,605376,2026-05-26,watch
2026-05-20,603060,2026-05-26,impulse_support_broken
2026-05-21,600021,2026-05-26,confirmed
2026-05-21,603333,2026-05-26,impulse_support_broken
2026-05-21,605218,2026-05-26,impulse_support_broken
2026-05-22,002158,2026-05-26,impulse_support_broken
2026-05-22,603005,2026-05-26,failed_first_breakout
2026-05-21,600021,2026-05-26,pending
2026-05-21,600021,2026-05-27,position
2026-05-27,000980,2026-05-27,watch
2026-05-27,002012,2026-05-27,factor_changed_anchor
2026-05-27,002674,2026-05-27,watch
2026-05-27,002735,2026-05-27,watch
2026-05-27,002897,2026-05-27,watch
2026-05-27,002927,2026-05-27,watch
2026-05-27,002976,2026-05-27,watch
2026-05-27,600395,2026-05-27,watch
2026-05-27,600503,2026-05-27,watch
2026-05-27,601608,2026-05-27,watch
2026-05-27,605198,2026-05-27,watch
2026-05-20,001258,2026-05-27,expired
2026-05-20,605123,2026-05-27,impulse_support_broken
2026-05-20,605303,2026-05-27,expired
2026-05-21,600481,2026-05-27,impulse_support_broken
2026-05-22,600615,2026-05-27,impulse_support_broken
2026-05-26,600303,2026-05-27,impulse_support_broken
2026-05-27,601608,2026-05-27,impulse_support_broken
2026-05-28,600367,2026-05-28,watch
2026-05-21,605488,2026-05-28,expired
2026-05-26,605180,2026-05-28,impulse_support_broken
2026-05-29,600744,2026-05-29,watch
2026-05-29,603895,2026-05-29,watch
2026-05-21,600021,2026-05-29,closed
2026-05-22,001269,2026-05-29,armed
2026-05-22,001269,2026-05-29,expired
2026-05-26,001366,2026-05-29,impulse_support_broken
2026-05-27,600503,2026-05-29,impulse_support_broken
2026-05-27,605198,2026-05-29,armed
2026-06-01,000889,2026-06-01,watch
2026-06-01,000920,2026-06-01,watch
2026-06-01,002210,2026-06-01,watch
2026-06-01,002263,2026-06-01,watch
2026-06-01,002350,2026-06-01,watch
2026-06-01,002397,2026-06-01,watch
2026-06-01,002613,2026-06-01,watch
2026-06-01,002918,2026-06-01,watch
2026-06-01,002951,2026-06-01,watch
2026-06-01,600063,2026-06-01,watch
2026-06-01,600172,2026-06-01,watch
2026-06-01,603032,2026-06-01,watch
2026-06-01,603050,2026-06-01,watch
2026-06-01,603682,2026-06-01,watch
2026-05-27,002897,2026-06-01,factor_changed_observation
2026-05-27,605198,2026-06-01,failed_first_breakout
2026-05-28,600367,2026-06-01,armed
2026-06-01,002350,2026-06-01,impulse_support_broken
2026-06-01,002918,2026-06-01,impulse_support_broken
2026-06-01,603032,2026-06-01,impulse_support_broken
2026-05-26,002453,2026-06-02,expired
2026-05-26,600683,2026-06-02,impulse_support_broken
2026-05-26,605376,2026-06-02,expired
2026-05-27,002674,2026-06-02,impulse_support_broken
2026-05-27,002976,2026-06-02,impulse_support_broken
2026-05-28,600367,2026-06-02,confirmed
2026-06-01,603050,2026-06-02,impulse_support_broken
2026-06-01,603682,2026-06-02,armed
2026-05-28,600367,2026-06-02,pending
2026-05-28,600367,2026-06-03,entry_gap_above_two_pct
2026-06-03,001314,2026-06-03,factor_changed_anchor
2026-06-03,002235,2026-06-03,watch
2026-06-03,002356,2026-06-03,watch
2026-06-03,002580,2026-06-03,watch
2026-06-03,002795,2026-06-03,watch
2026-06-03,002830,2026-06-03,watch
2026-06-03,600463,2026-06-03,watch
2026-06-03,600503,2026-06-03,watch
2026-06-03,600617,2026-06-03,watch
2026-06-03,600841,2026-06-03,watch
2026-06-03,600847,2026-06-03,watch
2026-06-03,600981,2026-06-03,watch
2026-06-03,601001,2026-06-03,watch
2026-06-03,601101,2026-06-03,watch
2026-06-03,603341,2026-06-03,watch
2026-06-03,603725,2026-06-03,watch
2026-05-27,000980,2026-06-03,expired
2026-05-27,002735,2026-06-03,expired
2026-05-27,002927,2026-06-03,expired
2026-05-27,600395,2026-06-03,expired
2026-05-29,603895,2026-06-03,impulse_support_broken
2026-06-01,000920,2026-06-03,armed
2026-06-03,002795,2026-06-03,impulse_support_broken
2026-06-04,000055,2026-06-04,watch
2026-06-04,002897,2026-06-04,watch
2026-06-04,002975,2026-06-04,watch
2026-06-01,000889,2026-06-04,impulse_support_broken
2026-06-03,002580,2026-06-04,impulse_support_broken
2026-06-03,002830,2026-06-04,factor_changed_observation
2026-06-03,600463,2026-06-04,impulse_support_broken
2026-06-03,603341,2026-06-04,factor_changed_observation
2026-06-04,000055,2026-06-04,impulse_support_broken
2026-06-05,001259,2026-06-05,watch
2026-06-05,002023,2026-06-05,watch
2026-06-05,002125,2026-06-05,watch
2026-06-05,002875,2026-06-05,watch
2026-06-05,600310,2026-06-05,watch
2026-06-05,601798,2026-06-05,watch
2026-05-29,600744,2026-06-05,expired
2026-06-03,600841,2026-06-05,armed
2026-06-04,002975,2026-06-05,impulse_support_broken
2026-06-05,002875,2026-06-05,impulse_support_broken
2026-06-05,600310,2026-06-05,impulse_support_broken
2026-06-05,601798,2026-06-05,impulse_support_broken
2026-06-08,000718,2026-06-08,watch
2026-06-08,002213,2026-06-08,watch
2026-06-08,600246,2026-06-08,watch
2026-06-08,605162,2026-06-08,watch
2026-06-01,000920,2026-06-08,expired
2026-06-01,002210,2026-06-08,impulse_support_broken
2026-06-01,002263,2026-06-08,expired
2026-06-01,002397,2026-06-08,impulse_support_broken
2026-06-01,002613,2026-06-08,armed
2026-06-01,002613,2026-06-08,expired
2026-06-01,002951,2026-06-08,expired
2026-06-01,600063,2026-06-08,expired
2026-06-01,600172,2026-06-08,impulse_support_broken
2026-06-01,603682,2026-06-08,expired
2026-06-03,600617,2026-06-08,impulse_support_broken
2026-06-03,600841,2026-06-08,impulse_support_broken
2026-06-03,601101,2026-06-08,armed
2026-06-05,001259,2026-06-08,impulse_support_broken
2026-06-08,605162,2026-06-08,impulse_support_broken
2026-06-09,000520,2026-06-09,watch
2026-06-03,002235,2026-06-09,impulse_support_broken
2026-06-03,002356,2026-06-09,impulse_support_broken
2026-06-05,002023,2026-06-09,armed
2026-06-08,002213,2026-06-09,armed
2026-06-10,000068,2026-06-10,watch
2026-06-10,000517,2026-06-10,watch
2026-06-10,000970,2026-06-10,watch
2026-06-10,002613,2026-06-10,watch
2026-06-10,603206,2026-06-10,watch
2026-06-03,600503,2026-06-10,impulse_support_broken
2026-06-03,600847,2026-06-10,expired
2026-06-03,600981,2026-06-10,expired
2026-06-03,601001,2026-06-10,expired
2026-06-03,601101,2026-06-10,expired
2026-06-03,603725,2026-06-10,expired
2026-06-10,000517,2026-06-10,impulse_support_broken
2026-06-10,002613,2026-06-10,impulse_support_broken
2026-06-11,000509,2026-06-11,watch
2026-06-11,002137,2026-06-11,watch
2026-06-11,002263,2026-06-11,watch
2026-06-11,002747,2026-06-11,watch
2026-06-11,002871,2026-06-11,watch
2026-06-11,002976,2026-06-11,watch
2026-06-11,600110,2026-06-11,watch
2026-06-11,600198,2026-06-11,watch
2026-06-11,600579,2026-06-11,watch
2026-06-11,603163,2026-06-11,watch
2026-06-11,605069,2026-06-11,watch
2026-06-04,002897,2026-06-11,impulse_support_broken
2026-06-05,002125,2026-06-11,factor_changed_observation
2026-06-08,000718,2026-06-11,impulse_support_broken
2026-06-08,002213,2026-06-11,confirmed
2026-06-08,600246,2026-06-11,armed
2026-06-09,000520,2026-06-11,impulse_support_broken
2026-06-10,000068,2026-06-11,impulse_support_broken
2026-06-10,000970,2026-06-11,factor_changed_observation
2026-06-11,000509,2026-06-11,impulse_support_broken
2026-06-11,002747,2026-06-11,impulse_support_broken
2026-06-11,605069,2026-06-11,armed
2026-06-08,002213,2026-06-11,pending
2026-06-08,002213,2026-06-12,position
2026-06-12,000029,2026-06-12,watch
2026-06-12,002081,2026-06-12,watch
2026-06-12,002256,2026-06-12,watch
2026-06-12,002830,2026-06-12,watch
2026-06-12,003026,2026-06-12,watch
2026-06-12,600058,2026-06-12,watch
2026-06-12,600229,2026-06-12,watch
2026-06-12,600843,2026-06-12,watch
2026-06-12,603220,2026-06-12,watch
2026-06-05,002023,2026-06-12,failed_first_breakout
2026-06-08,600246,2026-06-12,impulse_support_broken
2026-06-11,002137,2026-06-12,impulse_support_broken
2026-06-11,002976,2026-06-12,armed
2026-06-11,603163,2026-06-12,factor_changed_observation
2026-06-11,605069,2026-06-12,failed_first_breakout
2026-06-12,000029,2026-06-12,impulse_support_broken
2026-06-12,002081,2026-06-12,impulse_support_broken
2026-06-12,002830,2026-06-12,armed
2026-06-12,003026,2026-06-12,impulse_support_broken
2026-06-12,603220,2026-06-12,impulse_support_broken
2026-06-15,002119,2026-06-15,watch
2026-06-15,002842,2026-06-15,watch
2026-06-15,002965,2026-06-15,watch
2026-06-15,600108,2026-06-15,watch
2026-06-15,600459,2026-06-15,watch
2026-06-15,601137,2026-06-15,watch
2026-06-15,603324,2026-06-15,watch
2026-06-15,603657,2026-06-15,watch
2026-06-15,605069,2026-06-15,watch
2026-06-11,002263,2026-06-15,armed
2026-06-11,002871,2026-06-15,armed
2026-06-11,600110,2026-06-15,armed
2026-06-12,002256,2026-06-15,armed
2026-06-12,600229,2026-06-15,impulse_support_broken
2026-06-15,002965,2026-06-15,armed
2026-06-16,000969,2026-06-16,watch
2026-06-16,002270,2026-06-16,watch
2026-06-16,002830,2026-06-16,duplicate_active_origin
2026-06-16,002976,2026-06-16,duplicate_active_origin
2026-06-08,002213,2026-06-16,closed
2026-06-11,002263,2026-06-16,confirmed
2026-06-11,002976,2026-06-16,impulse_support_broken
2026-06-11,600110,2026-06-16,failed_first_breakout
2026-06-11,600579,2026-06-16,armed
2026-06-15,002842,2026-06-16,factor_changed_observation
2026-06-15,002965,2026-06-16,confirmed
2026-06-15,600108,2026-06-16,armed
2026-06-15,002965,2026-06-16,pending
2026-06-11,002263,2026-06-16,pending
2026-06-11,002263,2026-06-17,raw_entry_price_not_above_six
2026-06-15,002965,2026-06-17,position
2026-06-17,000545,2026-06-17,watch
2026-06-17,000700,2026-06-17,watch
2026-06-17,002021,2026-06-17,watch
2026-06-17,002040,2026-06-17,watch
2026-06-17,002137,2026-06-17,watch
2026-06-17,600375,2026-06-17,watch
2026-06-17,603678,2026-06-17,watch
2026-06-17,603727,2026-06-17,watch
2026-06-10,603206,2026-06-17,expired
2026-06-11,002871,2026-06-17,impulse_support_broken
2026-06-11,600579,2026-06-17,confirmed
2026-06-15,002119,2026-06-17,armed
2026-06-15,601137,2026-06-17,armed
2026-06-15,605069,2026-06-17,armed
2026-06-17,002040,2026-06-17,impulse_support_broken
2026-06-17,600375,2026-06-17,impulse_support_broken
2026-06-11,600579,2026-06-17,pending
2026-06-11,600579,2026-06-18,entry_gap_above_two_pct
2026-06-18,000791,2026-06-18,watch
2026-06-18,002782,2026-06-18,watch
2026-06-18,002885,2026-06-18,watch
2026-06-18,002990,2026-06-18,watch
2026-06-18,603196,2026-06-18,watch
2026-06-18,603516,2026-06-18,factor_changed_anchor
2026-06-11,600198,2026-06-18,expired
2026-06-15,002119,2026-06-18,failed_first_breakout
2026-06-15,600108,2026-06-18,failed_first_breakout
2026-06-15,605069,2026-06-18,failed_first_breakout
2026-06-16,000969,2026-06-18,factor_changed_observation
2026-06-18,000791,2026-06-18,impulse_support_broken
2026-06-18,603196,2026-06-18,armed
2026-06-22,000050,2026-06-22,watch
2026-06-22,000725,2026-06-22,factor_changed_anchor
2026-06-22,002906,2026-06-22,watch
2026-06-22,603115,2026-06-22,watch
2026-06-22,603880,2026-06-22,watch
2026-06-15,002965,2026-06-22,closed
2026-06-12,002256,2026-06-22,expired
2026-06-12,002830,2026-06-22,expired
2026-06-12,600058,2026-06-22,armed
2026-06-12,600058,2026-06-22,expired
2026-06-12,600843,2026-06-22,expired
2026-06-17,002021,2026-06-22,impulse_support_broken
2026-06-18,603196,2026-06-22,failed_first_breakout
2026-06-23,002392,2026-06-23,watch
2026-06-23,002491,2026-06-23,watch
2026-06-23,002579,2026-06-23,watch
2026-06-23,600076,2026-06-23,watch
2026-06-23,603223,2026-06-23,watch
2026-06-15,600459,2026-06-23,expired
2026-06-15,601137,2026-06-23,expired
2026-06-15,603324,2026-06-23,armed
2026-06-15,603324,2026-06-23,expired
2026-06-15,603657,2026-06-23,expired
2026-06-22,603115,2026-06-23,impulse_support_broken
2026-06-22,603880,2026-06-23,armed
2026-06-24,000962,2026-06-24,factor_changed_anchor
2026-06-24,002312,2026-06-24,watch
2026-06-24,002418,2026-06-24,watch
2026-06-24,002428,2026-06-24,watch
2026-06-24,002655,2026-06-24,watch
2026-06-24,002657,2026-06-24,watch
2026-06-24,600497,2026-06-24,watch
2026-06-24,600552,2026-06-24,watch
2026-06-24,600961,2026-06-24,watch
2026-06-24,603012,2026-06-24,watch
2026-06-16,002270,2026-06-24,expired
2026-06-17,000700,2026-06-24,impulse_support_broken
2026-06-17,603678,2026-06-24,armed
2026-06-22,603880,2026-06-24,impulse_support_broken
2026-06-23,002491,2026-06-24,armed
2026-06-25,000551,2026-06-25,watch
2026-06-25,000882,2026-06-25,watch
2026-06-25,002453,2026-06-25,watch
2026-06-25,600506,2026-06-25,watch
2026-06-25,603122,2026-06-25,watch
2026-06-17,000545,2026-06-25,expired
2026-06-17,002137,2026-06-25,expired
2026-06-17,603678,2026-06-25,failed_first_breakout
2026-06-17,603727,2026-06-25,expired
2026-06-18,002782,2026-06-25,impulse_support_broken
2026-06-18,002990,2026-06-25,armed
2026-06-22,002906,2026-06-25,impulse_support_broken
2026-06-23,002491,2026-06-25,failed_first_breakout
2026-06-23,600076,2026-06-25,impulse_support_broken
2026-06-25,000882,2026-06-25,impulse_support_broken
2026-06-25,002453,2026-06-25,impulse_support_broken
2026-06-25,600506,2026-06-25,impulse_support_broken
2026-06-25,603122,2026-06-25,impulse_support_broken
2026-06-26,000566,2026-06-26,watch
2026-06-26,002354,2026-06-26,watch
2026-06-26,600703,2026-06-26,watch
2026-06-26,603317,2026-06-26,watch
2026-06-26,603698,2026-06-26,watch
2026-06-26,603948,2026-06-26,watch
2026-06-26,605598,2026-06-26,watch
2026-06-18,002885,2026-06-26,expired
2026-06-18,002990,2026-06-26,confirmed
2026-06-23,002392,2026-06-26,impulse_support_broken
2026-06-24,002418,2026-06-26,impulse_support_broken
2026-06-24,002655,2026-06-26,armed
2026-06-24,603012,2026-06-26,armed
2026-06-26,000566,2026-06-26,impulse_support_broken
2026-06-26,603317,2026-06-26,impulse_support_broken
2026-06-26,603698,2026-06-26,armed
2026-06-26,603948,2026-06-26,impulse_support_broken
2026-06-18,002990,2026-06-26,pending
2026-06-18,002990,2026-06-29,position
2026-06-29,000818,2026-06-29,watch
2026-06-29,002484,2026-06-29,watch
2026-06-29,002518,2026-06-29,watch
2026-06-29,002980,2026-06-29,watch
2026-06-29,600857,2026-06-29,watch
2026-06-29,603500,2026-06-29,watch
2026-06-29,605300,2026-06-29,watch
2026-06-22,000050,2026-06-29,expired
2026-06-26,603698,2026-06-29,failed_first_breakout
2026-06-29,000818,2026-06-29,impulse_support_broken
2026-06-29,002518,2026-06-29,impulse_support_broken
2026-06-29,603500,2026-06-29,impulse_support_broken
2026-06-29,605300,2026-06-29,armed
2026-06-30,001210,2026-06-30,watch
2026-06-30,001289,2026-06-30,factor_changed_anchor
2026-06-30,002930,2026-06-30,watch
2026-06-30,600545,2026-06-30,watch
2026-06-30,600962,2026-06-30,watch
2026-06-30,603861,2026-06-30,watch
2026-06-23,002579,2026-06-30,expired
2026-06-23,603223,2026-06-30,expired
2026-06-24,002428,2026-06-30,armed
2026-06-26,600703,2026-06-30,armed
2026-06-29,002980,2026-06-30,armed
2026-06-29,605300,2026-06-30,failed_first_breakout
2026-06-30,001210,2026-06-30,armed
2026-06-30,603861,2026-06-30,impulse_support_broken
2026-07-01,002639,2026-07-01,watch
2026-07-01,600222,2026-07-01,watch
2026-07-01,600468,2026-07-01,watch
2026-07-01,603516,2026-07-01,watch
2026-07-01,605300,2026-07-01,watch
2026-06-18,002990,2026-07-01,closed
2026-06-24,002312,2026-07-01,armed
2026-06-24,002312,2026-07-01,expired
2026-06-24,002428,2026-07-01,expired
2026-06-24,002655,2026-07-01,impulse_support_broken
2026-06-24,002657,2026-07-01,armed
2026-06-24,002657,2026-07-01,expired
2026-06-24,600497,2026-07-01,armed
2026-06-24,600497,2026-07-01,expired
2026-06-24,600552,2026-07-01,expired
2026-06-24,600961,2026-07-01,expired
2026-06-24,603012,2026-07-01,expired
2026-06-29,002980,2026-07-01,impulse_support_broken
2026-06-29,600857,2026-07-01,armed
2026-06-30,001210,2026-07-01,failed_first_breakout
2026-07-01,605300,2026-07-01,impulse_support_broken
2026-07-02,000801,2026-07-02,watch
2026-07-02,000938,2026-07-02,watch
2026-07-02,002310,2026-07-02,watch
2026-07-02,002638,2026-07-02,watch
2026-07-02,600601,2026-07-02,watch
2026-07-02,603125,2026-07-02,watch
2026-07-02,603222,2026-07-02,watch
2026-07-02,603226,2026-07-02,watch
2026-07-02,603366,2026-07-02,watch
2026-07-02,603928,2026-07-02,watch
2026-06-25,000551,2026-07-02,expired
2026-06-26,002354,2026-07-02,armed
2026-06-26,600703,2026-07-02,impulse_support_broken
2026-06-26,605598,2026-07-02,armed
2026-06-29,002484,2026-07-02,impulse_support_broken
2026-06-29,600857,2026-07-02,confirmed
2026-06-30,600545,2026-07-02,impulse_support_broken
2026-06-30,600962,2026-07-02,armed
2026-07-01,603516,2026-07-02,impulse_support_broken
2026-07-02,002638,2026-07-02,impulse_support_broken
2026-06-29,600857,2026-07-02,pending
2026-06-29,600857,2026-07-03,position
2026-07-03,000068,2026-07-03,watch
2026-07-03,000733,2026-07-03,watch
2026-07-03,000757,2026-07-03,watch
2026-07-03,001256,2026-07-03,watch
2026-07-03,002232,2026-07-03,watch
2026-07-03,002313,2026-07-03,watch
2026-07-03,002396,2026-07-03,watch
2026-07-03,002747,2026-07-03,watch
2026-07-03,600076,2026-07-03,watch
2026-07-03,600113,2026-07-03,watch
2026-07-03,600208,2026-07-03,watch
2026-07-03,600725,2026-07-03,watch
2026-07-03,600845,2026-07-03,watch
2026-07-03,603859,2026-07-03,watch
2026-07-03,605289,2026-07-03,watch
2026-06-26,002354,2026-07-03,expired
2026-06-26,605598,2026-07-03,confirmed
2026-07-02,603125,2026-07-03,impulse_support_broken
2026-07-03,000733,2026-07-03,impulse_support_broken
2026-07-03,002396,2026-07-03,armed
2026-07-03,600113,2026-07-03,impulse_support_broken
2026-07-03,605289,2026-07-03,impulse_support_broken
2026-06-26,605598,2026-07-03,pending
2026-06-26,605598,2026-07-06,position
2026-07-06,000572,2026-07-06,watch
2026-07-06,000592,2026-07-06,watch
2026-07-06,000601,2026-07-06,watch
2026-07-06,000890,2026-07-06,watch
2026-07-06,000892,2026-07-06,watch
2026-07-06,000955,2026-07-06,watch
2026-07-06,002596,2026-07-06,watch
2026-07-06,002652,2026-07-06,watch
2026-07-06,002826,2026-07-06,watch
2026-07-06,002995,2026-07-06,watch
2026-07-06,600156,2026-07-06,watch
2026-07-06,600815,2026-07-06,watch
2026-07-06,603273,2026-07-06,watch
2026-07-06,603538,2026-07-06,watch
2026-07-06,603897,2026-07-06,watch
2026-07-06,605286,2026-07-06,watch
2026-06-29,600857,2026-07-06,closed
2026-06-30,600962,2026-07-06,impulse_support_broken
2026-07-01,002639,2026-07-06,impulse_support_broken
2026-07-01,600468,2026-07-06,impulse_support_broken
2026-07-02,603366,2026-07-06,armed
2026-07-03,002313,2026-07-06,impulse_support_broken
2026-07-03,002396,2026-07-06,failed_first_breakout
2026-07-03,600076,2026-07-06,impulse_support_broken
2026-07-03,603859,2026-07-06,impulse_support_broken
2026-07-06,000592,2026-07-06,impulse_support_broken
2026-07-06,000890,2026-07-06,impulse_support_broken
2026-07-06,000955,2026-07-06,impulse_support_broken
2026-07-06,002995,2026-07-06,impulse_support_broken
2026-07-06,603897,2026-07-06,impulse_support_broken
2026-07-07,000506,2026-07-07,watch
2026-07-07,001337,2026-07-07,watch
2026-07-07,002067,2026-07-07,watch
2026-07-07,002520,2026-07-07,watch
2026-07-07,002677,2026-07-07,watch
2026-07-07,600391,2026-07-07,watch
2026-07-07,603178,2026-07-07,watch
2026-07-07,603327,2026-07-07,watch
2026-07-07,603798,2026-07-07,watch
2026-07-07,605068,2026-07-07,factor_changed_anchor
2026-06-26,605598,2026-07-07,closed
2026-06-30,002930,2026-07-07,expired
2026-07-02,000801,2026-07-07,impulse_support_broken
2026-07-02,002310,2026-07-07,impulse_support_broken
2026-07-02,603222,2026-07-07,armed
2026-07-02,603366,2026-07-07,impulse_support_broken
2026-07-03,000068,2026-07-07,impulse_support_broken
2026-07-03,001256,2026-07-07,armed
2026-07-03,600845,2026-07-07,armed
2026-07-06,000572,2026-07-07,impulse_support_broken
2026-07-06,000601,2026-07-07,impulse_support_broken
2026-07-06,002596,2026-07-07,impulse_support_broken
2026-07-06,600815,2026-07-07,impulse_support_broken
2026-07-06,605286,2026-07-07,impulse_support_broken
2026-07-07,000506,2026-07-07,impulse_support_broken
2026-07-07,001337,2026-07-07,impulse_support_broken
2026-07-07,002067,2026-07-07,impulse_support_broken
2026-07-07,600391,2026-07-07,impulse_support_broken
2026-07-07,603178,2026-07-07,armed
2026-07-07,603327,2026-07-07,impulse_support_broken
2026-07-08,001287,2026-07-08,watch
2026-07-08,002403,2026-07-08,watch
2026-07-08,002767,2026-07-08,watch
2026-07-08,002774,2026-07-08,watch
2026-07-08,002989,2026-07-08,watch
2026-07-08,603020,2026-07-08,watch
2026-07-08,603067,2026-07-08,watch
2026-07-08,603211,2026-07-08,watch
2026-07-08,603819,2026-07-08,watch
2026-07-08,605196,2026-07-08,watch
2026-07-01,600222,2026-07-08,expired
2026-07-02,603222,2026-07-08,confirmed
2026-07-02,603226,2026-07-08,impulse_support_broken
2026-07-03,001256,2026-07-08,failed_first_breakout
2026-07-03,600725,2026-07-08,armed
2026-07-03,600845,2026-07-08,confirmed
2026-07-06,002652,2026-07-08,impulse_support_broken
2026-07-06,600156,2026-07-08,impulse_support_broken
2026-07-06,603273,2026-07-08,impulse_support_broken
2026-07-07,002520,2026-07-08,impulse_support_broken
2026-07-07,603178,2026-07-08,confirmed
2026-07-08,001287,2026-07-08,impulse_support_broken
2026-07-08,002403,2026-07-08,impulse_support_broken
2026-07-08,002767,2026-07-08,impulse_support_broken
2026-07-08,002774,2026-07-08,impulse_support_broken
2026-07-08,002989,2026-07-08,impulse_support_broken
2026-07-08,603020,2026-07-08,impulse_support_broken
2026-07-08,603067,2026-07-08,impulse_support_broken
2026-07-08,603211,2026-07-08,impulse_support_broken
2026-07-08,605196,2026-07-08,impulse_support_broken
2026-07-03,600845,2026-07-08,pending
2026-07-02,603222,2026-07-08,pending
2026-07-07,603178,2026-07-08,daily_capacity
2026-07-02,603222,2026-07-09,position
2026-07-03,600845,2026-07-09,position
2026-07-09,001311,2026-07-09,watch
2026-07-09,002585,2026-07-09,watch
2026-07-02,000938,2026-07-09,expired
2026-07-02,600601,2026-07-09,expired
2026-07-02,603928,2026-07-09,expired
2026-07-06,603538,2026-07-09,factor_changed_observation
2026-07-07,603798,2026-07-09,impulse_support_broken
2026-07-10,600094,2026-07-10,watch
2026-07-10,600756,2026-07-10,watch
2026-07-10,603380,2026-07-10,watch
2026-07-03,000757,2026-07-10,armed
2026-07-03,000757,2026-07-10,expired
2026-07-03,002232,2026-07-10,armed
2026-07-03,002232,2026-07-10,expired
2026-07-03,002747,2026-07-10,expired
2026-07-03,600208,2026-07-10,expired
2026-07-03,600725,2026-07-10,failed_first_breakout
2026-07-08,603819,2026-07-10,armed
2026-07-09,001311,2026-07-10,impulse_support_broken
2026-07-09,002585,2026-07-10,impulse_support_broken
2026-07-10,600094,2026-07-10,impulse_support_broken
2026-07-10,603380,2026-07-10,impulse_support_broken
2026-07-13,000417,2026-07-13,factor_changed_anchor
2026-07-13,002208,2026-07-13,watch
2026-07-13,002552,2026-07-13,watch
2026-07-13,002745,2026-07-13,watch
2026-07-13,002845,2026-07-13,watch
2026-07-13,600353,2026-07-13,watch
2026-07-13,603666,2026-07-13,watch
2026-07-13,603726,2026-07-13,watch
2026-07-02,603222,2026-07-13,closed
2026-07-03,600845,2026-07-13,closed
2026-07-06,000892,2026-07-13,expired
2026-07-06,002826,2026-07-13,impulse_support_broken
2026-07-13,002552,2026-07-13,impulse_support_broken
2026-07-13,002745,2026-07-13,impulse_support_broken
2026-07-13,603726,2026-07-13,impulse_support_broken
2026-07-14,000048,2026-07-14,watch
2026-07-14,002774,2026-07-14,watch
2026-07-14,003001,2026-07-14,watch
2026-07-14,600118,2026-07-14,watch
2026-07-14,601698,2026-07-14,watch
2026-07-14,603151,2026-07-14,watch
2026-07-14,603223,2026-07-14,watch
2026-07-14,603898,2026-07-14,watch
2026-07-14,605178,2026-07-14,watch
2026-07-07,002677,2026-07-14,expired
2026-07-13,002208,2026-07-14,armed
2026-07-13,603666,2026-07-14,impulse_support_broken
2026-07-14,000048,2026-07-14,impulse_support_broken
2026-07-14,603898,2026-07-14,impulse_support_broken
2026-07-15,603120,2026-07-15,watch
2026-07-08,603819,2026-07-15,expired
2026-07-13,002208,2026-07-15,impulse_support_broken
2026-07-13,002845,2026-07-15,impulse_support_broken
2026-07-13,600353,2026-07-15,impulse_support_broken
2026-07-14,600118,2026-07-15,impulse_support_broken
2026-07-14,601698,2026-07-15,impulse_support_broken
2026-07-14,603151,2026-07-15,armed
2026-07-14,603223,2026-07-15,impulse_support_broken
2026-07-16,603042,2026-07-16,watch
2026-07-16,603197,2026-07-16,watch
2026-07-16,603489,2026-07-16,watch
2026-07-16,603516,2026-07-16,watch
2026-07-16,603806,2026-07-16,watch
2026-07-14,603151,2026-07-16,confirmed
2026-07-16,603516,2026-07-16,impulse_support_broken
2026-07-14,603151,2026-07-16,pending
2026-07-14,603151,2026-07-17,position
2026-07-17,000593,2026-07-17,watch
2026-07-17,600403,2026-07-17,watch
2026-07-17,600857,2026-07-17,watch
2026-07-17,603839,2026-07-17,watch
2026-07-17,605028,2026-07-17,watch
2026-07-17,605255,2026-07-17,watch
2026-07-10,600756,2026-07-17,impulse_support_broken
2026-07-14,003001,2026-07-17,armed
2026-07-14,605178,2026-07-17,impulse_support_broken
2026-07-16,603042,2026-07-17,impulse_support_broken
2026-07-16,603806,2026-07-17,impulse_support_broken
2026-07-17,000593,2026-07-17,impulse_support_broken
2026-07-17,600403,2026-07-17,impulse_support_broken
2026-07-17,605255,2026-07-17,impulse_support_broken
2026-07-20,000920,2026-07-20,watch
2026-07-20,001230,2026-07-20,watch
2026-07-20,002045,2026-07-20,watch
2026-07-20,002365,2026-07-20,watch
2026-07-20,002739,2026-07-20,watch
2026-07-20,002760,2026-07-20,watch
2026-07-14,003001,2026-07-20,failed_first_breakout
2026-07-16,603489,2026-07-20,impulse_support_broken
2026-07-17,600857,2026-07-20,impulse_support_broken
2026-07-20,002365,2026-07-20,impulse_support_broken
2026-07-20,002739,2026-07-20,impulse_support_broken
2026-07-20,002760,2026-07-20,impulse_support_broken
2026-07-21,002766,2026-07-21,watch
2026-07-21,603161,2026-07-21,watch
2026-07-14,603151,2026-07-21,closed
2026-07-14,002774,2026-07-21,expired
2026-07-15,603120,2026-07-21,impulse_support_broken
2026-07-16,603197,2026-07-21,armed
2026-07-17,603839,2026-07-21,impulse_support_broken
2026-07-17,605028,2026-07-21,impulse_support_broken
2026-07-20,000920,2026-07-21,impulse_support_broken
2026-07-20,002045,2026-07-21,armed
2026-07-21,002766,2026-07-21,impulse_support_broken
2026-07-22,002992,2026-07-22,watch
2026-07-22,600403,2026-07-22,watch
2026-07-22,600722,2026-07-22,watch
2026-07-22,600726,2026-07-22,watch
2026-07-22,603727,2026-07-22,watch
2026-07-16,603197,2026-07-22,impulse_support_broken
2026-07-20,001230,2026-07-22,impulse_support_broken
2026-07-20,002045,2026-07-22,impulse_support_broken
2026-07-23,000889,2026-07-23,watch
2026-07-23,002036,2026-07-23,watch
2026-07-23,603192,2026-07-23,watch
2026-07-24,002213,2026-07-24,watch
2026-07-24,002953,2026-07-24,watch
2026-07-24,603162,2026-07-24,watch
2026-07-24,603296,2026-07-24,watch
2026-07-24,603629,2026-07-24,watch
2026-07-24,603803,2026-07-24,watch
2026-07-24,603629,2026-07-24,impulse_support_broken
2026-07-27,001208,2026-07-27,watch
2026-07-27,001382,2026-07-27,watch
2026-07-27,002229,2026-07-27,watch
2026-07-27,002412,2026-07-27,watch
2026-07-27,600379,2026-07-27,watch
2026-07-27,600962,2026-07-27,watch
2026-07-27,600980,2026-07-27,watch
2026-07-27,601179,2026-07-27,watch
2026-07-27,601678,2026-07-27,watch
2026-07-27,603619,2026-07-27,watch
2026-07-27,603988,2026-07-27,watch
2026-07-27,605162,2026-07-27,watch
2026-07-27,600962,2026-07-27,armed
2026-07-27,600980,2026-07-27,armed
2026-07-27,603619,2026-07-27,impulse_support_broken
2026-07-28,000011,2026-07-28,watch
2026-07-28,002083,2026-07-28,watch
2026-07-28,600539,2026-07-28,watch
2026-07-21,603161,2026-07-28,expired
2026-07-23,000889,2026-07-28,armed
2026-07-23,603192,2026-07-28,armed
2026-07-24,002953,2026-07-28,armed
2026-07-27,001382,2026-07-28,armed
2026-07-27,600962,2026-07-28,failed_first_breakout
2026-07-27,600980,2026-07-28,failed_first_breakout
2026-07-28,000011,2026-07-28,impulse_support_broken
2026-07-28,002083,2026-07-28,impulse_support_broken
2026-07-28,600539,2026-07-28,impulse_support_broken
2026-07-29,001317,2026-07-29,watch
2026-07-29,002051,2026-07-29,watch
2026-07-29,002365,2026-07-29,watch
2026-07-29,002580,2026-07-29,watch
2026-07-29,002775,2026-07-29,watch
2026-07-29,003020,2026-07-29,watch
2026-07-29,600594,2026-07-29,watch
2026-07-29,600829,2026-07-29,watch
2026-07-29,600847,2026-07-29,watch
2026-07-29,601218,2026-07-29,watch
2026-07-29,603690,2026-07-29,watch
2026-07-29,603931,2026-07-29,watch
2026-07-29,605108,2026-07-29,watch
2026-07-22,002992,2026-07-29,expired
2026-07-22,600403,2026-07-29,expired
2026-07-22,600722,2026-07-29,armed
2026-07-22,600722,2026-07-29,expired
2026-07-22,600726,2026-07-29,expired
2026-07-22,603727,2026-07-29,expired
2026-07-27,001382,2026-07-29,confirmed
2026-07-29,603931,2026-07-29,impulse_support_broken
2026-07-27,001382,2026-07-29,pending
2026-07-27,001382,2026-07-30,position
2026-07-30,000566,2026-07-30,watch
2026-07-30,000659,2026-07-30,watch
2026-07-30,000948,2026-07-30,watch
2026-07-30,002195,2026-07-30,watch
2026-07-30,002642,2026-07-30,watch
2026-07-30,002687,2026-07-30,watch
2026-07-30,002889,2026-07-30,watch
2026-07-30,600076,2026-07-30,watch
2026-07-30,600303,2026-07-30,watch
2026-07-30,603358,2026-07-30,watch
2026-07-30,603980,2026-07-30,watch
2026-07-23,000889,2026-07-30,impulse_support_broken
2026-07-23,002036,2026-07-30,expired
2026-07-23,603192,2026-07-30,expired
2026-07-24,002213,2026-07-30,impulse_support_broken
2026-07-24,603296,2026-07-30,impulse_support_broken
2026-07-24,603803,2026-07-30,impulse_support_broken
2026-07-27,002412,2026-07-30,impulse_support_broken
2026-07-29,603690,2026-07-30,impulse_support_broken
2026-07-30,002687,2026-07-30,impulse_support_broken
2026-07-30,600076,2026-07-30,impulse_support_broken
2026-07-30,603358,2026-07-30,impulse_support_broken
2026-07-31,000892,2026-07-31,watch
2026-07-31,002037,2026-07-31,watch
2026-07-31,002045,2026-07-31,watch
2026-07-31,002903,2026-07-31,watch
2026-07-31,600227,2026-07-31,watch
2026-07-31,603696,2026-07-31,watch
2026-07-31,603719,2026-07-31,watch
2026-07-31,605136,2026-07-31,watch
2026-07-31,605188,2026-07-31,watch
2026-07-31,605337,2026-07-31,watch
2026-07-24,002953,2026-07-31,expired
2026-07-24,603162,2026-07-31,expired
2026-07-27,601179,2026-07-31,armed
2026-07-29,002775,2026-07-31,armed
2026-07-29,003020,2026-07-31,armed
2026-07-29,600847,2026-07-31,armed
2026-07-29,601218,2026-07-31,armed
2026-07-30,000659,2026-07-31,armed
2026-07-30,002642,2026-07-31,armed
2026-07-30,002889,2026-07-31,impulse_support_broken
2026-07-31,002045,2026-07-31,armed
2026-07-27,001382,2026-08-03,closed
2026-07-27,001208,2026-08-03,armed
2026-07-27,001208,2026-08-03,expired
2026-07-27,002229,2026-08-03,expired
2026-07-27,600379,2026-08-03,expired
2026-07-27,601179,2026-08-03,confirmed
2026-07-27,601678,2026-08-03,expired
2026-07-27,603988,2026-08-03,expired
2026-07-27,605162,2026-08-03,armed
2026-07-27,605162,2026-08-03,expired
2026-07-29,001317,2026-08-03,armed
2026-07-29,002365,2026-08-03,armed
2026-07-29,002775,2026-08-03,failed_first_breakout
2026-07-29,003020,2026-08-03,failed_first_breakout
2026-07-29,600829,2026-08-03,armed
2026-07-29,600847,2026-08-03,failed_first_breakout
2026-07-29,601218,2026-08-03,failed_first_breakout
2026-07-29,605108,2026-08-03,armed
2026-07-30,000659,2026-08-03,failed_first_breakout
2026-07-30,002195,2026-08-03,armed
2026-07-30,600303,2026-08-03,armed
2026-07-30,603980,2026-08-03,armed
2026-07-31,002045,2026-08-03,failed_first_breakout
2026-07-31,600227,2026-08-03,armed
2026-07-31,605136,2026-08-03,armed
2026-07-27,601179,2026-08-03,pending
2026-07-27,601179,2026-08-04,position
2026-08-04,002957,2026-08-04,watch
2026-08-04,003018,2026-08-04,watch
2026-08-04,003036,2026-08-04,watch
2026-08-04,600588,2026-08-04,watch
2026-08-04,603039,2026-08-04,watch
2026-08-04,603115,2026-08-04,watch
2026-08-04,603316,2026-08-04,watch
2026-08-04,603337,2026-08-04,watch
2026-08-04,603956,2026-08-04,watch
2026-08-04,605168,2026-08-04,watch
2026-08-04,605178,2026-08-04,watch
2026-08-04,605287,2026-08-04,watch
2026-08-04,605289,2026-08-04,watch
2026-07-29,001317,2026-08-04,failed_first_breakout
2026-07-29,002051,2026-08-04,armed
2026-07-29,600594,2026-08-04,armed
2026-07-29,600829,2026-08-04,confirmed
2026-07-29,605108,2026-08-04,failed_first_breakout
2026-07-30,002195,2026-08-04,failed_first_breakout
2026-07-30,002642,2026-08-04,failed_first_breakout
2026-07-30,600303,2026-08-04,failed_first_breakout
2026-07-31,002037,2026-08-04,armed
2026-07-31,002903,2026-08-04,armed
2026-07-31,600227,2026-08-04,failed_first_breakout
2026-07-31,605188,2026-08-04,armed
2026-08-04,003036,2026-08-04,armed
2026-08-04,605178,2026-08-04,impulse_support_broken
2026-07-29,600829,2026-08-04,pending
2026-07-29,600829,2026-08-05,position
2026-08-05,002438,2026-08-05,watch
2026-08-05,003001,2026-08-05,watch
2026-08-05,600540,2026-08-05,watch
2026-08-05,601611,2026-08-05,watch
2026-08-05,603011,2026-08-05,watch
2026-08-05,603577,2026-08-05,watch
2026-08-05,605056,2026-08-05,watch
2026-07-29,002051,2026-08-05,confirmed
2026-07-29,002365,2026-08-05,expired
2026-07-29,002580,2026-08-05,expired
2026-07-29,600594,2026-08-05,expired
2026-07-31,002903,2026-08-05,failed_first_breakout
2026-07-31,603719,2026-08-05,armed
2026-07-31,605136,2026-08-05,failed_first_breakout
2026-07-31,605188,2026-08-05,failed_first_breakout
2026-08-04,002957,2026-08-05,armed
2026-08-04,003036,2026-08-05,confirmed
2026-07-29,002051,2026-08-05,pending
2026-08-04,003036,2026-08-05,pending
2026-07-29,002051,2026-08-06,position
2026-08-04,003036,2026-08-06,position
2026-08-06,000739,2026-08-06,watch
2026-08-06,000815,2026-08-06,watch
2026-08-06,001266,2026-08-06,watch
2026-08-06,001388,2026-08-06,watch
2026-08-06,002421,2026-08-06,watch
2026-08-06,603222,2026-08-06,watch
2026-07-27,601179,2026-08-06,closed
2026-07-30,000566,2026-08-06,expired
2026-07-30,000948,2026-08-06,expired
2026-07-30,603980,2026-08-06,failed_first_breakout
2026-07-31,002037,2026-08-06,confirmed
2026-08-04,002957,2026-08-06,confirmed
2026-08-05,003001,2026-08-06,impulse_support_broken
2026-08-05,605056,2026-08-06,armed
2026-07-31,002037,2026-08-06,pending
2026-08-04,002957,2026-08-06,pending
2026-07-31,002037,2026-08-07,entry_gap_above_two_pct
2026-08-04,002957,2026-08-07,position
2026-08-07,000603,2026-08-07,watch
2026-08-07,000751,2026-08-07,watch
2026-08-07,001210,2026-08-07,watch
2026-08-07,002355,2026-08-07,watch
2026-08-07,002908,2026-08-07,watch
2026-08-07,603201,2026-08-07,watch
2026-08-07,603206,2026-08-07,watch
2026-08-07,603826,2026-08-07,watch
2026-07-29,002051,2026-08-07,closed
2026-07-29,600829,2026-08-07,closed
2026-07-31,000892,2026-08-07,expired
2026-07-31,603696,2026-08-07,expired
2026-07-31,603719,2026-08-07,expired
2026-07-31,605337,2026-08-07,expired
2026-08-05,603577,2026-08-07,armed
2026-08-05,605056,2026-08-07,failed_first_breakout
2026-08-07,002355,2026-08-07,impulse_support_broken
2026-08-07,603826,2026-08-07,armed
2026-08-10,000692,2026-08-10,watch
2026-08-10,002104,2026-08-10,watch
2026-08-10,002302,2026-08-10,watch
2026-08-10,002369,2026-08-10,watch
2026-08-10,002826,2026-08-10,watch
2026-08-10,003036,2026-08-10,duplicate_active_origin
2026-08-10,600156,2026-08-10,watch
2026-08-10,600326,2026-08-10,watch
2026-08-10,603122,2026-08-10,watch
2026-08-04,003036,2026-08-10,closed
2026-08-04,600588,2026-08-10,armed
2026-08-04,603316,2026-08-10,armed
2026-08-05,002438,2026-08-10,armed
2026-08-05,600540,2026-08-10,armed
2026-08-05,601611,2026-08-10,armed
2026-08-05,603577,2026-08-10,confirmed
2026-08-06,000815,2026-08-10,armed
2026-08-06,001266,2026-08-10,armed
2026-08-06,001388,2026-08-10,armed
2026-08-06,002421,2026-08-10,armed
2026-08-06,603222,2026-08-10,armed
2026-08-07,000751,2026-08-10,armed
2026-08-07,001210,2026-08-10,armed
2026-08-07,002908,2026-08-10,armed
2026-08-07,603826,2026-08-10,failed_first_breakout
2026-08-05,603577,2026-08-10,pending
2026-08-05,603577,2026-08-11,position
2026-08-11,002443,2026-08-11,watch
2026-08-11,002821,2026-08-11,watch
2026-08-11,002971,2026-08-11,watch
2026-08-11,600110,2026-08-11,watch
2026-08-11,603228,2026-08-11,watch
2026-08-11,603328,2026-08-11,watch
2026-08-11,603655,2026-08-11,watch
2026-08-11,603757,2026-08-11,watch
2026-08-04,002957,2026-08-11,closed
2026-08-04,003018,2026-08-11,expired
2026-08-04,600588,2026-08-11,failed_first_breakout
2026-08-04,603039,2026-08-11,expired
2026-08-04,603115,2026-08-11,expired
2026-08-04,603316,2026-08-11,expired
2026-08-04,603337,2026-08-11,armed
2026-08-04,603337,2026-08-11,expired
2026-08-04,603956,2026-08-11,armed
2026-08-04,603956,2026-08-11,expired
2026-08-04,605168,2026-08-11,expired
2026-08-04,605287,2026-08-11,armed
2026-08-04,605287,2026-08-11,expired
2026-08-04,605289,2026-08-11,expired
2026-08-05,600540,2026-08-11,failed_first_breakout
2026-08-06,000815,2026-08-11,failed_first_breakout
2026-08-06,001266,2026-08-11,confirmed
2026-08-06,002421,2026-08-11,failed_first_breakout
2026-08-07,000751,2026-08-11,failed_first_breakout
2026-08-07,001210,2026-08-11,failed_first_breakout
2026-08-10,002369,2026-08-11,armed
2026-08-11,603228,2026-08-11,impulse_support_broken
2026-08-06,001266,2026-08-11,pending
2026-08-06,001266,2026-08-12,position
2026-08-12,002153,2026-08-12,watch
2026-08-12,002298,2026-08-12,watch
2026-08-12,002458,2026-08-12,watch
2026-08-12,002622,2026-08-12,watch
2026-08-12,002626,2026-08-12,watch
2026-08-12,600641,2026-08-12,watch
2026-08-12,605033,2026-08-12,watch
2026-08-05,002438,2026-08-12,expired
2026-08-05,601611,2026-08-12,expired
2026-08-05,603011,2026-08-12,expired
2026-08-07,603201,2026-08-12,armed
2026-08-10,002369,2026-08-12,failed_first_breakout
2026-08-10,600156,2026-08-12,armed
2026-08-11,002443,2026-08-12,armed
2026-08-11,600110,2026-08-12,armed
2026-08-13,002687,2026-08-13,watch
2026-08-13,002715,2026-08-13,watch
2026-08-05,603577,2026-08-13,closed
2026-08-06,000739,2026-08-13,expired
2026-08-06,001388,2026-08-13,expired
2026-08-06,603222,2026-08-13,failed_first_breakout
2026-08-10,002104,2026-08-13,impulse_support_broken
2026-08-10,600156,2026-08-13,confirmed
2026-08-10,603122,2026-08-13,armed
2026-08-11,600110,2026-08-13,failed_first_breakout
2026-08-11,603757,2026-08-13,impulse_support_broken
2026-08-12,002622,2026-08-13,armed
2026-08-10,600156,2026-08-13,pending
2026-08-10,600156,2026-08-14,position
2026-08-14,000410,2026-08-14,watch
2026-08-14,002047,2026-08-14,watch
2026-08-14,002178,2026-08-14,watch
2026-08-14,002229,2026-08-14,watch
2026-08-14,002491,2026-08-14,watch
2026-08-14,600604,2026-08-14,watch
2026-08-14,603052,2026-08-14,watch
2026-08-14,603095,2026-08-14,watch
2026-08-14,603277,2026-08-14,watch
2026-08-14,603690,2026-08-14,watch
2026-08-06,001266,2026-08-14,closed
2026-08-07,000603,2026-08-14,expired
2026-08-07,002908,2026-08-14,expired
2026-08-07,603201,2026-08-14,expired
2026-08-07,603206,2026-08-14,expired
2026-08-13,002687,2026-08-14,armed
2026-08-14,002229,2026-08-14,impulse_support_broken
2026-08-17,002174,2026-08-17,watch
2026-08-17,600726,2026-08-17,watch
2026-08-17,600800,2026-08-17,watch
2026-08-17,600821,2026-08-17,watch
2026-08-10,600156,2026-08-17,closed
2026-08-10,000692,2026-08-17,expired
2026-08-10,002302,2026-08-17,armed
2026-08-10,002302,2026-08-17,expired
2026-08-10,002826,2026-08-17,expired
2026-08-10,600326,2026-08-17,expired
2026-08-10,603122,2026-08-17,expired
2026-08-11,002443,2026-08-17,confirmed
2026-08-11,002821,2026-08-17,armed
2026-08-11,603328,2026-08-17,armed
2026-08-11,603655,2026-08-17,armed
2026-08-12,002626,2026-08-17,impulse_support_broken
2026-08-12,600641,2026-08-17,armed
2026-08-14,002047,2026-08-17,impulse_support_broken
2026-08-14,002178,2026-08-17,impulse_support_broken
2026-08-11,002443,2026-08-17,pending
2026-08-11,002443,2026-08-18,position
2026-08-18,000950,2026-08-18,watch
2026-08-18,002322,2026-08-18,watch
2026-08-18,002418,2026-08-18,watch
2026-08-18,002774,2026-08-18,watch
2026-08-18,603177,2026-08-18,watch
2026-08-11,002821,2026-08-18,failed_first_breakout
2026-08-11,002971,2026-08-18,expired
2026-08-11,603328,2026-08-18,confirmed
2026-08-11,603655,2026-08-18,failed_first_breakout
2026-08-12,002298,2026-08-18,impulse_support_broken
2026-08-12,002622,2026-08-18,failed_first_breakout
2026-08-12,600641,2026-08-18,failed_first_breakout
2026-08-12,605033,2026-08-18,armed
2026-08-13,002687,2026-08-18,failed_first_breakout
2026-08-14,603052,2026-08-18,armed
2026-08-17,600726,2026-08-18,impulse_support_broken
2026-08-17,600800,2026-08-18,impulse_support_broken
2026-08-17,600821,2026-08-18,impulse_support_broken
2026-08-11,603328,2026-08-18,pending
2026-08-11,603328,2026-08-19,entry_below_trigger
2026-08-19,000029,2026-08-19,watch
2026-08-19,000520,2026-08-19,watch
2026-08-19,001318,2026-08-19,watch
2026-08-19,002651,2026-08-19,watch
2026-08-19,600281,2026-08-19,watch
2026-08-19,600545,2026-08-19,watch
2026-08-19,601366,2026-08-19,watch
2026-08-19,603102,2026-08-19,watch
2026-08-19,605180,2026-08-19,watch
2026-08-12,002153,2026-08-19,impulse_support_broken
2026-08-12,002458,2026-08-19,expired
2026-08-12,605033,2026-08-19,failed_first_breakout
2026-08-14,000410,2026-08-19,impulse_support_broken
2026-08-14,600604,2026-08-19,impulse_support_broken
2026-08-17,002174,2026-08-19,impulse_support_broken
2026-08-18,002322,2026-08-19,impulse_support_broken
2026-08-18,002418,2026-08-19,impulse_support_broken
2026-08-19,002651,2026-08-19,impulse_support_broken
2026-08-19,600545,2026-08-19,impulse_support_broken
2026-08-19,605180,2026-08-19,impulse_support_broken
2026-08-20,001366,2026-08-20,watch
2026-08-20,002365,2026-08-20,watch
2026-08-20,002638,2026-08-20,watch
2026-08-20,600108,2026-08-20,watch
2026-08-20,600313,2026-08-20,watch
2026-08-20,605333,2026-08-20,watch
2026-08-11,002443,2026-08-20,closed
2026-08-13,002715,2026-08-20,armed
2026-08-13,002715,2026-08-20,expired
2026-08-14,603277,2026-08-20,armed
2026-08-18,603177,2026-08-20,armed
2026-08-19,000029,2026-08-20,impulse_support_broken
2026-08-19,000520,2026-08-20,armed
2026-08-20,001366,2026-08-20,impulse_support_broken
2026-08-21,002900,2026-08-21,watch
2026-08-21,601011,2026-08-21,watch
2026-08-21,603506,2026-08-21,watch
2026-08-14,002491,2026-08-21,expired
2026-08-14,603052,2026-08-21,failed_first_breakout
2026-08-14,603095,2026-08-21,armed
2026-08-14,603095,2026-08-21,expired
2026-08-14,603277,2026-08-21,confirmed
2026-08-14,603690,2026-08-21,expired
2026-08-18,000950,2026-08-21,impulse_support_broken
2026-08-19,001318,2026-08-21,impulse_support_broken
2026-08-19,603102,2026-08-21,impulse_support_broken
2026-08-21,002900,2026-08-21,impulse_support_broken
2026-08-21,601011,2026-08-21,impulse_support_broken
2026-08-21,603506,2026-08-21,impulse_support_broken
2026-08-14,603277,2026-08-21,pending
2026-08-14,603277,2026-08-24,entry_below_trigger
2026-08-24,000520,2026-08-24,duplicate_active_origin
2026-08-24,000590,2026-08-24,watch
2026-08-24,001360,2026-08-24,watch
2026-08-24,002399,2026-08-24,watch
2026-08-24,002579,2026-08-24,watch
2026-08-24,002880,2026-08-24,watch
2026-08-24,601700,2026-08-24,watch
2026-08-24,603177,2026-08-24,duplicate_active_origin
2026-08-24,603285,2026-08-24,watch
2026-08-24,603392,2026-08-24,watch
2026-08-24,603801,2026-08-24,watch
2026-08-24,603988,2026-08-24,watch
2026-08-24,002399,2026-08-24,impulse_support_broken
2026-08-24,002579,2026-08-24,impulse_support_broken
2026-08-24,603392,2026-08-24,impulse_support_broken
2026-08-25,002536,2026-08-25,watch
2026-08-25,002971,2026-08-25,watch
2026-08-25,600460,2026-08-25,watch
2026-08-25,603052,2026-08-25,watch
2026-08-25,603333,2026-08-25,watch
2026-08-25,603803,2026-08-25,watch
2026-08-18,002774,2026-08-25,armed
2026-08-18,002774,2026-08-25,expired
2026-08-18,603177,2026-08-25,expired
2026-08-19,601366,2026-08-25,armed
2026-08-20,600108,2026-08-25,armed
2026-08-24,603801,2026-08-25,impulse_support_broken
2026-08-26,001268,2026-08-26,watch
2026-08-26,600604,2026-08-26,watch
2026-08-26,601212,2026-08-26,watch
2026-08-26,603032,2026-08-26,watch
2026-08-26,603200,2026-08-26,watch
2026-08-19,000520,2026-08-26,expired
2026-08-19,600281,2026-08-26,expired
2026-08-19,601366,2026-08-26,expired
2026-08-20,600108,2026-08-26,failed_first_breakout
2026-08-20,600313,2026-08-26,armed
2026-08-20,605333,2026-08-26,armed
2026-08-24,000590,2026-08-26,armed
2026-08-24,001360,2026-08-26,armed
2026-08-24,603285,2026-08-26,armed
2026-08-25,002971,2026-08-26,impulse_support_broken
2026-08-25,603333,2026-08-26,armed
2026-08-27,002686,2026-08-27,watch
2026-08-27,600714,2026-08-27,watch
2026-08-27,603360,2026-08-27,watch
2026-08-27,605303,2026-08-27,watch
2026-08-20,002365,2026-08-27,expired
2026-08-20,002638,2026-08-27,expired
2026-08-20,600313,2026-08-27,confirmed
2026-08-20,605333,2026-08-27,expired
2026-08-24,001360,2026-08-27,failed_first_breakout
2026-08-24,603285,2026-08-27,impulse_support_broken
2026-08-24,603988,2026-08-27,armed
2026-08-25,600460,2026-08-27,armed
2026-08-25,603333,2026-08-27,failed_first_breakout
2026-08-25,603803,2026-08-27,armed
2026-08-20,600313,2026-08-27,pending
2026-08-20,600313,2026-08-28,position
2026-08-28,000428,2026-08-28,watch
2026-08-28,002295,2026-08-28,watch
2026-08-28,002963,2026-08-28,watch
2026-08-28,603121,2026-08-28,watch
2026-08-28,603392,2026-08-28,watch
2026-08-28,605162,2026-08-28,watch
2026-08-28,605169,2026-08-28,watch
2026-08-24,000590,2026-08-28,failed_first_breakout
2026-08-25,600460,2026-08-28,failed_first_breakout
2026-08-25,603803,2026-08-28,failed_first_breakout
2026-08-26,600604,2026-08-28,impulse_support_broken
2026-08-27,603360,2026-08-28,armed
2026-08-27,605303,2026-08-28,armed
2026-08-28,002963,2026-08-28,impulse_support_broken
2026-08-28,603121,2026-08-28,armed
2026-08-31,000586,2026-08-31,watch
2026-08-31,000890,2026-08-31,watch
2026-08-31,600103,2026-08-31,watch
2026-08-31,600359,2026-08-31,watch
2026-08-31,603237,2026-08-31,watch
2026-08-31,603618,2026-08-31,watch
2026-08-31,605258,2026-08-31,watch
2026-08-24,002880,2026-08-31,expired
2026-08-24,601700,2026-08-31,expired
2026-08-24,603988,2026-08-31,impulse_support_broken
2026-08-26,001268,2026-08-31,armed
2026-08-27,605303,2026-08-31,failed_first_breakout
2026-08-28,605169,2026-08-31,armed
2026-08-31,603237,2026-08-31,impulse_support_broken
2026-09-01,002349,2026-09-01,watch
2026-09-01,002918,2026-09-01,watch
2026-09-01,600162,2026-09-01,watch
2026-09-01,603045,2026-09-01,watch
2026-09-01,603086,2026-09-01,watch
2026-09-01,605188,2026-09-01,watch
2026-08-20,600313,2026-09-01,closed
2026-08-25,002536,2026-09-01,expired
2026-08-25,603052,2026-09-01,expired
2026-08-26,001268,2026-09-01,failed_first_breakout
2026-08-26,603200,2026-09-01,armed
2026-08-27,002686,2026-09-01,armed
2026-08-28,605169,2026-09-01,failed_first_breakout
2026-08-31,000586,2026-09-01,armed
2026-08-31,605258,2026-09-01,armed
2026-09-01,600162,2026-09-01,impulse_support_broken
2026-09-01,603045,2026-09-01,impulse_support_broken
2026-09-02,002169,2026-09-02,watch
2026-09-02,003036,2026-09-02,watch
2026-09-02,600110,2026-09-02,watch
2026-08-26,601212,2026-09-02,expired
2026-08-26,603032,2026-09-02,expired
2026-08-26,603200,2026-09-02,expired
2026-08-31,600359,2026-09-02,impulse_support_broken
2026-09-02,002169,2026-09-02,impulse_support_broken
2026-09-03,000019,2026-09-03,watch
2026-09-03,000505,2026-09-03,watch
2026-09-03,000564,2026-09-03,watch
2026-09-03,002470,2026-09-03,watch
2026-09-03,002696,2026-09-03,watch
2026-09-03,600693,2026-09-03,watch
2026-09-03,600792,2026-09-03,watch
2026-09-03,605300,2026-09-03,watch
2026-09-03,605365,2026-09-03,watch
2026-08-27,002686,2026-09-03,expired
2026-08-27,600714,2026-09-03,expired
2026-08-27,603360,2026-09-03,expired
2026-08-28,605162,2026-09-03,armed
2026-09-03,000019,2026-09-03,impulse_support_broken
2026-09-03,000505,2026-09-03,impulse_support_broken
2026-09-03,002470,2026-09-03,impulse_support_broken
2026-09-03,002696,2026-09-03,impulse_support_broken
2026-09-04,001278,2026-09-04,watch
2026-09-04,001366,2026-09-04,watch
2026-09-04,002265,2026-09-04,watch
2026-09-04,600830,2026-09-04,watch
2026-09-04,600967,2026-09-04,watch
2026-08-28,000428,2026-09-04,expired
2026-08-28,002295,2026-09-04,expired
2026-08-28,603121,2026-09-04,expired
2026-08-28,603392,2026-09-04,impulse_support_broken
2026-08-28,605162,2026-09-04,expired
2026-08-31,600103,2026-09-04,impulse_support_broken
2026-09-02,003036,2026-09-04,impulse_support_broken
2026-09-07,001299,2026-09-07,watch
2026-09-07,002300,2026-09-07,watch
2026-09-07,002969,2026-09-07,watch
2026-09-07,600185,2026-09-07,watch
2026-09-07,603270,2026-09-07,watch
2026-09-07,605088,2026-09-07,watch
2026-08-31,000586,2026-09-07,expired
2026-08-31,000890,2026-09-07,impulse_support_broken
2026-08-31,603618,2026-09-07,expired
2026-08-31,605258,2026-09-07,expired
2026-09-01,603086,2026-09-07,armed
2026-09-02,600110,2026-09-07,armed
2026-09-03,000564,2026-09-07,armed
2026-09-03,600792,2026-09-07,armed
2026-09-03,605300,2026-09-07,armed
2026-09-04,001278,2026-09-07,impulse_support_broken
2026-09-04,001366,2026-09-07,armed
2026-09-07,002300,2026-09-07,armed
2026-09-08,601579,2026-09-08,watch
2026-09-08,603390,2026-09-08,watch
2026-09-01,002349,2026-09-08,expired
2026-09-01,002918,2026-09-08,expired
2026-09-01,603086,2026-09-08,confirmed
2026-09-01,605188,2026-09-08,expired
2026-09-03,000564,2026-09-08,confirmed
2026-09-03,600792,2026-09-08,confirmed
2026-09-03,605300,2026-09-08,confirmed
2026-09-04,001366,2026-09-08,failed_first_breakout
2026-09-01,603086,2026-09-08,pending
2026-09-03,000564,2026-09-08,pending
2026-09-03,605300,2026-09-08,industry_conflict
2026-09-03,600792,2026-09-08,daily_capacity
2026-09-01,603086,2026-09-09,position
2026-09-03,000564,2026-09-09,raw_entry_price_not_above_six
2026-09-09,000798,2026-09-09,watch
2026-09-09,000823,2026-09-09,watch
2026-09-09,002564,2026-09-09,watch
2026-09-09,002815,2026-09-09,watch
2026-09-09,002852,2026-09-09,watch
2026-09-09,600280,2026-09-09,watch
2026-09-09,603118,2026-09-09,watch
2026-09-09,603311,2026-09-09,watch
2026-09-09,603826,2026-09-09,watch
2026-09-02,600110,2026-09-09,expired
2026-09-04,600830,2026-09-09,impulse_support_broken
2026-09-07,002300,2026-09-09,confirmed
2026-09-07,002969,2026-09-09,impulse_support_broken
2026-09-07,603270,2026-09-09,armed
2026-09-07,002300,2026-09-09,pending
2026-09-07,002300,2026-09-10,entry_below_trigger
2026-09-10,000679,2026-09-10,watch
2026-09-10,002093,2026-09-10,watch
2026-09-10,002312,2026-09-10,watch
2026-09-10,002579,2026-09-10,watch
2026-09-10,600903,2026-09-10,watch
2026-09-10,603679,2026-09-10,watch
2026-09-10,603823,2026-09-10,watch
2026-09-03,600693,2026-09-10,expired
2026-09-03,605365,2026-09-10,expired
2026-09-09,002815,2026-09-10,armed
2026-09-09,603118,2026-09-10,impulse_support_broken
2026-09-09,603311,2026-09-10,impulse_support_broken
2026-09-10,603823,2026-09-10,impulse_support_broken
2026-09-11,000930,2026-09-11,watch
2026-09-11,000980,2026-09-11,watch
2026-09-11,002040,2026-09-11,watch
2026-09-11,603162,2026-09-11,watch
2026-09-11,605198,2026-09-11,watch
2026-09-01,603086,2026-09-11,closed
2026-09-04,002265,2026-09-11,expired
2026-09-04,600967,2026-09-11,expired
2026-09-07,603270,2026-09-11,impulse_support_broken
2026-09-09,002815,2026-09-11,failed_first_breakout
2026-09-09,002852,2026-09-11,impulse_support_broken
2026-09-11,000930,2026-09-11,impulse_support_broken
2026-09-14,002377,2026-09-14,watch
2026-09-14,600712,2026-09-14,watch
2026-09-07,001299,2026-09-14,expired
2026-09-07,600185,2026-09-14,expired
2026-09-07,605088,2026-09-14,expired
2026-09-09,000798,2026-09-14,impulse_support_broken
2026-09-09,603826,2026-09-14,armed
2026-09-10,000679,2026-09-14,impulse_support_broken
2026-09-14,002377,2026-09-14,impulse_support_broken
2026-09-14,600712,2026-09-14,impulse_support_broken
2026-09-08,601579,2026-09-15,armed
2026-09-08,601579,2026-09-15,expired
2026-09-08,603390,2026-09-15,expired
2026-09-09,002564,2026-09-15,impulse_support_broken
2026-09-09,600280,2026-09-15,impulse_support_broken
2026-09-10,002312,2026-09-15,impulse_support_broken
2026-09-10,603679,2026-09-15,impulse_support_broken
2026-09-11,603162,2026-09-15,impulse_support_broken
2026-09-16,000572,2026-09-16,watch
2026-09-16,000868,2026-09-16,watch
2026-09-16,600697,2026-09-16,watch
2026-09-16,603439,2026-09-16,watch
2026-09-16,603657,2026-09-16,watch
2026-09-09,000823,2026-09-16,expired
2026-09-09,603826,2026-09-16,expired
2026-09-10,600903,2026-09-16,armed
2026-09-10,002093,2026-09-17,expired
2026-09-10,002579,2026-09-17,expired
2026-09-10,600903,2026-09-17,impulse_support_broken
2026-09-16,000868,2026-09-17,armed
2026-09-16,600697,2026-09-17,armed
2026-09-11,000980,2026-09-18,expired
2026-09-11,002040,2026-09-18,armed
2026-09-11,002040,2026-09-18,expired
2026-09-11,605198,2026-09-18,expired
2026-09-16,000868,2026-09-18,failed_first_breakout
2026-09-16,600697,2026-09-18,failed_first_breakout
2026-09-16,603439,2026-09-21,armed
2026-09-16,603657,2026-09-21,armed
2026-09-16,603657,2026-09-22,failed_first_breakout
2026-09-16,000572,2026-09-23,expired
2026-09-16,603439,2026-09-23,expired
