name,n,wr,avg,pf,comp,mdd
P30_ql_raw_tail|b35|rk_volr|tp35,63,73.01587301587301,1.072120634920635,2.614612492141315,91.98555721516581,-11.266801743691445
P30_ql_raw_tail|b35|rk_score|tp35,63,73.01587301587301,1.072120634920635,2.614612492141315,91.98555721516581,-11.266801743691445
P19_ql_near|b35|rk_r1|tp35,57,70.17543859649123,0.9279877192982456,2.3960632269609303,66.37059763200006,-12.415543543996076
P19_ql_near|b35|rk_roc5|tp35,57,70.17543859649123,0.8909736842105263,2.3519654351749804,63.092065337523806,-11.590580247282933
P06_heima10|b35|rk_score|tp4,58,65.51724137931035,0.9870913793103449,2.0198660042290077,71.39095066791481,-16.461912651230737
P06_heima10|b40|rk_score|tp4,50,68.0,0.966396,1.9604870834625383,57.33310769443993,-16.461912651230715
P02_tail_main|b35|rk_score|noTP,57,52.63157894736842,0.9639754385964913,1.9236026598713096,65.27184543673347,-19.028512540095033
P02_tail_main|b40|rk_score|noTP,49,53.06122448979592,0.9645489795918367,1.8913794599243337,53.801705478369286,-17.375405771122455
P06_heima10|b35|rk_score|noTP,58,58.62068965517241,0.8776034482758621,1.8566336473700689,59.26513792337398,-15.43559218181615
P07_heima_lite|b35|rk_volr|tp35,58,63.793103448275865,0.8104310344827587,1.8552288039532838,55.56239217634875,-16.8647388029752
P06_heima10|b35|rk_score|tp35,58,65.51724137931035,0.8167206896551724,1.8438384568931578,55.83870958962931,-16.86473880297519
P06_heima10|b40|rk_score|tp35,50,68.0,0.808766,1.8038208938609672,45.84939261380907,-16.8647388029752
P06_heima10|b40|rk_score|noTP,50,60.0,0.851528,1.7944647732001278,47.26032116207905,-15.43559218181615
P06_heima10|b35|rk_score|tp3,58,68.96551724137932,0.7242120689655173,1.7771637168305328,48.18416589819512,-17.26756495471968
P06_heima10|b40|rk_score|tp3,50,72.0,0.741456,1.7688309964599533,41.406351110914684,-17.26756495471968
P02_tail_main|b35|rk_score|tp4,57,56.14035087719298,0.7295964912280701,1.7524566523667275,47.4732908254414,-16.635269094323178
P07_heima_lite|b35|rk_score|tp35,58,63.793103448275865,0.7341344827586207,1.7374900625431922,48.604797205344695,-16.8647388029752
P02_tail_main|b40|rk_score|tp4,49,57.142857142857146,0.6795183673469387,1.6823186588222276,36.251991390749104,-14.933302077575561
P19_ql_near|b35|rk_clv|tp35,57,63.1578947368421,0.5671929824561404,1.6245568891541922,35.18780953365628,-13.496192417053155
P06_heima10|b35|rk_volr|tp35,58,63.793103448275865,0.674344827586207,1.6222585669534118,43.342795363350106,-21.256522022362013
P24_sweet_tight|b40|rk_score|noTP,52,36.53846153846154,0.7348557692307692,1.6213050943359413,38.967103449613205,-18.95046011993057
P30_ql_raw_tail|b0|rk_volr|tp35,101,66.33663366336634,0.5799633663366336,1.5953928845141316,72.14667227186217,-14.752269277424812
P30_ql_raw_tail|b0|rk_score|tp35,101,66.33663366336634,0.5799633663366336,1.5953928845141316,72.14667227186217,-14.752269277424812
P14_clv55|b35|rk_volr|tp35,71,60.563380281690144,0.5879802816901408,1.5925781876560523,47.273503886102894,-16.529047508370066
P02_tail_main|b35|rk_score|tp35,57,56.14035087719298,0.565998245614035,1.5837324469904086,34.80593924905258,-17.83543381846998
P01_tail_near|b35|rk_score|tp4,61,57.377049180327866,0.6087147540983606,1.5486688003688174,40.256099556237345,-15.838832115001477
P02_tail_main|b40|rk_score|tp35,49,57.142857142857146,0.5300265306122449,1.5322107670459786,26.980069859536428,-16.157969259212134
P10_ma60|b35|rk_score|tp35,67,59.701492537313435,0.5479328358208956,1.5200415336277895,39.90520973807325,-18.384338728948425
P19_ql_near|b35|rk_score|tp3,57,66.66666666666667,0.46711228070175437,1.5111648239411608,27.929847013290733,-10.47007599881743
P18_ql_tight|b35|rk_score|tp4,33,60.60606060606061,0.4872151515151515,1.5022381602416526,15.766275127390328,-9.139947956487404
BASE_qianlong_tail_v1|b0|live|tp3,101,66.33663366336634,0.48085544554455445,1.4936482670716162,56.36001417663004,-15.438769374707217
P19_ql_near|b35|rk_volr|tp35,57,63.1578947368421,0.4560666666666667,1.4899035299483068,27.05043579736848,-16.037462090131015
P19_ql_near|b35|rk_score|tp35,57,64.91228070175438,0.4601666666666666,1.486853950311366,27.23726061754428,-11.31911627744351
P17_ql_core|b35|rk_score|tp35,63,63.492063492063494,0.48027301587301585,1.4844314368419702,31.894607172519418,-11.906902771563477
P02_tail_main|b0|rk_score|noTP,86,46.51162790697674,0.565639534883721,1.482712358210377,52.47876312699384,-18.637015742486142
P21_ql_clv|b35|rk_score|tp35,57,64.91228070175438,0.44689999999999996,1.4728178856808751,26.2917746500114,-11.31911627744351
P01_tail_near|b40|rk_score|tp4,53,58.490566037735846,0.532077358490566,1.455963316102724,28.75200195977783,-15.838832115001466
P19_ql_near|b0|rk_score|tp3,90,65.55555555555556,0.43998666666666664,1.450675692593444,43.670549581470056,-14.588107390628657
P12_no_ma_long|b35|rk_score|tp35,70,57.142857142857146,0.4642628571428571,1.439854096596715,34.07998369974998,-14.64269104489907
P02_tail_main|b0|rk_score|tp4,86,50.0,0.46328139534883717,1.430043066694011,43.145419614077476,-18.359512296658664
P24_sweet_tight|b35|rk_score|noTP,60,35.0,0.49813499999999994,1.4263145057418471,27.765177987731704,-24.610066247151373
P02_tail_main|b35|rk_score|tp3,57,57.89473684210526,0.4107491228070176,1.4260084464039098,23.775325613386688,-19.02402408628603
P12_no_ma_long|b35|rk_volr|tp35,70,57.142857142857146,0.44684,1.4232865237343206,32.62446675649022,-14.642691044899092
P01_tail_near|b35|rk_score|tp35,61,57.377049180327866,0.46311639344262295,1.4174328194125523,28.767936729613062,-16.244662802073517
P21_ql_clv|b35|rk_volr|tp35,57,63.1578947368421,0.3822263157894737,1.3947696004087777,21.77977147153438,-17.86192491540174
P02_tail_main|b40|rk_score|tp3,49,59.183673469387756,0.3902469387755102,1.394360358762521,18.877167042195666,-17.370825681435097
P17_ql_core|b35|rk_volr|tp35,63,61.904761904761905,0.39061587301587297,1.3917775244693789,24.85052849676441,-16.593974877597784
P20_ql_heima|b35|rk_score|tp3,53,64.15094339622641,0.38493773584905655,1.3916798015654368,20.298905663569688,-10.770485132802765
P19_ql_near|b40|rk_score|tp3,50,66.0,0.369984,1.3822496259990578,18.153035245191205,-8.65654300361115
P11_ma120|b35|rk_score|tp35,63,57.142857142857146,0.42073492063492063,1.3817662791819756,26.458839227668317,-19.625901088233256
P20_ql_heima|b35|rk_score|tp35,53,62.264150943396224,0.38485471698113205,1.3786006626388618,20.11110031721357,-11.31911627744351
P14_clv55|b35|rk_score|tp35,71,57.74647887323944,0.4156732394366197,1.3773764404413005,29.987007524568043,-16.615753318394567
P19_ql_near|b35|rk_score|noTP,57,59.64912280701754,0.38290175438596497,1.3746946273294591,20.952580238034656,-13.235859086785906
P19_ql_near|b40|rk_score|tp35,50,64.0,0.37254999999999994,1.371188480652965,18.13071401925439,-9.522781582992234
P00_tail_raw|b35|rk_score|tp35,62,56.45161290322581,0.40234677419354836,1.3608726157496147,24.57456413688679,-16.86473880297521
P10_ma60|b35|rk_volr|tp35,67,58.208955223880594,0.40452238805970153,1.3460387418351556,26.969450015188755,-24.67954799515104
P01_tail_near|b40|rk_score|tp35,53,58.490566037735846,0.4022377358490566,1.3446973432955036,20.5138659682361,-16.244662802073517
P18_ql_tight|b35|rk_score|tp35,33,60.60606060606061,0.32054848484848486,1.330432419430917,9.771646273323253,-9.13994795648737
P01_tail_near|b35|rk_score|noTP,61,50.81967213114754,0.38276229508196724,1.329039804395465,21.465475581395175,-15.912870643501087
P19_ql_near|b0|rk_score|tp35,90,63.333333333333336,0.3480522222222222,1.3278710316235032,31.760410313220056,-17.043873276080536
P20_ql_heima|b35|rk_score|noTP,53,56.60377358490566,0.3563320754716981,1.3242246581457033,16.494059419716155,-14.008150843609613
P15_turn38|b35|rk_score|tp35,49,53.06122448979592,0.3361244897959184,1.3128473686409932,15.549795403608258,-17.55189295007309
P20_ql_heima|b40|rk_score|tp3,47,63.829787234042556,0.31841489361702124,1.3092326575143194,14.09400695935723,-12.360872381692223
P11_ma120|b35|rk_volr|tp35,63,58.73015873015873,0.37163492063492065,1.3092294687904482,22.417137984568992,-23.8718204946507
P02_tail_main|b35|rk_volr|tp35,57,56.14035087719298,0.3387701754385965,1.3083299003311648,18.264731863080463,-15.477661554601186
P20_ql_heima|b40|rk_score|noTP,47,55.319148936170215,0.3413872340425532,1.2941029833346778,13.333342366666479,-15.540831376618137
P19_ql_near|b0|rk_volr|tp35,90,61.111111111111114,0.3032522222222222,1.2850796608629256,26.723876874015563,-20.481268974341692
P06_heima10|b0|rk_score|tp4,88,54.54545454545455,0.36590795454545455,1.2827613399065305,31.061192927633606,-22.88569392425511
P28_mild_r1|b40|rk_score|noTP,55,41.81818181818182,0.34634,1.2825361463295974,15.332674320077011,-21.691742549871396
P02_tail_main|b0|rk_score|tp35,86,50.0,0.3025244186046512,1.2808196703616956,25.279425427701096,-20.30899931605835
P21_ql_clv|b0|rk_score|tp35,87,64.36781609195403,0.3084022988505747,1.280517856601438,25.960606369792714,-21.312248643565113
P18_ql_tight|b35|rk_score|tp3,33,63.63636363636363,0.26938787878787884,1.2804096786098433,8.046114887161227,-9.293517685773267
P20_ql_heima|b40|rk_score|tp35,47,61.702127659574465,0.29704468085106384,1.2782015566900609,12.81461986774648,-12.3608723816922
P01_tail_near|b35|rk_score|tp3,61,59.01639344262295,0.2960950819672131,1.2681152751099223,16.698673242483643,-16.650493489145546
P20_ql_heima|b0|rk_score|tp3,82,63.41463414634146,0.29016097560975607,1.2662107716388837,22.712521639535964,-19.249777546723045
P09_a2_loose|b35|rk_score|tp35,66,54.54545454545455,0.30989696969696967,1.2648863562779251,18.896615270898586,-12.518996507352377
P20_ql_heima|b35|rk_volr|tp35,53,60.37735849056604,0.28220377358490567,1.2626626626626627,13.720481691760455,-16.037462090131005
P19_ql_near|b40|rk_score|noTP,50,58.0,0.285656,1.2617987990409927,12.382252324818289,-13.63523957375773
P19_ql_near|b35|rk_score|tp4,57,59.64912280701754,0.2574666666666667,1.251948118835678,13.343005783710215,-10.88941919573717
P01_tail_near|b40|rk_score|noTP,53,50.943396226415096,0.2834698113207547,1.2306720302160261,12.309857495786591,-19.115268920320617
P18_ql_tight|b40|rk_score|tp4,29,58.62068965517241,0.24338275862068967,1.2216865275046955,5.939324841086457,-10.759397175935648
P01_tail_near|b40|rk_score|tp3,53,60.37735849056604,0.24774150943396225,1.2133714023852198,11.360977488253532,-16.650493489145525
P21_ql_clv|b0|rk_volr|tp35,87,63.2183908045977,0.2359632183908046,1.2117211470532119,18.38227263621286,-27.11777152138278
P19_ql_near|b0|rk_score|tp4,90,58.888888888888886,0.23701777777777774,1.2108659485438686,19.03084273950175,-19.91914681025787
P01_tail_near|b35|rk_volr|tp35,61,54.09836065573771,0.2548065573770492,1.2104328283443673,13.443830617568796,-20.669202752314263
P27_tight_clv65|b40|rk_score|noTP,63,47.61904761904762,0.26648888888888894,1.2061027469235832,12.737430633523728,-32.895614336135615
P02_tail_main|b0|rk_score|tp3,86,52.325581395348834,0.21850581395348836,1.2045678454596422,16.965516479021183,-22.373848029365263
P20_ql_heima|b35|rk_score|tp4,53,56.60377358490566,0.2235207547169811,1.203380344558229,10.17090821624691,-14.008150843609613
P27_tight_clv65|b40|rk_score|tp35,63,55.55555555555556,0.24414603174603178,1.1998765488249399,13.119972669581848,-27.622796494957424
P24_sweet_tight|b0|rk_score|noTP,95,34.73684210526316,0.2481978947368421,1.1970662545727464,17.747320094068876,-33.09626107097522
P00_tail_raw|b35|rk_volr|tp35,62,53.225806451612904,0.23805322580645163,1.1959735874560335,12.49755554695582,-21.256522022361978
P19_ql_near|b0|rk_score|noTP,90,56.666666666666664,0.22043666666666667,1.1884929721183974,16.02556039554164,-18.648666765788835
P09_a2_loose|b35|rk_volr|tp35,66,53.03030303030303,0.21592272727272727,1.1761893575985363,11.89241011105433,-14.87983518602569
P20_ql_heima|b0|rk_score|tp35,82,60.97560975609756,0.20415853658536584,1.1724958681773407,13.913999566107549,-21.312248643565113
P01_tail_near|b35|rk_r1|tp35,61,52.459016393442624,0.21263934426229508,1.1612305779987568,10.247817094879208,-15.570185388626035
P06_heima10|b0|rk_score|tp35,88,54.54545454545455,0.2081636363636364,1.16086184519032,14.64826216914783,-24.85413950240707
P05_tri_cross|b35|rk_volr|tp35,58,50.0,0.1763706896551724,1.1595201374778368,8.358103276953743,-11.918242580057537
P27_tight_clv65|b35|rk_score|noTP,71,45.070422535211264,0.2021535211267606,1.1561154999526855,9.630824354697843,-37.1397164012393
P18_ql_tight|b35|rk_volr|tp35,33,57.57575757575758,0.1574969696969697,1.1519547649954973,4.047755420499577,-9.139947956487394
P06_heima10|b0|rk_score|noTP,88,47.72727272727273,0.20834318181818184,1.149872233148754,12.580812932146923,-27.105721876369028
P27_tight_clv65|b40|rk_score|tp4,63,52.38095238095238,0.1878746031746032,1.1481785188032145,8.989662067016834,-29.842134763886808
P19_ql_near|b40|rk_score|tp4,50,58.0,0.160766,1.1473392672537046,6.2313291828205,-11.652708096847741
P06_heima10|b0|rk_score|tp3,88,57.95454545454545,0.16285568181818186,1.128749847275027,10.586004966554263,-25.817737915411332
P17_ql_core|b0|rk_score|tp35,103,59.22330097087379,0.1467621359223301,1.1266850201343408,11.339967617021696,-20.161237457203573
P07_heima_lite|b0|rk_score|tp35,88,53.40909090909091,0.1537318181818182,1.1171527391696674,9.32637850028244,-26.8185618731953
P20_ql_heima|b40|rk_score|tp4,47,55.319148936170215,0.13564042553191488,1.116853384754126,4.462048871367852,-15.540831376618126
P28_mild_r1|b35|rk_score|noTP,63,38.095238095238095,0.14375079365079363,1.1137606081770264,4.2037624813197505,-26.55064521946854
P27_tight_clv65|b35|rk_score|tp35,71,52.11267605633803,0.13952957746478875,1.113305304187902,6.8561651739504015,-32.200384618643916
P07_heima_lite|b0|rk_volr|tp35,88,53.40909090909091,0.1481943181818182,1.1129890000970375,8.853292021781801,-29.5892307866371
P01_tail_near|b35|rk_roc5|tp35,61,54.09836065573771,0.14482295081967214,1.1114340278566148,6.084647596824522,-15.546111533326235
P20_ql_heima|b0|rk_score|noTP,82,53.65853658536585,0.12092195121951223,1.0928739154828262,4.121937967410649,-24.503374284667366
P15_turn38|b35|rk_volr|tp35,49,48.97959183673469,0.09521836734693878,1.088009325891232,2.8809380988708,-22.65003978087551
P20_ql_heima|b0|rk_score|tp4,82,56.09756097560975,0.10672073170731707,1.0852320650448313,4.943734527816113,-20.547849095335515
P18_ql_tight|b40|rk_score|tp35,29,58.62068965517241,0.08821034482758622,1.0803468789064707,1.429396766546831,-10.759397175935682
P27_tight_clv65|b35|rk_score|tp4,71,49.29577464788732,0.09664084507042256,1.0759380056354488,3.4534220225952206,-34.27935802114701
P27_tight_clv65|b40|rk_score|tp3,63,57.142857142857146,0.09036349206349208,1.0742776621631318,3.016533470999283,-28.286207872285196
P02_tail_main|b0|rk_volr|tp35,86,50.0,0.08598372093023256,1.0714585976735804,3.732215191860888,-18.46941991602855
P08_cap10|b35|rk_score|tp35,63,49.20634920634921,0.09308095238095239,1.0708843591686943,2.878172391961309,-25.727210547920087
P18_ql_tight|b35|rk_score|noTP,33,51.515151515151516,0.06970000000000004,1.0654366998577525,0.7754425867035897,-13.437536091510239
P05_tri_cross|b0|rk_volr|tp35,84,47.61904761904762,0.06959285714285714,1.0599885478087936,2.6978944320132037,-16.75110158349
P18_ql_tight|b40|rk_score|tp3,29,62.06896551724138,0.06447586206896552,1.0593056374927843,0.8095642467575992,-9.293517685773278
P01_tail_near|b0|rk_score|tp4,94,48.93617021276596,0.0808244680851064,1.0575286204413443,2.3013575219500426,-26.44898738988036
P18_ql_tight|b35|rk_roc5|tp35,33,54.54545454545455,0.05652424242424244,1.050407927770166,0.5933326557839624,-16.61727608192003
P06_heima10|b0|rk_volr|tp35,88,53.40909090909091,0.0585011363636364,1.0417485050141024,0.302746342554272,-35.12007406465146
P05_tri_cross|b35|rk_score|tp35,58,48.275862068965516,0.03997068965517241,1.0348790149683529,0.1626440213732261,-16.46617887781887
P17_ql_core|b0|rk_volr|tp35,103,57.28155339805825,0.010448543689320394,1.0085010853457783,-3.2678339679803714,-33.012979075981676
P29_roc_cap|b35|rk_score|tp35,71,46.478873239436616,0.0030647887323943636,1.0023998297179648,-2.9385232455869437,-35.900847507179314
P20_ql_heima|b0|rk_volr|tp35,82,57.31707317073171,0.0001804878048780526,1.000136774253171,-3.8246946103994817,-27.687934631775178
P27_tight_clv65|b35|rk_score|tp3,71,53.521126760563384,-0.003967605633802803,0.9967666328446744,-3.1593343786804007,-32.821837701164604
P03_tight2|b0|rk_score|tp35,109,54.12844036697248,-0.010449541284403625,0.9936504113853307,-9.451940931637425,-35.507364573983466
P05_tri_cross|b0|rk_score|tp35,84,46.42857142857143,-0.024588095238095242,0.9793022864289379,-5.069465682257812,-22.31725040155772
P03_tight2|b0|rk_volr|tp35,109,52.293577981651374,-0.03912477064220178,0.976771508795246,-12.32331603352187,-28.964424030909907
P03_tight2|b35|rk_score|tp35,65,55.38461538461539,-0.03655538461538459,0.9756244684747162,-5.95738347791216,-33.352215765610005
P01_tail_near|b0|rk_score|tp35,94,48.93617021276596,-0.056212765957446786,0.9599893082708704,-9.640612102928925,-32.399009844491964
P00_tail_raw|b0|rk_score|tp35,96,47.916666666666664,-0.0684114583333333,0.9500544894682846,-10.739344787794714,-32.887143575641744
P29_roc_cap|b35|rk_volr|tp35,71,49.29577464788732,-0.06399295774647888,0.949969553387282,-7.391548693338834,-31.8799631369191
P10_ma60|b0|rk_score|tp35,103,48.54368932038835,-0.08479417475728154,0.9390269358553424,-13.004550648140489,-35.93564264967357
P09_a2_loose|b0|rk_score|tp35,106,49.056603773584904,-0.08557264150943394,0.9388590097811294,-13.429220831590417,-29.951562445146706
P18_ql_tight|b35|rk_r1|tp35,33,54.54545454545455,-0.07281212121212119,0.9383619274339189,-3.6129887734148824,-15.973132099297537
P18_ql_tight|b0|rk_score|tp4,49,55.10204081632653,-0.09975918367346936,0.9293996325695865,-7.284726516124973,-23.395795195542135
P24_sweet_tight|b40|rk_score|tp4,52,38.46153846153846,-0.08358076923076926,0.9282094482986455,-5.980026334660849,-22.697326560352813
P09_a2_loose|b0|rk_volr|tp35,106,49.056603773584904,-0.12505471698113207,0.9122151053752504,-16.954407717933297,-32.418618979344025
P14_clv55|b0|rk_score|tp35,109,48.62385321100918,-0.12442477064220182,0.9092299980122331,-17.12536046272112,-47.38319082975995
P03_tight2|b35|rk_volr|tp35,65,52.30769230769231,-0.15075230769230766,0.9075469935719077,-12.93890379155328,-25.943508713775266
P01_tail_near|b0|rk_score|tp3,94,51.06382978723404,-0.14435744680851062,0.8966339928030154,-16.50494845784215,-34.16743521887228
P28_mild_r1|b35|rk_volr|tp35,63,46.03174603174603,-0.12630476190476192,0.8945465629431332,-9.605805858163318,-27.29208650051177
P24_sweet_tight|b0|rk_score|tp4,95,37.89473684210526,-0.1330178947368421,0.8896209621206694,-14.83015477827674,-33.09434366199231
P27_tight_clv65|b35|rk_volr|tp35,71,47.88732394366197,-0.16063239436619714,0.8820023258316296,-13.613179134211762,-36.62151916577553
P18_ql_tight|b0|rk_score|tp3,49,59.183673469387756,-0.1530612244897959,0.8810299947177318,-9.172005340030598,-18.039862247958894
P11_ma120|b0|rk_score|tp35,97,46.391752577319586,-0.17676391752577317,0.8740780453054944,-19.69946730400246,-35.6847063911334
P12_no_ma_long|b0|rk_score|tp35,113,46.017699115044245,-0.17824867256637167,0.8730897717492253,-22.60378703674819,-49.13026873820412
P14_clv55|b0|rk_volr|tp35,109,48.62385321100918,-0.18649999999999997,0.8682344446187332,-22.597038195986197,-50.61168099609166
P24_sweet_tight|b40|rk_score|tp35,52,38.46153846153846,-0.1547269230769231,0.8670994383878428,-9.241213972398942,-24.1675827411308
P28_mild_r1|b40|rk_score|tp35,55,45.45454545454545,-0.16355636363636367,0.8634081160080477,-10.296402985568632,-23.878659166469753
P01_tail_near|b0|rk_score|noTP,94,42.5531914893617,-0.21135212765957442,0.8586175805203946,-22.839136638997747,-35.853003385460504
P18_ql_tight|b40|rk_score|noTP,29,48.275862068965516,-0.17221034482758615,0.8572106600944096,-6.196969896057281,-13.511724194646757
P00_tail_raw|b0|rk_volr|tp35,96,45.833333333333336,-0.23358541666666666,0.8411380940000128,-23.921585269192747,-43.38940725100894
P04_tight3|b35|rk_score|tp35,69,56.52173913043478,-0.281131884057971,0.8409046359516926,-21.366922221269714,-35.09054082130959
P16_turn412|b35|rk_score|tp35,56,48.214285714285715,-0.24015178571428566,0.840161211534873,-15.214895833613372,-28.33233926811363
P28_mild_r1|b40|rk_score|tp3,55,45.45454545454545,-0.19688,0.8355783320047071,-11.82945135479132,-23.62257968695284
P01_tail_near|b0|rk_volr|tp35,94,46.808510638297875,-0.25171702127659573,0.8330491008398558,-24.86641690406497,-44.02156208624386
P01_tail_near|b35|rk_clv|tp35,61,42.622950819672134,-0.24538852459016391,0.8294534516742813,-16.34881783744745,-27.254531835820117
P10_ma60|b0|rk_volr|tp35,103,46.601941747572816,-0.2703135922330097,0.8229767835173464,-28.31677865545892,-47.07989034062089
P18_ql_tight|b0|rk_score|tp35,49,55.10204081632653,-0.25282040816326523,0.821076987070609,-13.769212294094235,-23.765185709595805
P24_sweet_tight|b0|rk_score|tp35,95,37.89473684210526,-0.21725157894736846,0.8197233514376605,-21.12643367257506,-36.52415273684707
P24_sweet_tight|b35|rk_score|tp4,60,36.666666666666664,-0.2111766666666667,0.8167518746971922,-13.558832474986392,-28.09529285228931
P08_cap10|b0|rk_score|tp35,98,42.857142857142854,-0.2811867346938775,0.8138429964222792,-27.65449987445421,-45.155526270589064
P08_cap10|b35|rk_volr|tp35,63,44.44444444444444,-0.27967460317460313,0.8075501044742048,-18.61380969355755,-34.80784789255333
P11_ma120|b0|rk_volr|tp35,97,46.391752577319586,-0.3025484536082474,0.8021967356314401,-29.140905351784262,-41.480215098583685
P28_mild_r1|b40|rk_score|tp4,55,43.63636363636363,-0.24424727272727273,0.797859662216658,-14.19261055715123,-26.62323851283149
P13_r1band|b35|rk_score|tp35,60,36.666666666666664,-0.26392666666666664,0.780099899045585,-16.39982020674733,-30.222682233188447
P04_tight3|b35|rk_volr|tp35,69,53.6231884057971,-0.4316768115942029,0.7747599436780757,-29.424670130427945,-48.11179221291218
P24_sweet_tight|b40|rk_score|tp3,52,38.46153846153846,-0.27158846153846156,0.7667228278823919,-14.42477938739204,-25.618280904890987
P24_sweet_tight|b35|rk_score|tp35,60,36.666666666666664,-0.27283666666666667,0.7632465344315166,-16.557140769856225,-29.452513597737873
P12_no_ma_long|b0|rk_volr|tp35,113,44.24778761061947,-0.3643495575221239,0.7608418848946105,-37.41853880943437,-51.914469428595545
P15_turn38|b0|rk_score|tp35,75,44.0,-0.34885466666666665,0.7589530842905523,-25.703265440153523,-36.07027791917437
P24_sweet_tight|b0|rk_volr|tp35,95,36.8421052631579,-0.29875578947368425,0.7588984447472416,-26.946234747423237,-41.05970310472532
P28_mild_r1|b35|rk_score|tp35,63,41.26984126984127,-0.3013968253968254,0.7567060240500733,-18.952262469260774,-30.407311728215447
P04_tight3|b0|rk_score|tp35,115,54.78260869565217,-0.47479304347826085,0.7520184392492592,-46.7741615369214,-53.67183001525735
P18_ql_tight|b0|rk_volr|tp35,49,53.06122448979592,-0.36263061224489795,0.7512344546909279,-18.26559759702251,-26.59837339955199
P04_tight3|b0|rk_volr|tp35,115,53.04347826086956,-0.4980878260869565,0.7493292336831253,-48.42229079852935,-62.88081593130948
P24_sweet_tight|b0|rk_score|tp3,95,38.94736842105263,-0.3050052631578947,0.7445616144661584,-27.190079408086298,-37.7428262048897
P24_sweet_tight|b35|rk_volr|tp35,60,36.666666666666664,-0.3039733333333334,0.7383014503733548,-18.047000196991704,-30.537580150645105
P28_mild_r1|b35|rk_score|tp3,63,41.26984126984127,-0.33048888888888894,0.7332222869992504,-20.337380859002675,-30.17319526106338
P26_tri_only|b0|rk_score|tp35,119,52.10084033613445,-0.5826840336134453,0.7239344969803333,-54.66846140228413,-62.85135145793961
P13_r1band|b35|rk_volr|tp35,60,36.666666666666664,-0.38383,0.7170671538281036,-22.409791148291834,-35.364237129765186
P22_ql_r1band|b0|rk_score|tp35,54,48.148148148148145,-0.3056888888888889,0.7157474389683206,-16.58318997127929,-22.052193493878434
P28_mild_r1|b0|rk_volr|tp35,106,41.509433962264154,-0.42663396226415096,0.7119255161659376,-39.27029467036755,-48.619749723146974
P26_tri_only|b35|rk_score|tp35,71,52.11267605633803,-0.6051619718309859,0.7081678894683292,-38.50615961748254,-55.52009954181385
P28_mild_r1|b35|rk_score|tp4,63,39.682539682539684,-0.37184126984126986,0.7021290663845543,-22.472509361657977,-32.91649841353976
P28_mild_r1|b0|rk_score|noTP,106,33.9622641509434,-0.490827358490566,0.7013794663048395,-44.973531301063915,-53.04557720160935
P22_ql_r1band|b35|rk_score|tp35,38,42.10526315789474,-0.3303894736842105,0.6989631988337186,-12.80596150652481,-16.300747528888728
P15_turn38|b0|rk_volr|tp35,75,42.666666666666664,-0.4292026666666666,0.6972419942213929,-29.925186431498563,-41.56710162187003
P27_tight_clv65|b0|rk_score|tp35,111,42.34234234234234,-0.4965189189189189,0.6932246655526773,-45.61425526869115,-59.633297534732286
P29_roc_cap|b0|rk_score|tp35,117,39.31623931623932,-0.4842376068376068,0.6902749737731033,-46.398768857059466,-59.72350912203561
P26_tri_only|b0|rk_volr|tp35,119,49.57983193277311,-0.6404840336134453,0.688671018002669,-57.40397529829595,-66.70658209740013
P23_sweet|b40|rk_score|noTP,63,33.333333333333336,-0.5353365079365079,0.6869054548458998,-32.382254624929075,-34.090368631475755
P29_roc_cap|b0|rk_volr|tp35,117,41.88034188034188,-0.4966188034188034,0.6823889538760918,-47.182225510412565,-60.910943990952134
P27_tight_clv65|b0|rk_score|tp3,111,45.04504504504504,-0.4966315315315315,0.6813162863349995,-45.3287568315175,-56.951184664446174
P26_tri_only|b35|rk_volr|tp35,71,49.29577464788732,-0.6450281690140844,0.6778849298650476,-39.92574234220784,-54.02353814712413
P24_sweet_tight|b35|rk_score|tp3,60,36.666666666666664,-0.3741166666666667,0.6753610193146238,-21.32286691235843,-30.887570328114368
P16_turn412|b35|rk_volr|tp35,56,44.642857142857146,-0.5356964285714285,0.6677424785465242,-28.13408678786179,-39.252750386822875
P27_tight_clv65|b0|rk_score|tp4,111,39.63963963963964,-0.574118018018018,0.6542542282948255,-50.18555258740322,-61.551141510822426
P18_ql_tight|b35|rk_clv|tp35,33,45.45454545454545,-0.4724272727272727,0.6473849202041038,-15.48236814169439,-19.295622451515115
P08_cap10|b0|rk_volr|tp35,98,39.795918367346935,-0.5786775510204082,0.6462851155131979,-45.9834706052241,-55.29437077790931
P18_ql_tight|b0|rk_score|noTP,49,46.93877551020408,-0.5513551020408163,0.6458198684560696,-25.75044212724823,-31.611822072377617
P27_tight_clv65|b0|rk_score|noTP,111,35.13513513513514,-0.6285153153153152,0.6348725184591262,-53.86779464480702,-68.06853013409928
P16_turn412|b0|rk_score|tp35,88,42.04545454545455,-0.6904295454545454,0.6188130955868929,-48.3964080105948,-56.951012903988804
P28_mild_r1|b0|rk_score|tp35,106,37.735849056603776,-0.6089169811320754,0.6080427948293022,-49.94736078433779,-56.36722442588131
P27_tight_clv65|b0|rk_volr|tp35,111,39.63963963963964,-0.6782045045045044,0.5989969690674423,-55.49915427105552,-65.19988289970607
P23_sweet|b35|rk_score|noTP,71,29.577464788732396,-0.739049295774648,0.5850834854173322,-44.14582488167738,-45.55677548812708
P28_mild_r1|b0|rk_score|tp3,106,38.679245283018865,-0.6475264150943396,0.5805148269904336,-51.83402040893144,-57.1381288427931
P28_mild_r1|b0|rk_score|tp4,106,36.79245283018868,-0.654772641509434,0.5800540195820985,-52.33600395249823,-57.99828923302619
P25_heima20_yang|b35|rk_score|tp35,71,46.478873239436616,-1.0570873239436618,0.5431566196857319,-55.55656980440001,-61.53385503747103
P16_turn412|b0|rk_volr|tp35,88,39.77272727272727,-0.878503409090909,0.5329977479980863,-56.25954228861525,-63.5106331362045
P25_heima20_yang|b35|rk_volr|tp35,71,45.070422535211264,-1.055325352112676,0.5199018634790025,-55.25989856872053,-61.068932180802115
P25_heima20_yang|b0|rk_score|tp35,119,45.378151260504204,-1.1991319327731091,0.5145447722883365,-78.45935029131084,-79.02324903890833
P25_heima20_yang|b0|rk_volr|tp35,119,43.69747899159664,-1.1967033613445377,0.4956734378762767,-78.21624657464345,-78.35732125301712
P13_r1band|b0|rk_score|tp35,92,30.434782608695652,-0.8107173913043478,0.4902350758127184,-54.4575875404962,-61.12766248531049
P13_r1band|b0|rk_volr|tp35,92,31.52173913043478,-0.8885532608695652,0.4774525822172448,-57.73363901800411,-63.99370951240062
P22_ql_r1band|b0|rk_volr|tp35,54,42.592592592592595,-0.7132759259259259,0.47157860077787905,-33.2551157670532,-35.96022864668667
P22_ql_r1band|b35|rk_volr|tp35,38,36.8421052631579,-0.7125657894736842,0.4495827785626442,-24.63414773731316,-27.384591872680264
P23_sweet|b40|rk_score|tp4,63,33.333333333333336,-1.000290476190476,0.41497453093189773,-48.243907925409005,-49.551335514222416
P23_sweet|b0|rk_score|noTP,119,26.89075630252101,-1.349470588235294,0.39578725022942,-81.8608918040002,-82.0186678563188
P23_sweet|b40|rk_score|tp3,63,33.333333333333336,-1.0502253968253967,0.38576981383953973,-49.764837081542204,-51.080764516060185
P23_sweet|b40|rk_score|tp35,63,33.333333333333336,-1.0637825396825396,0.3778408431575146,-50.20710461385334,-51.46493924829454
P23_sweet|b35|rk_volr|tp35,71,32.394366197183096,-1.0406225352112675,0.37756933919784474,-53.621837652480075,-54.74114487353725
P23_sweet|b35|rk_score|tp4,71,29.577464788732396,-1.1516140845070422,0.3534616637620468,-57.24800029727104,-58.327972560395835
P23_sweet|b35|rk_score|tp3,71,29.577464788732396,-1.1959225352112677,0.3285860458054864,-58.50433090927254,-59.59132428597969
P23_sweet|b35|rk_score|tp35,71,29.577464788732396,-1.2079521126760564,0.32183240923194684,-58.869656432355775,-59.90866350886017
P23_sweet|b0|rk_volr|tp35,119,29.41176470588235,-1.5803109243697477,0.26158160544756187,-85.74060284672026,-85.74060284672026
P23_sweet|b0|rk_score|tp4,119,26.89075630252101,-1.6493235294117647,0.2615309191211191,-86.92362438419063,-87.03736420541031
P23_sweet|b0|rk_score|tp3,119,26.89075630252101,-1.697496638655462,0.23996186303728398,-87.61815098103803,-87.73761111259589
P23_sweet|b0|rk_score|tp35,119,26.89075630252101,-1.7039453781512603,0.2370745006469663,-87.72003919073902,-87.82685170424172
