decision_date,code,postdecision_current_amount,postdecision_current_volume,postdecision_current_source,postdecision_current_vwap_known
2024-01-02,002347,502256512.0,78948300.0,tdx,True
2024-01-02,605389,115255840.0,4363800.0,tdx,True
2024-01-03,000705,974359040.0,87896100.0,tdx,True
2024-01-03,001339,1459440384.0,42387000.0,tdx,True
2024-01-03,002529,255028128.0,20536400.0,tdx,True
2024-01-03,601166,1121674880.0,76538500.0,tdx,True
2024-01-03,603711,140512816.0,8443700.0,tdx,True
2024-01-04,000678,274174112.0,39263500.0,tdx,True
2024-01-04,600592,581661248.0,47224100.0,tdx,True
2024-01-04,603261,182901744.0,5067400.0,tdx,True
2024-01-04,603586,319595904.0,18210600.0,tdx,True
2024-01-05,600088,556383424.0,36026400.0,tdx,True
2024-01-05,605488,354437696.0,20638500.0,tdx,True
2024-01-08,000635,205356976.0,22284200.0,tdx,True
2024-01-08,002780,542044928.0,36072200.0,tdx,True
2024-01-08,002888,105060880.0,4205800.0,tdx,True
2024-01-08,603048,210553104.0,10775800.0,tdx,True
2024-01-08,603390,309760576.0,29140100.0,tdx,True
2024-01-08,603908,154903584.0,3990500.0,tdx,True
2024-01-09,000590,396257120.0,41252900.0,tdx,True
2024-01-09,603709,166530368.0,9180700.0,tdx,True
2024-01-10,600234,112305920.0,13843300.0,tdx,True
2024-01-10,600775,861831616.0,77139900.0,tdx,True
2024-01-10,605303,180348592.0,14649200.0,tdx,True
2024-01-11,002058,114893616.0,8471800.0,tdx,True
2024-01-11,002347,983838784.0,148272000.0,tdx,True
2024-01-11,002527,393398784.0,39347900.0,tdx,True
2024-01-11,002877,508821664.0,45493600.0,tdx,True
2024-01-11,002887,194864368.0,21445000.0,tdx,True
2024-01-11,600506,544725760.0,35270400.0,tdx,True
2024-01-11,603211,423039360.0,21313400.0,tdx,True
2024-01-11,603389,135855008.0,18722500.0,tdx,True
2024-01-11,603656,377755264.0,24126600.0,tdx,True
2024-01-11,605389,210802336.0,7744000.0,tdx,True
2024-01-12,002186,665306048.0,48584100.0,tdx,True
2024-01-12,600628,246845072.0,32528700.0,tdx,True
2024-01-12,603085,275567616.0,27402100.0,tdx,True
2024-01-15,000032,527019168.0,29300800.0,tdx,True
2024-01-15,000628,2960647424.0,61964500.0,tdx,True
2024-01-15,002599,259997664.0,36457700.0,tdx,True
2024-01-15,003029,259292400.0,11782000.0,tdx,True
2024-01-15,003032,477732160.0,31516900.0,tdx,True
2024-01-15,603877,281936352.0,15251200.0,tdx,True
2024-01-15,605365,489493632.0,22420300.0,tdx,True
2024-01-16,001212,261638960.0,9560400.0,tdx,True
2024-01-16,002651,233274112.0,33579700.0,tdx,True
2024-01-16,003022,582477824.0,30343100.0,tdx,True
2024-01-16,603109,376004416.0,21245100.0,tdx,True
2024-01-17,001209,287495456.0,14348100.0,tdx,True
2024-01-17,603192,201978432.0,9808700.0,tdx,True
2024-01-17,603213,268565568.0,22379900.0,tdx,True
2024-01-17,603656,308220160.0,18684200.0,tdx,True
2024-01-18,002097,764555712.0,109570800.0,tdx,True
2024-01-18,603026,239451152.0,5395300.0,tdx,True
2024-01-18,605303,150917024.0,11930500.0,tdx,True
2024-01-19,000037,504018368.0,54704100.0,tdx,True
2024-01-19,002090,339624000.0,34449800.0,tdx,True
2024-01-19,002614,574205824.0,66523900.0,tdx,True
2024-01-19,603610,302983936.0,22949900.0,tdx,True
2024-01-19,605155,198444864.0,12295100.0,tdx,True
2024-01-22,001212,183457184.0,6944500.0,tdx,True
2024-01-22,002333,78210656.0,12088200.0,tdx,True
2024-01-22,603213,191213936.0,16601200.0,tdx,True
2024-01-22,603276,215357344.0,9184100.0,tdx,True
2024-01-22,603679,76221456.0,5394300.0,tdx,True
2024-01-23,000635,379335552.0,41531600.0,tdx,True
2024-01-23,002033,449255200.0,51283700.0,tdx,True
2024-01-23,002571,224027072.0,35843500.0,tdx,True
2024-01-23,603083,1174708480.0,29937300.0,tdx,True
2024-01-23,603600,337041224.0,29446644.0,tdx,True
2024-01-24,000020,487169280.0,30625500.0,tdx,True
2024-01-25,000936,1230258432.0,137799300.0,tdx,True
2024-01-25,601886,178030752.0,26658500.0,tdx,True
2024-01-26,600689,503830176.0,39373100.0,tdx,True
2024-01-29,002051,912013760.0,103964600.0,tdx,True
2024-01-29,002902,330879712.0,16755800.0,tdx,True
2024-01-29,600284,813076224.0,112929200.0,tdx,True
2024-01-29,600345,109424880.0,6207700.0,tdx,True
2024-01-29,600444,134318896.0,9573900.0,tdx,True
2024-01-29,603112,67943432.0,6188300.0,tdx,True
2024-01-29,603682,216261664.0,35174800.0,tdx,True
2024-01-29,605277,153006752.0,11309000.0,tdx,True
2024-01-30,000014,511713536.0,39378300.0,tdx,True
2024-01-30,000736,733334464.0,68781400.0,tdx,True
2024-01-30,000948,173282224.0,12983300.0,tdx,True
2024-01-30,003003,114363912.0,11712800.0,tdx,True
2024-01-30,603779,223716576.0,24941500.0,tdx,True
2024-01-30,605286,108182168.0,4832200.0,tdx,True
2024-01-31,600189,334455232.0,38833600.0,tdx,True
2024-02-01,000899,411151776.0,55483200.0,tdx,True
2024-02-01,002333,341564256.0,52594800.0,tdx,True
2024-02-02,002590,309753376.0,28480200.0,tdx,True
2024-02-02,600551,292576960.0,27335500.0,tdx,True
2024-02-02,603122,150230400.0,21809700.0,tdx,True
2024-02-02,603230,701668160.0,45405500.0,tdx,True
2024-02-02,603897,157793104.0,9878900.0,tdx,True
2024-02-05,002868,75834064.0,4702000.0,tdx,True
2024-02-05,603221,31517668.0,4049000.0,tdx,True
2024-02-05,603779,188246896.0,22179100.0,tdx,True
2024-02-05,603990,189860576.0,18358000.0,tdx,True
2024-02-06,000029,164871920.0,16109300.0,tdx,True
2024-02-06,600446,1447637760.0,127861300.0,tdx,True
2024-02-06,605218,208852144.0,13727100.0,tdx,True
2024-02-08,600060,485800416.0,19330700.0,tdx,True
2024-02-19,000970,201713872.0,22271300.0,tdx,True
2024-02-19,002402,361662976.0,32413000.0,tdx,True
2024-02-19,002819,281304000.0,12201600.0,tdx,True
2024-02-19,600259,231752000.0,8036300.0,tdx,True
2024-02-19,600392,536145600.0,58631700.0,tdx,True
2024-02-19,603178,590870016.0,21842800.0,tdx,True
2024-02-19,603267,267777232.0,7817500.0,tdx,True
2024-02-19,603392,962273856.0,15874800.0,tdx,True
2024-02-19,603985,511394080.0,31684900.0,tdx,True
2024-02-20,000818,363154016.0,13641700.0,tdx,True
2024-02-20,000880,102404120.0,13334600.0,tdx,True
2024-02-20,002006,86977784.0,7899600.0,tdx,True
2024-02-20,002312,160641776.0,25101300.0,tdx,True
2024-02-20,002625,546248832.0,39273900.0,tdx,True
2024-02-20,002669,69780824.0,8273000.0,tdx,True
2024-02-20,603301,59675048.0,2953500.0,tdx,True
2024-02-20,603612,54307012.0,4844000.0,tdx,True
2024-02-20,605128,52785596.0,1299900.0,tdx,True
2024-02-20,605338,32443180.0,1992700.0,tdx,True
2024-02-20,605376,52499904.0,2852700.0,tdx,True
2024-02-21,000722,109506272.0,12829500.0,tdx,True
2024-02-21,002261,1192869760.0,89508300.0,tdx,True
2024-02-21,002871,44933876.0,5795200.0,tdx,True
2024-02-21,002970,82188352.0,3424500.0,tdx,True
2024-02-21,002996,55166888.0,7084600.0,tdx,True
2024-02-21,603015,124976800.0,18593600.0,tdx,True
2024-02-21,603041,53555780.0,5517700.0,tdx,True
2024-02-21,603186,175979728.0,9045000.0,tdx,True
2024-02-21,603496,629787584.0,26998100.0,tdx,True
2024-02-21,603725,68351048.0,8737300.0,tdx,True
2024-02-21,603991,81890128.0,2329900.0,tdx,True
2024-02-21,605068,41438608.0,2490400.0,tdx,True
2024-02-22,002290,56341600.0,5589400.0,tdx,True
2024-02-22,002771,843210240.0,42996300.0,tdx,True
2024-02-22,003005,201596160.0,8324500.0,tdx,True
2024-02-22,600613,103516040.0,16442000.0,tdx,True
2024-02-22,603038,163618528.0,16063900.0,tdx,True
2024-02-22,603139,59278400.0,4780300.0,tdx,True
2024-02-26,000586,103925464.0,11538200.0,tdx,True
2024-02-26,002912,422121088.0,15925500.0,tdx,True
2024-02-26,603860,198389952.0,6975000.0,tdx,True
2024-02-26,603917,175566624.0,12229300.0,tdx,True
2024-02-27,002725,146299168.0,16485600.0,tdx,True
2024-02-27,002868,84641496.0,4471900.0,tdx,True
2024-02-27,600602,1376854528.0,114111800.0,tdx,True
2024-02-27,600783,88845240.0,7823200.0,tdx,True
2024-02-27,603051,133465496.0,4877000.0,tdx,True
2024-02-27,603268,31307116.0,1676900.0,tdx,True
2024-02-27,603990,217253088.0,19686700.0,tdx,True
2024-02-28,000410,212874288.0,30029300.0,tdx,True
2024-02-28,002903,347127872.0,18364200.0,tdx,True
2024-02-28,603331,81970120.0,7684700.0,tdx,True
2024-02-28,603897,194515936.0,11217100.0,tdx,True
2024-02-29,603535,57003992.0,3778800.0,tdx,True
2024-02-29,605068,60933688.0,3408000.0,tdx,True
2024-03-04,000550,316590979.0,11753318.0,tdx,True
2024-03-05,002741,112890408.0,9206400.0,tdx,True
2024-03-05,603200,98145884.0,5290720.0,tdx,True
2024-03-05,605277,198198240.0,14498100.0,tdx,True
2024-03-06,000504,49836876.0,5994400.0,tdx,True
2024-03-06,603191,596645120.0,35420200.0,tdx,True
2024-03-08,001306,303214336.0,4720300.0,tdx,True
2024-03-08,001332,42626812.0,1543500.0,tdx,True
2024-03-08,001378,97091808.0,3220300.0,tdx,True
2024-03-08,002380,296491680.0,18946000.0,tdx,True
2024-03-08,002735,242508400.0,23085200.0,tdx,True
2024-03-08,603097,266635504.0,11548000.0,tdx,True
2024-03-08,605069,62189132.0,9079200.0,tdx,True
2024-03-11,000551,332605664.0,37814800.0,tdx,True
2024-03-11,000856,173185792.0,22574400.0,tdx,True
2024-03-11,002972,140265264.0,15093000.0,tdx,True
2024-03-11,600560,798533568.0,45237300.0,tdx,True
2024-03-11,603332,90468272.0,11789100.0,tdx,True
2024-03-12,000504,67145488.0,7698500.0,tdx,True
2024-03-12,001208,321733920.0,36691700.0,tdx,True
2024-03-12,002575,157225120.0,22666300.0,tdx,True
2024-03-12,003004,98927024.0,4390600.0,tdx,True
2024-03-12,603051,143990304.0,5161000.0,tdx,True
2024-03-12,605168,465183200.0,7149000.0,tdx,True
2024-03-13,002346,92961816.0,9083900.0,tdx,True
2024-03-13,002407,620718528.0,43598800.0,tdx,True
2024-03-13,002715,110317032.0,9552900.0,tdx,True
2024-03-13,002850,468601929.0,5589563.0,tdx,True
2024-03-13,603516,858516288.0,27890200.0,tdx,True
2024-03-13,603810,231771296.0,20557700.0,tdx,True
2024-03-13,605218,613375808.0,26779700.0,tdx,True
2024-03-14,603788,91303648.0,7149600.0,tdx,True
2024-03-14,603800,110418590.0,4587113.0,tdx,True
2024-03-14,603982,153779840.0,13568700.0,tdx,True
2024-03-15,002772,403934944.0,46766800.0,tdx,True
2024-03-15,600536,1315393408.0,39395500.0,tdx,True
2024-03-18,001229,317663808.0,8398700.0,tdx,True
2024-03-18,002755,144595408.0,14902400.0,tdx,True
2024-03-18,600241,225397296.0,28880000.0,tdx,True
2024-03-18,603499,255281760.0,14153800.0,tdx,True
2024-03-19,002811,148467824.0,19621200.0,tdx,True
2024-03-19,603219,335993248.0,24591900.0,tdx,True
2024-03-20,002981,113460896.0,3507200.0,tdx,True
2024-03-20,003004,254488944.0,9393800.0,tdx,True
2024-03-20,600667,816783744.0,116753200.0,tdx,True
2024-03-20,603089,110828240.0,11132300.0,tdx,True
2024-03-20,603122,242421760.0,32964100.0,tdx,True
2024-03-20,603139,96440544.0,6098700.0,tdx,True
2024-03-20,603928,105877216.0,9485000.0,tdx,True
2024-03-21,001366,144357648.0,10573700.0,tdx,True
2024-03-21,002869,391181664.0,20196600.0,tdx,True
2024-03-21,603798,279999328.0,26832700.0,tdx,True
2024-03-21,605138,66372504.0,10039300.0,tdx,True
2024-03-22,002343,879365824.0,100168900.0,tdx,True
2024-03-22,002636,270206816.0,34737000.0,tdx,True
2024-03-22,002846,290721024.0,31793500.0,tdx,True
2024-03-22,002980,235489280.0,9244500.0,tdx,True
2024-03-22,600148,134583152.0,9010900.0,tdx,True
2024-03-22,600793,76955584.0,7362700.0,tdx,True
2024-03-22,603848,60234088.0,4120400.0,tdx,True
2024-03-25,600990,299758240.0,15934400.0,tdx,True
2024-03-25,603196,119306144.0,10241500.0,tdx,True
2024-03-25,603383,466658144.0,11115700.0,tdx,True
2024-03-26,000156,782797056.0,89340300.0,tdx,True
2024-03-26,600250,359982576.0,37665530.0,tdx,True
2024-03-26,603577,159600384.0,19349100.0,tdx,True
2024-03-27,001206,142540304.0,10437600.0,tdx,True
2024-03-27,002725,275813024.0,27637000.0,tdx,True
2024-03-27,600793,85436048.0,7689800.0,tdx,True
2024-03-28,002805,382221440.0,30722900.0,tdx,True
2024-03-28,002953,157582336.0,13663900.0,tdx,True
2024-03-28,603192,84696128.0,5521300.0,tdx,True
2024-03-28,603256,194235696.0,26562700.0,tdx,True
2024-03-28,605069,134089696.0,17625700.0,tdx,True
2024-03-28,605378,240215440.0,10573500.0,tdx,True
2024-03-29,002626,419882016.0,27017000.0,tdx,True
2024-03-29,603895,128255952.0,5664000.0,tdx,True
2024-04-01,000561,217322944.0,27036500.0,tdx,True
2024-04-01,002599,165677168.0,24501800.0,tdx,True
2024-04-01,002636,125044560.0,17460500.0,tdx,True
2024-04-01,603232,148431328.0,11547500.0,tdx,True
2024-04-01,603607,253478176.0,15713800.0,tdx,True
2024-04-01,603992,121945728.0,6475500.0,tdx,True
2024-04-01,605298,58906908.0,4484400.0,tdx,True
2024-04-02,002446,909800256.0,117156500.0,tdx,True
2024-04-02,002660,511384064.0,53855000.0,tdx,True
2024-04-02,600992,156225088.0,11569400.0,tdx,True
2024-04-02,603097,238887120.0,9351800.0,tdx,True
2024-04-02,603798,237620128.0,21617000.0,tdx,True
2024-04-03,002362,350350816.0,16272900.0,tdx,True
2024-04-03,002725,148478112.0,14432800.0,tdx,True
2024-04-03,002778,253329872.0,20613200.0,tdx,True
2024-04-03,600592,296056320.0,28886300.0,tdx,True
2024-04-03,600707,1338381952.0,155705300.0,tdx,True
2024-04-03,603151,83838632.0,5461500.0,tdx,True
2024-04-03,603408,156931648.0,10658200.0,tdx,True
2024-04-03,603926,171188976.0,15967500.0,tdx,True
2024-04-03,603991,51722952.0,1393500.0,tdx,True
2024-04-03,605100,199318065.0,12155116.0,tdx,True
2024-04-08,002295,303472672.0,41444600.0,tdx,True
2024-04-08,002748,223794960.0,25665700.0,tdx,True
2024-04-08,603823,152420000.0,18420300.0,tdx,True
2024-04-08,603978,147868832.0,11291800.0,tdx,True
2024-04-09,002023,966213376.0,91102400.0,tdx,True
2024-04-09,603214,100941584.0,7430400.0,tdx,True
2024-04-09,603216,82853824.0,7839000.0,tdx,True
2024-04-10,002331,325170816.0,40945100.0,tdx,True
2024-04-10,002403,243699408.0,27056400.0,tdx,True
2024-04-10,002813,116200072.0,3839100.0,tdx,True
2024-04-10,002889,119559880.0,5401800.0,tdx,True
2024-04-10,002976,308585824.0,11452300.0,tdx,True
2024-04-10,003041,78452824.0,5977800.0,tdx,True
2024-04-10,600505,546949952.0,59364900.0,tdx,True
2024-04-10,603110,285563808.0,17079500.0,tdx,True
2024-04-11,000590,130286944.0,17456800.0,tdx,True
2024-04-11,002455,128228000.0,20419600.0,tdx,True
2024-04-11,002805,936181568.0,57369700.0,tdx,True
2024-04-11,002846,325963680.0,35428600.0,tdx,True
2024-04-11,002861,80430120.0,7765500.0,tdx,True
2024-04-11,603200,587266788.0,22492994.0,tdx,True
2024-04-11,605122,76586000.0,6471100.0,tdx,True
2024-04-11,605366,162730128.0,21037800.0,tdx,True
2024-04-12,000017,881639744.0,89955200.0,tdx,True
2024-04-15,001378,188900048.0,6011000.0,tdx,True
2024-04-15,600444,333318752.0,23516800.0,tdx,True
2024-04-15,603016,100437952.0,5737900.0,tdx,True
2024-04-15,603500,77418831.0,6947664.0,tdx,True
2024-04-16,001202,27500812.0,2170600.0,tdx,True
2024-04-16,002828,570060480.0,56600700.0,tdx,True
2024-04-16,603320,21019108.0,1900300.0,tdx,True
2024-04-16,605378,80801488.0,4154700.0,tdx,True
2024-04-17,002987,446148384.0,27559900.0,tdx,True
2024-04-18,603968,232773008.0,17488500.0,tdx,True
2024-04-19,001209,34528104.0,2446900.0,tdx,True
2024-04-19,002334,189675200.0,27896100.0,tdx,True
2024-04-19,002632,135390992.0,19549000.0,tdx,True
2024-04-19,002778,107723600.0,9526400.0,tdx,True
2024-04-19,002820,48656364.0,5830700.0,tdx,True
2024-04-19,002900,297994311.0,26659165.0,tdx,True
2024-04-19,003001,35830964.0,2645900.0,tdx,True
2024-04-19,603048,30620256.0,2256300.0,tdx,True
2024-04-19,603633,55811996.0,8262800.0,tdx,True
2024-04-19,605068,32932648.0,2235500.0,tdx,True
2024-04-19,605258,20749512.0,1131400.0,tdx,True
2024-04-19,605398,41230452.0,2032700.0,tdx,True
2024-04-22,002956,129912256.0,9623200.0,tdx,True
2024-04-22,003021,310072096.0,5394700.0,tdx,True
2024-04-22,600262,213589616.0,13164400.0,tdx,True
2024-04-22,600379,143722352.0,16497700.0,tdx,True
2024-04-22,603076,58241120.0,2399000.0,tdx,True
2024-04-22,603580,350949984.0,17963500.0,tdx,True
2024-04-23,000422,444220192.0,45221000.0,tdx,True
2024-04-23,001299,82285176.0,6869700.0,tdx,True
2024-04-23,002566,69587704.0,10164100.0,tdx,True
2024-04-23,002992,243967616.0,5367600.0,tdx,True
2024-04-23,603309,102581952.0,8753900.0,tdx,True
2024-04-23,603500,64364819.0,5656384.0,tdx,True
2024-04-23,605169,43191432.0,4804000.0,tdx,True
2024-04-24,000777,1096454912.0,58973500.0,tdx,True
2024-04-24,002730,187554064.0,25633700.0,tdx,True
2024-04-24,603848,80617456.0,5695800.0,tdx,True
2024-04-25,002805,315409824.0,24675800.0,tdx,True
2024-04-25,003023,97118776.0,5847300.0,tdx,True
2024-04-25,600855,355924192.0,39982500.0,tdx,True
2024-04-25,605169,93692288.0,10766300.0,tdx,True
2024-04-26,603015,185944768.0,23558300.0,tdx,True
2024-04-26,603110,310288096.0,19045500.0,tdx,True
2024-04-26,605228,107231048.0,10286100.0,tdx,True
2024-04-29,000710,222119504.0,26187900.0,tdx,True
2024-04-29,002023,1119964672.0,100303500.0,tdx,True
2024-04-29,002748,90931112.0,12225500.0,tdx,True
2024-04-29,002996,90385352.0,10221500.0,tdx,True
2024-04-30,002771,934630400.0,45713700.0,tdx,True
2024-04-30,002979,467447456.0,23182000.0,tdx,True
2024-04-30,603220,1433200000.0,44322800.0,tdx,True
2024-04-30,603348,381161952.0,12644500.0,tdx,True
2024-04-30,605333,305305856.0,10594200.0,tdx,True
2024-05-06,000668,45887900.0,6163600.0,tdx,True
2024-05-06,002009,316654848.0,21687300.0,tdx,True
2024-05-06,002633,67852088.0,9814500.0,tdx,True
2024-05-06,603068,88555144.0,4130800.0,tdx,True
2024-05-06,605288,91022376.0,2453500.0,tdx,True
2024-05-07,002365,116889576.0,14352200.0,tdx,True
2024-05-07,603365,62204064.0,3324000.0,tdx,True
2024-05-08,002910,116131864.0,14732000.0,tdx,True
2024-05-08,002968,76532368.0,7994700.0,tdx,True
2024-05-08,600223,336732544.0,38070500.0,tdx,True
2024-05-08,603219,305504512.0,18849700.0,tdx,True
2024-05-08,603968,228697296.0,16373900.0,tdx,True
2024-05-08,605298,39567104.0,3127300.0,tdx,True
2024-05-09,603261,355453504.0,9340000.0,tdx,True
2024-05-13,001316,237051136.0,6949600.0,tdx,True
2024-05-13,002805,393890144.0,28789500.0,tdx,True
2024-05-13,603655,107340936.0,5980000.0,tdx,True
2024-05-15,002851,759591104.0,28346100.0,tdx,True
2024-05-16,000957,1073194560.0,95535600.0,tdx,True
2024-05-16,001300,223157941.0,15805115.0,tdx,True
2024-05-16,002296,490632256.0,46279900.0,tdx,True
2024-05-16,603221,240115360.0,21064500.0,tdx,True
2024-05-17,002312,1194374784.0,140890800.0,tdx,True
2024-05-17,002868,73887392.0,4255700.0,tdx,True
2024-05-17,603332,287474080.0,30868800.0,tdx,True
2024-05-21,002975,97907952.0,2956200.0,tdx,True
2024-05-21,600876,187074992.0,14816900.0,tdx,True
2024-05-21,603042,308664000.0,27352300.0,tdx,True
2024-05-22,603010,167931472.0,15783300.0,tdx,True
2024-05-22,603991,92973576.0,3022000.0,tdx,True
2024-05-22,605388,150035616.0,15298500.0,tdx,True
2024-05-22,605567,127036856.0,13080500.0,tdx,True
2024-05-24,603839,146269536.0,25160200.0,tdx,True
2024-05-27,002669,344934336.0,35124900.0,tdx,True
2024-05-28,000722,796481984.0,67573200.0,tdx,True
2024-05-28,603079,104155016.0,9219400.0,tdx,True
2024-05-29,002769,140384368.0,22047000.0,tdx,True
2024-05-29,600895,1959959680.0,99222600.0,tdx,True
2024-05-29,603016,73602736.0,4094000.0,tdx,True
2024-05-29,603650,860831117.0,27818862.0,tdx,True
2024-05-29,603836,148961680.0,10767400.0,tdx,True
2024-06-03,603177,61567568.0,7096600.0,tdx,True
2024-06-04,603890,584703168.0,56181400.0,tdx,True
2024-06-06,002811,24863820.0,3368500.0,tdx,True
2024-06-06,600830,260483232.0,39638500.0,tdx,True
2024-06-06,603709,39226720.0,2923500.0,tdx,True
2024-06-06,603767,227067024.0,17675400.0,tdx,True
2024-06-06,603776,128136680.0,12610100.0,tdx,True
2024-06-07,600353,242036800.0,38057300.0,tdx,True
2024-06-07,603528,375550464.0,60636700.0,tdx,True
2024-06-11,605358,853768320.0,36179800.0,tdx,True
2024-06-12,603320,92535576.0,6605800.0,tdx,True
2024-06-14,000901,238815376.0,27702600.0,tdx,True
2024-06-14,002889,493680480.0,26809400.0,tdx,True
2024-06-17,002119,1008401088.0,79600600.0,tdx,True
2024-06-17,002632,437567584.0,54840100.0,tdx,True
2024-06-17,002888,165689696.0,12673300.0,tdx,True
2024-06-17,601133,241537232.0,21247400.0,tdx,True
2024-06-18,002937,315258144.0,13802500.0,tdx,True
2024-06-18,603083,1738643968.0,46296100.0,tdx,True
2024-06-19,002963,103134112.0,9684500.0,tdx,True
2024-06-19,603261,156420432.0,5018800.0,tdx,True
2024-06-20,000676,682997440.0,108506300.0,tdx,True
2024-06-20,002633,36135712.0,6008200.0,tdx,True
2024-06-20,002871,123554552.0,14642200.0,tdx,True
2024-06-20,003018,121444528.0,13612300.0,tdx,True
2024-06-20,603256,71210648.0,10226000.0,tdx,True
2024-06-20,603268,70778472.0,5135900.0,tdx,True
2024-06-20,603390,176356704.0,23670800.0,tdx,True
2024-06-20,603803,165101696.0,24258900.0,tdx,True
2024-06-21,002253,222258256.0,20112200.0,tdx,True
2024-06-21,603005,2377035776.0,108221300.0,tdx,True
2024-06-21,603171,198904304.0,8740500.0,tdx,True
2024-06-24,601579,244364656.0,21104800.0,tdx,True
2024-06-25,002887,197356304.0,28462700.0,tdx,True
2024-06-26,002331,214726208.0,30209900.0,tdx,True
2024-06-26,600378,159928352.0,5263900.0,tdx,True
2024-06-26,603936,702004352.0,87173700.0,tdx,True
2024-06-26,605158,140704272.0,21953800.0,tdx,True
2024-06-27,002232,374644672.0,29075600.0,tdx,True
2024-06-27,002903,181613312.0,10458500.0,tdx,True
2024-06-27,603006,70726568.0,7169500.0,tdx,True
2024-06-28,001278,115422336.0,7329700.0,tdx,True
2024-06-28,600571,584917696.0,56341300.0,tdx,True
2024-06-28,600983,40418992.0,5367200.0,tdx,True
2024-07-02,000049,784703040.0,31520200.0,tdx,True
2024-07-03,002645,128346632.0,19575900.0,tdx,True
2024-07-04,000668,36306228.0,5627600.0,tdx,True
2024-07-04,002552,191782000.0,13423300.0,tdx,True
2024-07-04,603918,297229024.0,26193600.0,tdx,True
2024-07-05,002741,247438736.0,25149400.0,tdx,True
2024-07-05,603079,174352800.0,14906500.0,tdx,True
2024-07-05,603615,95902528.0,8246700.0,tdx,True
2024-07-08,002527,267849840.0,42387100.0,tdx,True
2024-07-09,000017,170496224.0,28738600.0,tdx,True
2024-07-09,002853,135349856.0,17640200.0,tdx,True
2024-07-09,002995,169659056.0,12034600.0,tdx,True
2024-07-11,002888,155283200.0,11607000.0,tdx,True
2024-07-11,603958,70148864.0,8957100.0,tdx,True
2024-07-11,605068,122110304.0,8155900.0,tdx,True
2024-07-12,000550,1096823764.0,47551093.0,tdx,True
2024-07-12,002806,267146224.0,28141800.0,tdx,True
2024-07-12,603680,69999080.0,10213600.0,tdx,True
2024-07-12,605208,84545600.0,12733200.0,tdx,True
2024-07-15,002273,2047620864.0,102791300.0,tdx,True
2024-07-15,002729,195192112.0,20236700.0,tdx,True
2024-07-15,003010,185410128.0,15763600.0,tdx,True
2024-07-15,603079,88102528.0,7872400.0,tdx,True
2024-07-15,603127,158112832.0,11389400.0,tdx,True
2024-07-16,002534,165614288.0,16429900.0,tdx,True
2024-07-16,002811,74157392.0,10932100.0,tdx,True
2024-07-17,002905,67575232.0,11252000.0,tdx,True
2024-07-18,002636,134320272.0,20941600.0,tdx,True
2024-07-18,002861,161910640.0,17796400.0,tdx,True
2024-07-19,600822,230635488.0,27052700.0,tdx,True
2024-07-19,605186,139420352.0,6559600.0,tdx,True
2024-07-23,002576,87906232.0,7793200.0,tdx,True
2024-07-23,002806,326681344.0,32486900.0,tdx,True
2024-07-23,600520,351555872.0,21412400.0,tdx,True
2024-07-23,603121,179330176.0,24777400.0,tdx,True
2024-07-24,603535,149592320.0,9593800.0,tdx,True
2024-07-24,603863,233489536.0,12258500.0,tdx,True
2024-07-25,000503,314453920.0,44586300.0,tdx,True
2024-07-25,600679,141208064.0,14762800.0,tdx,True
2024-07-26,001239,186543760.0,12254900.0,tdx,True
2024-07-29,002868,35364696.0,2720500.0,tdx,True
2024-07-30,000921,695036160.0,25292500.0,tdx,True
2024-07-30,002035,220998976.0,36400500.0,tdx,True
2024-07-30,002668,259860528.0,31382700.0,tdx,True
2024-07-30,002888,288540672.0,19369400.0,tdx,True
2024-07-30,600444,211661440.0,16499500.0,tdx,True
2024-07-30,603657,67966416.0,6336700.0,tdx,True
2024-07-31,002952,185531504.0,9424600.0,tdx,True
2024-08-01,002869,1561636608.0,46199700.0,tdx,True
2024-08-01,603739,259500096.0,19729000.0,tdx,True
2024-08-01,605008,27823976.0,2293800.0,tdx,True
2024-08-01,605178,150527808.0,10886800.0,tdx,True
2024-08-01,605198,135447408.0,5547100.0,tdx,True
2024-08-02,000801,1178593024.0,103802800.0,tdx,True
2024-08-02,001236,194153392.0,26853900.0,tdx,True
2024-08-02,002313,137536192.0,19119800.0,tdx,True
2024-08-02,002896,231847264.0,8284800.0,tdx,True
2024-08-02,600621,787332992.0,56849700.0,tdx,True
2024-08-02,603082,293556704.0,8716400.0,tdx,True
2024-08-02,603721,428739296.0,18776500.0,tdx,True
2024-08-05,000547,652958080.0,91210700.0,tdx,True
2024-08-05,002703,439785568.0,37635600.0,tdx,True
2024-08-05,002760,36698640.0,2824600.0,tdx,True
2024-08-06,001358,110948512.0,5178500.0,tdx,True
2024-08-06,603158,256121168.0,35583700.0,tdx,True
2024-08-07,603978,94113336.0,9865200.0,tdx,True
2024-08-08,000526,442032640.0,7601400.0,tdx,True
2024-08-08,002209,103671808.0,13301100.0,tdx,True
2024-08-08,002644,163588096.0,22004100.0,tdx,True
2024-08-08,600272,422187776.0,36908000.0,tdx,True
2024-08-08,603212,211653008.0,20040600.0,tdx,True
2024-08-09,002796,184124704.0,21368600.0,tdx,True
2024-08-09,600345,574317696.0,30706000.0,tdx,True
2024-08-09,603042,154511536.0,15981500.0,tdx,True
2024-08-09,603768,53606876.0,4839900.0,tdx,True
2024-08-12,603079,162974880.0,13363000.0,tdx,True
2024-08-13,603121,130818224.0,17738400.0,tdx,True
2024-08-13,603375,329557440.0,8161300.0,tdx,True
2024-08-14,000710,363116768.0,45311700.0,tdx,True
2024-08-14,605255,69346304.0,5604300.0,tdx,True
2024-08-15,002729,354322304.0,33128200.0,tdx,True
2024-08-15,003001,203856224.0,11186200.0,tdx,True
2024-08-15,600817,404184096.0,34370000.0,tdx,True
2024-08-15,603966,190351248.0,27268400.0,tdx,True
2024-08-15,605178,103885592.0,7629100.0,tdx,True
2024-08-15,605218,307413472.0,17417300.0,tdx,True
2024-08-19,603917,81654048.0,7307100.0,tdx,True
2024-08-20,002888,350493184.0,21645900.0,tdx,True
2024-08-21,002987,400350048.0,38791900.0,tdx,True
2024-08-21,605398,85789576.0,5816100.0,tdx,True
2024-08-23,000020,247902976.0,22394900.0,tdx,True
2024-08-23,002642,778562432.0,117453700.0,tdx,True
2024-08-23,605177,126869288.0,6506600.0,tdx,True
2024-08-26,000561,314894432.0,46797300.0,tdx,True
2024-08-26,002799,136109184.0,21217700.0,tdx,True
2024-08-27,603038,91825528.0,11271900.0,tdx,True
2024-08-28,600552,1002820288.0,87858500.0,tdx,True
2024-08-29,603038,216842256.0,27798100.0,tdx,True
2024-08-30,002933,250885600.0,9731700.0,tdx,True
2024-09-02,002843,370595712.0,27122800.0,tdx,True
2024-09-03,000766,530140544.0,33609000.0,tdx,True
2024-09-03,002384,1212639488.0,53678600.0,tdx,True
2024-09-03,002819,518259936.0,21939300.0,tdx,True
2024-09-03,002889,229363808.0,13924600.0,tdx,True
2024-09-03,002946,112662088.0,12188200.0,tdx,True
2024-09-03,603256,171538208.0,23698300.0,tdx,True
2024-09-04,002950,182872242.0,24773165.0,tdx,True
2024-09-04,603726,326790464.0,21802000.0,tdx,True
2024-09-04,605178,183791440.0,12118800.0,tdx,True
2024-09-05,002229,403000768.0,44554800.0,tdx,True
2024-09-05,603004,282625216.0,16060100.0,tdx,True
2024-09-06,000058,839593664.0,116041400.0,tdx,True
2024-09-06,603978,151813472.0,14360800.0,tdx,True
2024-09-09,002095,146736672.0,11715900.0,tdx,True
2024-09-09,002383,441151392.0,72041300.0,tdx,True
2024-09-09,002931,119323680.0,14076000.0,tdx,True
2024-09-09,002989,261627104.0,14334800.0,tdx,True
2024-09-09,603232,125998536.0,12377900.0,tdx,True
2024-09-11,000504,181035088.0,23684300.0,tdx,True
2024-09-11,600148,271707936.0,19842700.0,tdx,True
2024-09-12,002058,72653064.0,9342300.0,tdx,True
2024-09-13,603399,188023952.0,29095700.0,tdx,True
2024-09-18,002163,148491504.0,24653600.0,tdx,True
2024-09-18,002265,95627392.0,10911000.0,tdx,True
2024-09-18,600178,392135296.0,43968300.0,tdx,True
2024-09-19,600449,241329152.0,23788800.0,tdx,True
2024-09-23,002848,134148960.0,18904500.0,tdx,True
2024-09-23,600379,220095392.0,23640700.0,tdx,True
2024-09-23,603068,201381968.0,9981100.0,tdx,True
2024-09-24,002313,185001328.0,28180100.0,tdx,True
2024-09-24,002803,283950720.0,25653500.0,tdx,True
2024-09-24,002990,230001200.0,11503500.0,tdx,True
2024-09-24,605398,177632848.0,10528800.0,tdx,True
2024-09-25,002268,670154624.0,46582000.0,tdx,True
2024-09-25,002868,53454348.0,4275500.0,tdx,True
2024-09-26,000555,615721792.0,63090300.0,tdx,True
2024-09-26,000697,111713040.0,17992800.0,tdx,True
2024-09-26,001206,116591200.0,9159300.0,tdx,True
2024-09-26,002952,304106176.0,14006500.0,tdx,True
2024-09-26,600830,876503232.0,88326700.0,tdx,True
2024-09-27,002790,193305808.0,24701600.0,tdx,True
2024-10-08,001212,257778400.0,10671000.0,tdx,True
2024-10-08,603816,1237186176.0,39455700.0,tdx,True
2024-10-09,002690,234174656.0,14153500.0,tdx,True
2024-10-09,002749,174488048.0,13223400.0,tdx,True
2024-10-09,003037,146286304.0,23325400.0,tdx,True
2024-10-09,603507,230341280.0,9466400.0,tdx,True
2024-10-14,000151,410520832.0,32067000.0,tdx,True
2024-10-14,002116,250873936.0,24504200.0,tdx,True
2024-10-14,002287,118586512.0,5278800.0,tdx,True
2024-10-14,002989,369181120.0,15667000.0,tdx,True
2024-10-14,603860,221191104.0,7509500.0,tdx,True
2024-10-15,600415,4913522176.0,429265500.0,tdx,True
2024-10-16,003042,100770584.0,7003000.0,tdx,True
2024-10-18,600198,875467520.0,103785000.0,tdx,True
2024-10-22,002845,855806528.0,54992800.0,tdx,True
2024-10-22,603011,417430848.0,56674500.0,tdx,True
2024-10-22,603212,372040544.0,30762300.0,tdx,True
2024-10-23,002085,7053596160.0,399594500.0,tdx,True
2024-10-23,002369,581775040.0,85496900.0,tdx,True
2024-10-23,002456,9787262976.0,769914300.0,tdx,True
2024-10-23,600316,2468885760.0,71395000.0,tdx,True
2024-10-23,600855,499709792.0,39820200.0,tdx,True
2024-10-24,000810,1513150976.0,123189600.0,tdx,True
2024-10-24,001202,91278832.0,6953300.0,tdx,True
2024-10-24,603630,135761504.0,11162100.0,tdx,True
2024-10-24,603955,139025776.0,14635800.0,tdx,True
2024-10-25,000626,195341760.0,31802500.0,tdx,True
2024-10-25,002846,284996224.0,34786400.0,tdx,True
2024-10-28,002626,623068352.0,36464300.0,tdx,True
2024-10-28,002728,625039552.0,67152300.0,tdx,True
2024-10-28,603079,243106528.0,17413800.0,tdx,True
2024-10-28,603739,479806880.0,33725900.0,tdx,True
2024-10-29,000009,846298752.0,86448400.0,tdx,True
2024-10-29,002068,446210144.0,63304100.0,tdx,True
2024-10-29,002805,481669344.0,34850700.0,tdx,True
2024-10-29,002931,304682912.0,25820100.0,tdx,True
2024-10-29,603028,179778256.0,24197000.0,tdx,True
2024-10-30,000936,610732096.0,77409400.0,tdx,True
2024-10-30,001211,138853472.0,7340600.0,tdx,True
2024-10-30,001332,93698200.0,2680500.0,tdx,True
2024-10-30,002212,997079936.0,138041100.0,tdx,True
2024-10-30,603788,223142208.0,14834100.0,tdx,True
2024-10-30,603790,132117152.0,11820000.0,tdx,True
2024-10-31,001283,164957712.0,3647700.0,tdx,True
2024-10-31,002153,606834112.0,79370800.0,tdx,True
2024-10-31,002451,597178944.0,78654100.0,tdx,True
2024-10-31,002657,1490021376.0,77962000.0,tdx,True
2024-11-01,000948,1155434240.0,56103500.0,tdx,True
2024-11-01,603159,120830888.0,9085100.0,tdx,True
2024-11-01,603330,239865680.0,37341400.0,tdx,True
2024-11-01,605303,72684504.0,9136200.0,tdx,True
2024-11-04,000559,637486656.0,94403000.0,tdx,True
2024-11-04,002199,247496944.0,25368100.0,tdx,True
2024-11-04,002222,2604396032.0,81629300.0,tdx,True
2024-11-04,002553,614972160.0,49121700.0,tdx,True
2024-11-04,002735,599707648.0,54430600.0,tdx,True
2024-11-04,002919,300395136.0,19704300.0,tdx,True
2024-11-04,600686,1164779648.0,81618600.0,tdx,True
2024-11-04,600864,1314239360.0,185366500.0,tdx,True
2024-11-04,603201,141225120.0,7167600.0,tdx,True
2024-11-04,603217,77015360.0,4337000.0,tdx,True
2024-11-04,603261,190614176.0,5427600.0,tdx,True
2024-11-04,603628,456751232.0,29593400.0,tdx,True
2024-11-05,000831,5000430592.0,144862400.0,tdx,True
2024-11-05,002536,654050112.0,55029600.0,tdx,True
2024-11-05,600111,6642875904.0,269028800.0,tdx,True
2024-11-05,600366,1076224128.0,132314900.0,tdx,True
2024-11-06,000818,646294976.0,32072100.0,tdx,True
2024-11-06,002527,658236544.0,77253300.0,tdx,True
2024-11-06,002806,395516352.0,31044500.0,tdx,True
2024-11-06,002824,415180256.0,22226600.0,tdx,True
2024-11-06,002887,178200016.0,22603600.0,tdx,True
2024-11-06,002979,1810305920.0,57593700.0,tdx,True
2024-11-06,600192,270172672.0,37247000.0,tdx,True
2024-11-06,603083,3491778048.0,72628100.0,tdx,True
2024-11-06,605218,535330368.0,20259200.0,tdx,True
2024-11-07,000007,306552352.0,40343700.0,tdx,True
2024-11-07,000997,884776384.0,41866400.0,tdx,True
2024-11-07,002436,2882055680.0,232454900.0,tdx,True
2024-11-07,002560,251506560.0,37349100.0,tdx,True
2024-11-07,003021,858180672.0,15479900.0,tdx,True
2024-11-07,603166,280878720.0,39835100.0,tdx,True
2024-11-08,000697,515874304.0,51911800.0,tdx,True
2024-11-08,000881,494396000.0,59033400.0,tdx,True
2024-11-08,002617,2307815680.0,299810300.0,tdx,True
2024-11-08,002805,810273152.0,50922800.0,tdx,True
2024-11-08,600855,736465216.0,51347100.0,tdx,True
2024-11-11,000798,136208288.0,17169000.0,tdx,True
2024-11-11,000799,1709038592.0,27820900.0,tdx,True
2024-11-11,000833,113119416.0,14413200.0,tdx,True
2024-11-11,000860,1027223424.0,49987100.0,tdx,True
2024-11-11,002036,1426060544.0,126302900.0,tdx,True
2024-11-11,002279,1045155968.0,140262800.0,tdx,True
2024-11-11,002291,476228320.0,73742600.0,tdx,True
2024-11-11,002942,94898344.0,6202800.0,tdx,True
2024-11-11,002982,118828576.0,6027600.0,tdx,True
2024-11-11,603006,145890240.0,12563100.0,tdx,True
2024-11-11,603118,562158144.0,61029800.0,tdx,True
2024-11-11,603499,203082352.0,6540400.0,tdx,True
2024-11-11,603536,270851392.0,25777300.0,tdx,True
2024-11-12,002796,453327168.0,36793200.0,tdx,True
2024-11-13,002077,1642421120.0,93522500.0,tdx,True
2024-11-13,002407,995811968.0,69916000.0,tdx,True
2024-11-13,002811,109003832.0,12103200.0,tdx,True
2024-11-13,600732,1849759488.0,115132700.0,tdx,True
2024-11-13,601858,1248964608.0,46912900.0,tdx,True
2024-11-13,603000,3407743574.0,127418194.0,tdx,True
2024-11-13,603138,220368896.0,12236800.0,tdx,True
2024-11-13,603159,103474184.0,6579700.0,tdx,True
2024-11-13,603421,192716064.0,26952800.0,tdx,True
2024-11-13,603928,239816848.0,23332100.0,tdx,True
2024-11-13,603956,98677320.0,16419000.0,tdx,True
2024-11-13,605389,70885128.0,2972200.0,tdx,True
2024-11-14,000516,423240960.0,70078900.0,tdx,True
2024-11-14,000550,659422785.0,24242838.0,tdx,True
2024-11-14,002846,193245472.0,22726400.0,tdx,True
2024-11-14,002853,86702056.0,8239900.0,tdx,True
2024-11-14,002857,109437624.0,8562900.0,tdx,True
2024-11-14,600817,183800304.0,15429400.0,tdx,True
2024-11-14,600857,92589008.0,12528400.0,tdx,True
2024-11-14,603958,224272128.0,15685200.0,tdx,True
2024-11-15,002238,907337216.0,84904400.0,tdx,True
2024-11-15,002291,899448000.0,133231600.0,tdx,True
2024-11-15,002400,3795428579.0,468492764.0,tdx,True
2024-11-15,600104,4773901312.0,285097300.0,tdx,True
2024-11-15,600135,231114448.0,32924800.0,tdx,True
2024-11-15,601949,1039788416.0,124922200.0,tdx,True
2024-11-15,603039,635274752.0,11414400.0,tdx,True
2024-11-15,603324,428334304.0,14411300.0,tdx,True
2024-11-15,603535,157502944.0,13041500.0,tdx,True
2024-11-15,603716,339319680.0,39845800.0,tdx,True
2024-11-19,603079,351113088.0,20858100.0,tdx,True
2024-11-19,605577,595178560.0,34812000.0,tdx,True
2024-11-20,002140,728447616.0,63548400.0,tdx,True
2024-11-20,002912,314252480.0,11450100.0,tdx,True
2024-11-21,002815,1252476672.0,113628800.0,tdx,True
2024-11-21,002905,292172384.0,37201200.0,tdx,True
2024-11-21,002962,1281768704.0,71804300.0,tdx,True
2024-11-22,001300,360871097.0,26221377.0,tdx,True
2024-11-22,002006,1001084992.0,62654100.0,tdx,True
2024-11-22,002848,170212960.0,17326000.0,tdx,True
2024-11-22,002915,366287392.0,29495000.0,tdx,True
2024-11-22,603025,455855968.0,29145800.0,tdx,True
2024-11-22,603217,136950736.0,7260600.0,tdx,True
2024-11-22,603662,1963251072.0,41529600.0,tdx,True
2024-11-22,603895,184046240.0,8215400.0,tdx,True
2024-11-25,002331,299200512.0,34900000.0,tdx,True
2024-11-25,002734,203954688.0,24905700.0,tdx,True
2024-11-25,002950,454360527.0,47377447.0,tdx,True
2024-11-25,600860,320669152.0,30020400.0,tdx,True
2024-11-27,002167,1970258432.0,208038600.0,tdx,True
2024-11-27,002576,371488608.0,24845800.0,tdx,True
2024-11-27,002769,278190144.0,38838900.0,tdx,True
2024-11-27,600689,158662608.0,15632100.0,tdx,True
2024-11-27,603121,162424800.0,18803200.0,tdx,True
2024-11-27,603178,323248800.0,15240600.0,tdx,True
2024-11-27,603520,263028288.0,25276400.0,tdx,True
2024-11-27,603758,102811896.0,11944500.0,tdx,True
2024-11-27,605168,672349824.0,20356200.0,tdx,True
2024-11-28,002115,1051949632.0,154685500.0,tdx,True
2024-11-28,605088,266281152.0,10648800.0,tdx,True
2024-11-29,002527,1340281600.0,132770400.0,tdx,True
2024-11-29,002718,169706736.0,11908700.0,tdx,True
2024-11-29,002829,607279936.0,26443600.0,tdx,True
2024-11-29,603706,338179008.0,16407600.0,tdx,True
2024-11-29,603933,425812288.0,24393800.0,tdx,True
2024-12-02,000058,661249728.0,68684000.0,tdx,True
2024-12-02,002243,692708160.0,75461300.0,tdx,True
2024-12-02,603256,394467232.0,40229900.0,tdx,True
2024-12-02,605136,420847360.0,46511900.0,tdx,True
2024-12-03,002870,372323328.0,10821500.0,tdx,True
2024-12-03,003010,315793568.0,13971800.0,tdx,True
2024-12-03,603901,409324064.0,47029300.0,tdx,True
2024-12-03,605300,279659361.0,18364670.0,tdx,True
2024-12-04,000735,990963968.0,135812100.0,tdx,True
2024-12-04,000886,563751488.0,78607900.0,tdx,True
2024-12-04,002029,635194496.0,85363400.0,tdx,True
2024-12-04,002036,591750912.0,57657000.0,tdx,True
2024-12-04,002320,419687840.0,63193200.0,tdx,True
2024-12-04,002905,261826176.0,30175600.0,tdx,True
2024-12-04,002915,417331904.0,32074900.0,tdx,True
2024-12-04,600579,233610336.0,30773400.0,tdx,True
2024-12-05,001373,137963760.0,4588600.0,tdx,True
2024-12-05,002279,1277310080.0,173144700.0,tdx,True
2024-12-05,603081,200473536.0,17116500.0,tdx,True
2024-12-05,603897,534686080.0,20945600.0,tdx,True
2024-12-05,603949,129878256.0,9105500.0,tdx,True
2024-12-05,605151,103607056.0,5792300.0,tdx,True
2024-12-05,605155,217957888.0,19691800.0,tdx,True
2024-12-05,605378,187525936.0,9824800.0,tdx,True
2024-12-05,605398,290311520.0,13487500.0,tdx,True
2024-12-06,002516,701296704.0,116473300.0,tdx,True
2024-12-06,600841,310180864.0,52594000.0,tdx,True
2024-12-06,603101,135034048.0,15028500.0,tdx,True
2024-12-09,002115,1130135680.0,153325500.0,tdx,True
2024-12-09,002313,311795392.0,33391600.0,tdx,True
2024-12-09,002529,176895424.0,18899000.0,tdx,True
2024-12-09,600506,508228192.0,29058800.0,tdx,True
2024-12-09,600620,214198928.0,32826100.0,tdx,True
2024-12-09,603598,688023040.0,40223900.0,tdx,True
2024-12-09,603721,667463936.0,20643500.0,tdx,True
2024-12-09,605298,66343484.0,4488200.0,tdx,True
2024-12-10,000520,395894208.0,67100200.0,tdx,True
2024-12-10,002395,504352256.0,28057700.0,tdx,True
2024-12-10,002713,543368448.0,92177400.0,tdx,True
2024-12-10,603166,461050368.0,56782500.0,tdx,True
2024-12-10,603488,234679904.0,24346300.0,tdx,True
2024-12-10,603759,142774624.0,18183500.0,tdx,True
2024-12-11,000710,342287296.0,31409900.0,tdx,True
2024-12-11,000953,270676192.0,41185600.0,tdx,True
2024-12-11,001202,157097280.0,9631800.0,tdx,True
2024-12-11,001217,372323904.0,27745000.0,tdx,True
2024-12-11,002209,235510576.0,21375700.0,tdx,True
2024-12-11,002298,700757440.0,105110900.0,tdx,True
2024-12-11,002364,290422880.0,35328300.0,tdx,True
2024-12-11,002835,475607040.0,23293400.0,tdx,True
2024-12-11,002877,466778816.0,43829300.0,tdx,True
2024-12-11,003037,297132992.0,40618400.0,tdx,True
2024-12-11,600618,379453152.0,34237200.0,tdx,True
2024-12-11,600967,859346752.0,94684500.0,tdx,True
2024-12-11,603344,204385728.0,7970600.0,tdx,True
2024-12-11,603716,396980864.0,39903700.0,tdx,True
2024-12-11,605399,198206576.0,14394000.0,tdx,True
2024-12-12,001318,422182752.0,29824600.0,tdx,True
2024-12-12,002474,1083170048.0,133012200.0,tdx,True
2024-12-13,000670,1099432320.0,128871700.0,tdx,True
2024-12-13,002752,405543104.0,57713100.0,tdx,True
2024-12-13,002799,230101120.0,21500100.0,tdx,True
2024-12-13,002861,481573600.0,34319300.0,tdx,True
2024-12-13,603900,358748948.0,46354315.0,tdx,True
2024-12-13,605338,318394976.0,15268700.0,tdx,True
2024-12-16,000576,214662048.0,24841100.0,tdx,True
2024-12-16,000985,117247032.0,5369000.0,tdx,True
2024-12-16,002205,311726272.0,29643400.0,tdx,True
2024-12-16,002864,433738944.0,13344800.0,tdx,True
2024-12-16,600694,1579666688.0,56020700.0,tdx,True
2024-12-16,600797,1389658112.0,155330900.0,tdx,True
2024-12-16,603123,601894272.0,59792800.0,tdx,True
2024-12-16,603221,135822720.0,12235500.0,tdx,True
2024-12-16,603326,256719664.0,33410400.0,tdx,True
2024-12-16,603813,62503456.0,4361200.0,tdx,True
2024-12-16,603969,674480064.0,93149000.0,tdx,True
2024-12-17,002103,1072193152.0,78841400.0,tdx,True
2024-12-17,002576,313851904.0,20103700.0,tdx,True
2024-12-17,002752,783748032.0,110854700.0,tdx,True
2024-12-17,002799,323577632.0,35306200.0,tdx,True
2024-12-17,600986,1573588096.0,215859400.0,tdx,True
2024-12-17,603390,340516096.0,32679900.0,tdx,True
2024-12-17,603956,146394816.0,22907100.0,tdx,True
2024-12-17,603999,407620032.0,56229000.0,tdx,True
2024-12-18,000586,101531576.0,8630000.0,tdx,True
2024-12-18,000715,299236640.0,41343800.0,tdx,True
2024-12-18,002291,2938066432.0,286065400.0,tdx,True
2024-12-18,002381,194257968.0,26880600.0,tdx,True
2024-12-18,002887,179819008.0,22954600.0,tdx,True
2024-12-18,600158,1281218688.0,130768800.0,tdx,True
2024-12-18,600560,487796096.0,26071700.0,tdx,True
2024-12-18,600738,1008608448.0,155426500.0,tdx,True
2024-12-18,600880,1135394944.0,160292100.0,tdx,True
2024-12-18,603839,99990864.0,15978200.0,tdx,True
2024-12-20,000788,295839680.0,43290000.0,tdx,True
2024-12-20,002077,1780539776.0,99258500.0,tdx,True
2024-12-20,002339,1377873024.0,155603100.0,tdx,True
2024-12-20,002925,625787456.0,39104200.0,tdx,True
2024-12-20,600775,874914624.0,74765000.0,tdx,True
2024-12-20,601798,162263792.0,23353400.0,tdx,True
2024-12-20,603048,156347312.0,9372800.0,tdx,True
2024-12-23,001266,130515448.0,5637000.0,tdx,True
2024-12-23,002396,956953920.0,48965500.0,tdx,True
2024-12-23,002404,353137440.0,50926500.0,tdx,True
2024-12-23,002632,608723008.0,63466000.0,tdx,True
2024-12-23,002908,362083680.0,35651700.0,tdx,True
2024-12-23,603042,470196960.0,32593300.0,tdx,True
2024-12-23,603126,741531392.0,102886000.0,tdx,True
2024-12-23,603610,356882656.0,30653300.0,tdx,True
2024-12-24,000670,1797699328.0,194785200.0,tdx,True
2024-12-24,001314,820585408.0,15837400.0,tdx,True
2024-12-24,603155,171777536.0,11008200.0,tdx,True
2024-12-24,603518,601421632.0,60998300.0,tdx,True
2024-12-24,603648,289478560.0,26247200.0,tdx,True
2024-12-24,603657,146029264.0,8905300.0,tdx,True
2024-12-24,603983,139650288.0,4115300.0,tdx,True
2024-12-25,000880,1448765440.0,87509900.0,tdx,True
2024-12-25,002918,352608256.0,33403500.0,tdx,True
2024-12-26,001217,191943328.0,15612900.0,tdx,True
2024-12-26,001258,617068672.0,82027800.0,tdx,True
2024-12-26,002346,98865048.0,9576000.0,tdx,True
2024-12-26,002350,426192855.0,60495310.0,tdx,True
2024-12-26,002915,394273280.0,29222200.0,tdx,True
2024-12-26,002927,352821920.0,24127400.0,tdx,True
2024-12-26,003037,127448184.0,17375200.0,tdx,True
2024-12-26,600580,3668822528.0,206408700.0,tdx,True
2024-12-26,600712,475918720.0,67945100.0,tdx,True
2024-12-26,603207,494030592.0,16638700.0,tdx,True
2024-12-26,603350,263440814.0,7024121.0,tdx,True
2024-12-26,603366,1405271040.0,103703000.0,tdx,True
2024-12-26,603767,171965152.0,13469100.0,tdx,True
2024-12-27,600223,567992384.0,70222600.0,tdx,True
2024-12-30,001267,234216896.0,28808000.0,tdx,True
2024-12-30,002429,1779693696.0,285859300.0,tdx,True
2024-12-30,002963,267068704.0,19338000.0,tdx,True
2024-12-30,003027,54902892.0,3549200.0,tdx,True
2024-12-30,603042,696925504.0,44578400.0,tdx,True
2024-12-30,603166,177643280.0,24009800.0,tdx,True
2024-12-30,603633,258150672.0,30376400.0,tdx,True
2024-12-30,603711,407769088.0,23487300.0,tdx,True
2024-12-31,002746,366395872.0,56859200.0,tdx,True
2024-12-31,002952,263955520.0,9651600.0,tdx,True
2024-12-31,603261,73737008.0,2616200.0,tdx,True
2024-12-31,603798,96990904.0,10680000.0,tdx,True
2024-12-31,603950,226797865.0,12552035.0,tdx,True
2025-01-02,002992,345020768.0,5389200.0,tdx,True
2025-01-02,600602,2195881728.0,135667300.0,tdx,True
2025-01-02,600629,626710272.0,72264300.0,tdx,True
2025-01-02,600830,585496192.0,53366500.0,tdx,True
2025-01-02,603759,349026144.0,39772600.0,tdx,True
2025-01-03,002350,417608011.0,60328051.0,tdx,True
2025-01-03,002868,167101680.0,9943900.0,tdx,True
2025-01-03,605580,223910656.0,19799700.0,tdx,True
2025-01-06,000017,212793008.0,34120200.0,tdx,True
2025-01-06,002582,489407200.0,61022300.0,tdx,True
2025-01-06,600778,255547920.0,31296800.0,tdx,True
2025-01-06,605299,88936416.0,10988200.0,tdx,True
2025-01-08,605208,510572064.0,60983000.0,tdx,True
2025-01-09,002282,412022880.0,51690800.0,tdx,True
2025-01-09,600793,168083936.0,8355600.0,tdx,True
2025-01-09,603813,29639926.0,2553200.0,tdx,True
2025-01-13,002815,389492896.0,39721900.0,tdx,True
2025-01-13,003042,120522872.0,8056300.0,tdx,True
2025-01-13,600241,61920032.0,9288300.0,tdx,True
2025-01-13,605058,138026336.0,7089100.0,tdx,True
2025-01-14,000561,300261760.0,35271900.0,tdx,True
2025-01-14,002536,1455881344.0,107569700.0,tdx,True
2025-01-14,002660,333899616.0,33548300.0,tdx,True
2025-01-14,603667,2172046336.0,66077300.0,tdx,True
2025-01-15,002725,236974864.0,20339000.0,tdx,True
2025-01-16,000158,2518622208.0,125179900.0,tdx,True
2025-01-16,002209,129863992.0,13216200.0,tdx,True
2025-01-16,002346,575179520.0,44758500.0,tdx,True
2025-01-16,002441,381124672.0,45572600.0,tdx,True
2025-01-16,002605,1382752768.0,48987100.0,tdx,True
2025-01-16,003003,147214048.0,14986300.0,tdx,True
2025-01-16,603106,779952256.0,85293500.0,tdx,True
2025-01-16,603219,194649808.0,12857100.0,tdx,True
2025-01-16,603677,78485584.0,5672200.0,tdx,True
2025-01-16,603989,303900000.0,18674600.0,tdx,True
2025-01-16,605018,78396848.0,8431600.0,tdx,True
2025-01-17,002967,423963168.0,22896100.0,tdx,True
2025-01-17,603600,342369032.0,26834450.0,tdx,True
2025-01-20,001338,169165152.0,15728500.0,tdx,True
2025-01-20,002677,120593240.0,15695000.0,tdx,True
2025-01-20,603200,417587239.0,15864774.0,tdx,True
2025-01-20,603518,188172688.0,19221900.0,tdx,True
2025-01-20,603758,119215952.0,13292400.0,tdx,True
2025-01-21,002119,2073362816.0,106246200.0,tdx,True
2025-01-22,000020,84467352.0,6542900.0,tdx,True
2025-01-22,002923,267179392.0,25238600.0,tdx,True
2025-01-22,600592,536958208.0,50515600.0,tdx,True
2025-01-22,600784,76803072.0,12961700.0,tdx,True
2025-01-23,002196,278915904.0,46259100.0,tdx,True
2025-01-24,001208,550933760.0,57068400.0,tdx,True
2025-01-24,002148,523635584.0,76149600.0,tdx,True
2025-01-24,002852,142334928.0,17304100.0,tdx,True
2025-01-24,603045,220302080.0,14508000.0,tdx,True
2025-01-27,600851,109861832.0,17079100.0,tdx,True
2025-01-27,603089,182309280.0,17721100.0,tdx,True
2025-01-27,603687,87842624.0,12372200.0,tdx,True
2025-02-05,002757,1433955456.0,83092800.0,tdx,True
2025-02-06,001380,343579168.0,13417600.0,tdx,True
2025-02-06,002549,133589000.0,21240700.0,tdx,True
2025-02-06,600191,383644096.0,46768000.0,tdx,True
2025-02-07,603895,133542704.0,5564900.0,tdx,True
2025-02-10,002284,720887552.0,78724000.0,tdx,True
2025-02-10,002576,302628480.0,19160200.0,tdx,True
2025-02-10,002664,523793248.0,31074500.0,tdx,True
2025-02-10,002815,764651200.0,65647500.0,tdx,True
2025-02-10,002905,165816160.0,21053600.0,tdx,True
2025-02-10,603578,65199808.0,5119400.0,tdx,True
2025-02-10,603728,1929540352.0,25807100.0,tdx,True
2025-02-11,000779,175311200.0,19895800.0,tdx,True
2025-02-11,603193,142570656.0,5024800.0,tdx,True
2025-02-11,603618,393827968.0,62861400.0,tdx,True
2025-02-11,605255,58842832.0,4211800.0,tdx,True
2025-02-12,002173,644494592.0,64009500.0,tdx,True
2025-02-12,002229,723464960.0,53858600.0,tdx,True
2025-02-12,603985,288981728.0,22728100.0,tdx,True
2025-02-13,002441,519421216.0,54609800.0,tdx,True
2025-02-13,002995,715073984.0,30169700.0,tdx,True
2025-02-13,603610,194419744.0,15913800.0,tdx,True
2025-02-13,603660,452773856.0,55444600.0,tdx,True
2025-02-14,000880,814039680.0,37344500.0,tdx,True
2025-02-14,002272,919453504.0,95447900.0,tdx,True
2025-02-14,003016,86718936.0,11412900.0,tdx,True
2025-02-14,603117,278799296.0,41959600.0,tdx,True
2025-02-14,603219,388954048.0,23384400.0,tdx,True
2025-02-14,603657,78450808.0,5244500.0,tdx,True
2025-02-18,000695,225769312.0,20307300.0,tdx,True
2025-02-18,002326,595629760.0,59566100.0,tdx,True
2025-02-18,603085,588125824.0,48679500.0,tdx,True
2025-02-18,603258,1003443840.0,36760300.0,tdx,True
2025-02-19,001324,224112608.0,12185300.0,tdx,True
2025-02-19,002786,621432128.0,56996800.0,tdx,True
2025-02-19,600590,906535168.0,133075700.0,tdx,True
2025-02-19,603070,210986080.0,14388300.0,tdx,True
2025-02-19,603109,378847232.0,18806600.0,tdx,True
2025-02-19,603269,395867168.0,32039000.0,tdx,True
2025-02-19,603717,173358064.0,21095800.0,tdx,True
2025-02-19,603813,53683776.0,4804100.0,tdx,True
2025-02-21,002276,1292825856.0,124923700.0,tdx,True
2025-02-21,002790,117593816.0,15037100.0,tdx,True
2025-02-21,002908,690233472.0,65574900.0,tdx,True
2025-02-21,603011,340559712.0,42988000.0,tdx,True
2025-02-21,603015,689208704.0,50945100.0,tdx,True
2025-02-21,603066,311464448.0,25287900.0,tdx,True
2025-02-21,603528,484298016.0,50678800.0,tdx,True
2025-02-24,000590,71213720.0,9155700.0,tdx,True
2025-02-24,002577,1038977088.0,37693300.0,tdx,True
2025-02-24,603215,317882464.0,16821300.0,tdx,True
2025-02-24,603579,190703376.0,11460200.0,tdx,True
2025-02-24,605366,102509120.0,16844900.0,tdx,True
2025-02-25,002347,666400576.0,72326800.0,tdx,True
2025-02-25,002842,158205984.0,21456600.0,tdx,True
2025-02-25,002975,312466720.0,8219600.0,tdx,True
2025-02-25,600192,141996160.0,22544900.0,tdx,True
2025-02-25,600198,752119232.0,74670800.0,tdx,True
2025-02-25,603618,197505696.0,30742000.0,tdx,True
2025-02-25,605060,134089200.0,5719600.0,tdx,True
2025-02-26,000065,911472448.0,76112400.0,tdx,True
2025-02-26,600100,3291795199.0,362081864.0,tdx,True
2025-02-26,603115,138760560.0,9365600.0,tdx,True
2025-02-27,000529,150139312.0,24590200.0,tdx,True
2025-02-27,002097,976654272.0,110393900.0,tdx,True
2025-02-27,002298,945345728.0,139125000.0,tdx,True
2025-02-27,603421,338587968.0,41313500.0,tdx,True
2025-02-27,605208,847726080.0,73996400.0,tdx,True
2025-02-28,000815,1274147200.0,101055000.0,tdx,True
2025-02-28,001282,348662752.0,12730100.0,tdx,True
2025-02-28,002209,285439552.0,26434200.0,tdx,True
2025-02-28,002434,486752960.0,64460300.0,tdx,True
2025-02-28,002921,131675064.0,10043700.0,tdx,True
2025-02-28,603320,219994368.0,12142600.0,tdx,True
2025-02-28,603626,1680762240.0,156643800.0,tdx,True
2025-03-03,000058,553086016.0,62912800.0,tdx,True
2025-03-03,002406,844881856.0,117448800.0,tdx,True
2025-03-03,002741,1419228928.0,69201000.0,tdx,True
2025-03-03,600729,508259552.0,17603000.0,tdx,True
2025-03-05,000555,1030699584.0,75742700.0,tdx,True
2025-03-05,000619,152418016.0,24254600.0,tdx,True
2025-03-05,000973,976894464.0,136354800.0,tdx,True
2025-03-05,002037,126962824.0,15659600.0,tdx,True
2025-03-05,002917,721320896.0,47050500.0,tdx,True
2025-03-05,600192,192375600.0,27385600.0,tdx,True
2025-03-05,601789,1818389376.0,282284000.0,tdx,True
2025-03-05,603978,124843712.0,9035000.0,tdx,True
2025-03-05,603985,406297696.0,28434800.0,tdx,True
2025-03-06,002164,602856640.0,84287100.0,tdx,True
2025-03-06,002279,1228559744.0,155462800.0,tdx,True
2025-03-06,002313,611907136.0,52686600.0,tdx,True
2025-03-06,002590,372144928.0,26628100.0,tdx,True
2025-03-06,002679,92319992.0,10581500.0,tdx,True
2025-03-06,002786,403789504.0,37430600.0,tdx,True
2025-03-06,002933,506489952.0,13496400.0,tdx,True
2025-03-06,600847,133447296.0,13669200.0,tdx,True
2025-03-06,603123,666590976.0,74338100.0,tdx,True
2025-03-06,603320,349311040.0,17714600.0,tdx,True
2025-03-07,000829,1334192128.0,104391700.0,tdx,True
2025-03-07,000837,822850368.0,67282800.0,tdx,True
2025-03-07,002196,675399488.0,84934900.0,tdx,True
2025-03-07,603985,647625024.0,44065700.0,tdx,True
2025-03-10,002115,1581725696.0,184294100.0,tdx,True
2025-03-10,002195,9810319360.0,1516392400.0,tdx,True
2025-03-10,002358,431658560.0,70887300.0,tdx,True
2025-03-10,002609,290776256.0,32115700.0,tdx,True
2025-03-10,002657,866017024.0,41236100.0,tdx,True
2025-03-10,603219,321293248.0,16208400.0,tdx,True
2025-03-10,603577,106039568.0,11947900.0,tdx,True
2025-03-10,603583,1219721216.0,25059400.0,tdx,True
2025-03-11,001268,194856560.0,9020300.0,tdx,True
2025-03-11,600367,798094656.0,52578100.0,tdx,True
2025-03-11,603158,530125920.0,51153800.0,tdx,True
2025-03-12,605018,306944608.0,21931400.0,tdx,True
2025-03-13,003025,481994656.0,26886400.0,tdx,True
2025-03-13,600560,642562944.0,34758000.0,tdx,True
2025-03-14,000925,649423744.0,73399200.0,tdx,True
2025-03-14,002238,703278848.0,68541500.0,tdx,True
2025-03-14,002406,431724448.0,58116400.0,tdx,True
2025-03-14,002434,460080128.0,57748400.0,tdx,True
2025-03-14,600449,738694912.0,45907500.0,tdx,True
2025-03-14,603950,270735755.0,10627375.0,tdx,True
2025-03-14,603988,302920800.0,13862600.0,tdx,True
2025-03-18,002923,440382496.0,37244300.0,tdx,True
2025-03-18,002946,433495616.0,27791400.0,tdx,True
2025-03-19,601798,252158304.0,34431500.0,tdx,True
2025-03-20,603090,168672880.0,7580500.0,tdx,True
2025-03-20,603390,388368672.0,33232400.0,tdx,True
2025-03-20,605058,283967072.0,10945400.0,tdx,True
2025-03-21,002838,439266528.0,27295000.0,tdx,True
2025-03-24,000595,250996432.0,35447500.0,tdx,True
2025-03-24,002442,219414464.0,33671200.0,tdx,True
2025-03-24,603355,415464384.0,14271700.0,tdx,True
2025-03-25,002115,2221144064.0,237964700.0,tdx,True
2025-03-25,601798,346246144.0,44669700.0,tdx,True
2025-03-26,003039,358150368.0,24241200.0,tdx,True
2025-03-26,603280,325127424.0,12193200.0,tdx,True
2025-03-27,002255,1570917888.0,189784400.0,tdx,True
2025-03-27,600105,1600909696.0,246578400.0,tdx,True
2025-03-27,603066,262755776.0,20925200.0,tdx,True
2025-03-27,603585,208303952.0,13373200.0,tdx,True
2025-03-28,002248,425642912.0,46580200.0,tdx,True
2025-03-28,002363,224319424.0,27607900.0,tdx,True
2025-03-28,002708,669348032.0,52655900.0,tdx,True
2025-03-28,002801,477194560.0,11975900.0,tdx,True
2025-03-28,603006,212435968.0,17025100.0,tdx,True
2025-03-28,603045,221893472.0,13380600.0,tdx,True
2025-03-28,603285,292770624.0,11327500.0,tdx,True
2025-03-28,603353,210316272.0,12731000.0,tdx,True
2025-03-28,603527,248572784.0,23989400.0,tdx,True
2025-03-28,603657,148153792.0,8723200.0,tdx,True
2025-03-31,002054,216184512.0,34381800.0,tdx,True
2025-03-31,600746,351919488.0,42619800.0,tdx,True
2025-03-31,603078,979352320.0,51484100.0,tdx,True
2025-04-01,001269,190941760.0,7298000.0,tdx,True
2025-04-03,001258,695104320.0,85354100.0,tdx,True
2025-04-03,600851,367376832.0,51608000.0,tdx,True
2025-04-03,603192,169900704.0,9374100.0,tdx,True
2025-04-07,603985,115177344.0,7706900.0,tdx,True
2025-04-08,603313,409874816.0,58559100.0,tdx,True
2025-04-10,601038,377749920.0,26664500.0,tdx,True
2025-04-10,603029,251433056.0,14161500.0,tdx,True
2025-04-11,000582,2861595648.0,278898400.0,tdx,True
2025-04-11,000697,294385888.0,36590700.0,tdx,True
2025-04-11,000920,545346176.0,51520800.0,tdx,True
2025-04-11,600685,515104704.0,21494700.0,tdx,True
2025-04-14,001206,101193904.0,6078900.0,tdx,True
2025-04-14,001223,28806320.0,595600.0,tdx,True
2025-04-14,001317,304571808.0,7905500.0,tdx,True
2025-04-14,600278,438221184.0,62194600.0,tdx,True
2025-04-14,600859,2136091904.0,131161600.0,tdx,True
2025-04-14,603600,127943267.0,13121926.0,tdx,True
2025-04-14,605016,139362016.0,7968900.0,tdx,True
2025-04-15,000710,588488448.0,42912300.0,tdx,True
2025-04-15,000948,504413952.0,28428600.0,tdx,True
2025-04-15,001269,156206464.0,6590300.0,tdx,True
2025-04-15,001296,110412744.0,6375700.0,tdx,True
2025-04-15,002077,388478272.0,26978700.0,tdx,True
2025-04-15,002730,295398080.0,19513200.0,tdx,True
2025-04-15,002802,163307424.0,10796500.0,tdx,True
2025-04-15,600192,68763840.0,10684000.0,tdx,True
2025-04-15,603101,146626592.0,19519800.0,tdx,True
2025-04-15,603226,107735744.0,16588500.0,tdx,True
2025-04-15,603375,156225280.0,4496100.0,tdx,True
2025-04-15,603688,3083517952.0,71608400.0,tdx,True
2025-04-15,603933,88380224.0,5977700.0,tdx,True
2025-04-16,001300,58849559.0,5155784.0,tdx,True
2025-04-16,002058,65769172.0,6530800.0,tdx,True
2025-04-16,002095,176380992.0,10461200.0,tdx,True
2025-04-16,002103,535065696.0,59196200.0,tdx,True
2025-04-16,002137,137240064.0,19223900.0,tdx,True
2025-04-16,002861,224344384.0,17850000.0,tdx,True
2025-04-16,002987,535263904.0,29776400.0,tdx,True
2025-04-16,603011,852107328.0,84461000.0,tdx,True
2025-04-16,603215,74945648.0,5090700.0,tdx,True
2025-04-16,603617,95308296.0,14451600.0,tdx,True
2025-04-16,603798,58582872.0,6768500.0,tdx,True
2025-04-16,603917,101853560.0,8301500.0,tdx,True
2025-04-16,605299,75889640.0,9008000.0,tdx,True
2025-04-17,000600,836911464.0,127368773.0,tdx,True
2025-04-17,002279,997595136.0,150717100.0,tdx,True
2025-04-17,600128,610588288.0,59209700.0,tdx,True
2025-04-17,601083,523347808.0,48470600.0,tdx,True
2025-04-17,603687,122483944.0,17766500.0,tdx,True
2025-04-17,603955,212108320.0,10531200.0,tdx,True
2025-04-18,600629,285012416.0,34908400.0,tdx,True
2025-04-21,001300,94033850.0,7657366.0,tdx,True
2025-04-21,001368,230329824.0,10538900.0,tdx,True
2025-04-21,002584,1079289344.0,118354600.0,tdx,True
2025-04-21,600250,504007997.0,50871695.0,tdx,True
2025-04-21,600857,232527472.0,23244600.0,tdx,True
2025-04-21,603536,267832864.0,27018400.0,tdx,True
2025-04-21,603928,172032656.0,16516400.0,tdx,True
2025-04-22,002446,487813568.0,78705600.0,tdx,True
2025-04-23,000862,429922240.0,70899100.0,tdx,True
2025-04-23,002279,529153984.0,79207600.0,tdx,True
2025-04-23,002651,228896064.0,34321800.0,tdx,True
2025-04-23,603256,104338320.0,11913100.0,tdx,True
2025-04-24,600571,2128723584.0,127716300.0,tdx,True
2025-04-24,603676,272383232.0,23282300.0,tdx,True
2025-04-25,000678,1047406400.0,87631100.0,tdx,True
2025-04-25,002164,533669216.0,68063100.0,tdx,True
2025-04-25,002369,434614720.0,51318400.0,tdx,True
2025-04-25,002553,1111596800.0,54574300.0,tdx,True
2025-04-25,002981,155574160.0,6906000.0,tdx,True
2025-04-25,003018,145509024.0,12268400.0,tdx,True
2025-04-25,601177,1073983360.0,57362700.0,tdx,True
2025-04-25,603178,407448768.0,20976100.0,tdx,True
2025-04-25,603890,211737920.0,19123900.0,tdx,True
2025-04-25,605018,148186224.0,13483200.0,tdx,True
2025-04-25,605080,190410736.0,7875900.0,tdx,True
2025-04-28,000881,427832576.0,55974200.0,tdx,True
2025-04-28,000953,372862048.0,60113400.0,tdx,True
2025-04-28,002365,1244178560.0,98020100.0,tdx,True
2025-04-29,002095,506492352.0,26815100.0,tdx,True
2025-04-29,601566,121610280.0,13707900.0,tdx,True
2025-04-29,603280,243530544.0,10214200.0,tdx,True
2025-04-30,002769,152743504.0,21244200.0,tdx,True
2025-04-30,603985,1120116736.0,61460700.0,tdx,True
2025-05-06,002633,145307312.0,11672800.0,tdx,True
2025-05-07,002006,1333429760.0,71350300.0,tdx,True
2025-05-08,002272,1423280384.0,127229300.0,tdx,True
2025-05-08,002355,978429184.0,136262500.0,tdx,True
2025-05-08,002639,1160958336.0,135161000.0,tdx,True
2025-05-08,002664,1118591616.0,54980800.0,tdx,True
2025-05-08,002790,57316224.0,7920400.0,tdx,True
2025-05-08,600203,440640256.0,45415200.0,tdx,True
2025-05-08,600775,596860416.0,57930200.0,tdx,True
2025-05-08,603011,1168433792.0,103120300.0,tdx,True
2025-05-08,603169,577762496.0,77579800.0,tdx,True
2025-05-09,002290,247952992.0,8592500.0,tdx,True
2025-05-09,002826,161278400.0,14190700.0,tdx,True
2025-05-09,002975,147096624.0,4645600.0,tdx,True
2025-05-12,002158,425896448.0,22444100.0,tdx,True
2025-05-12,002560,931066304.0,123279200.0,tdx,True
2025-05-12,002583,1918036224.0,149646400.0,tdx,True
2025-05-12,002599,531310432.0,56688600.0,tdx,True
2025-05-12,603579,458998656.0,17635800.0,tdx,True
2025-05-12,605060,201935408.0,10420000.0,tdx,True
2025-05-13,000953,311209760.0,49018900.0,tdx,True
2025-05-13,002144,438990528.0,35720400.0,tdx,True
2025-05-13,600156,368761760.0,60659800.0,tdx,True
2025-05-14,001356,447480960.0,28327900.0,tdx,True
2025-05-14,002735,580767680.0,53965200.0,tdx,True
2025-05-14,002892,1255078144.0,69473300.0,tdx,True
2025-05-14,600523,1100261120.0,68448700.0,tdx,True
2025-05-14,603600,358559353.0,32929382.0,tdx,True
2025-05-14,603712,646310464.0,30565100.0,tdx,True
2025-05-15,001238,114299720.0,3166700.0,tdx,True
2025-05-16,002404,298427968.0,46043700.0,tdx,True
2025-05-16,603803,262002080.0,26074400.0,tdx,True
2025-05-19,002626,830216064.0,44882400.0,tdx,True
2025-05-19,600223,730456640.0,90334100.0,tdx,True
2025-05-20,002284,1411597952.0,106945800.0,tdx,True
2025-05-21,002389,1363711744.0,65379000.0,tdx,True
2025-05-21,002990,421659584.0,15235100.0,tdx,True
2025-05-22,002103,1222094720.0,113353500.0,tdx,True
2025-05-22,002277,1072919360.0,174810800.0,tdx,True
2025-05-22,002297,632442240.0,82503900.0,tdx,True
2025-05-22,600198,654636032.0,72885100.0,tdx,True
2025-05-22,600550,2156785655.0,236340648.0,tdx,True
2025-05-22,603725,462823360.0,54091700.0,tdx,True
2025-05-23,000953,819549696.0,112115000.0,tdx,True
2025-05-23,002580,1489376512.0,108112200.0,tdx,True
2025-05-23,002882,1539864704.0,70844500.0,tdx,True
2025-05-23,603321,264901072.0,32720900.0,tdx,True
2025-05-23,603970,201719312.0,14074900.0,tdx,True
2025-05-26,002364,835208256.0,51316300.0,tdx,True
2025-05-26,002952,219791776.0,10843900.0,tdx,True
2025-05-26,603839,143038080.0,20361600.0,tdx,True
2025-05-28,002835,503106464.0,26319200.0,tdx,True
2025-05-28,603076,343441824.0,11763200.0,tdx,True
2025-05-29,002258,1118647040.0,95007000.0,tdx,True
2025-05-29,002549,1494045696.0,138282300.0,tdx,True
2025-05-29,002846,677625600.0,54075200.0,tdx,True
2025-05-29,600189,406654560.0,51850300.0,tdx,True
2025-05-29,600616,521589056.0,82443100.0,tdx,True
2025-05-29,603599,500630464.0,44473000.0,tdx,True
2025-05-30,002277,1178997120.0,182043900.0,tdx,True
2025-05-30,002829,599229696.0,29211400.0,tdx,True
2025-05-30,600192,1053188096.0,113533700.0,tdx,True
2025-05-30,603680,177108752.0,16695400.0,tdx,True
2025-06-03,000037,303823200.0,33469900.0,tdx,True
2025-06-03,002015,592137536.0,73491300.0,tdx,True
2025-06-03,002355,479972480.0,64402500.0,tdx,True
2025-06-03,002609,247454864.0,23120300.0,tdx,True
2025-06-03,002968,173496944.0,15208300.0,tdx,True
2025-06-05,000566,1509298560.0,227327600.0,tdx,True
2025-06-05,002644,262371184.0,29154400.0,tdx,True
2025-06-05,002829,560652160.0,26144000.0,tdx,True
2025-06-05,002940,503679200.0,28927400.0,tdx,True
2025-06-05,002968,232484800.0,21212300.0,tdx,True
2025-06-05,600561,340224000.0,47610800.0,tdx,True
2025-06-05,603506,255614736.0,18173300.0,tdx,True
2025-06-06,001338,790269248.0,60268800.0,tdx,True
2025-06-06,603221,170345648.0,14871100.0,tdx,True
2025-06-06,603238,299041792.0,17325700.0,tdx,True
2025-06-06,603711,204295744.0,14206700.0,tdx,True
2025-06-06,603863,153840688.0,10823200.0,tdx,True
2025-06-06,605006,514594400.0,70809500.0,tdx,True
2025-06-09,001258,226250784.0,30958600.0,tdx,True
2025-06-09,002090,456744896.0,45878200.0,tdx,True
2025-06-09,002184,412940032.0,31532000.0,tdx,True
2025-06-09,002339,480488032.0,62869900.0,tdx,True
2025-06-09,601007,537478912.0,65978500.0,tdx,True
2025-06-10,603045,318479520.0,17661700.0,tdx,True
2025-06-10,603937,218906848.0,21925900.0,tdx,True
2025-06-10,605122,105050464.0,8739700.0,tdx,True
2025-06-11,002017,754575872.0,63780700.0,tdx,True
2025-06-11,002105,445754240.0,48853100.0,tdx,True
2025-06-11,600927,649756480.0,43287400.0,tdx,True
2025-06-11,601956,405359616.0,54952700.0,tdx,True
2025-06-11,603538,625292480.0,36009000.0,tdx,True
2025-06-12,002300,436688583.0,64723247.0,tdx,True
2025-06-12,003027,239714880.0,12962800.0,tdx,True
2025-06-12,603716,633047360.0,47708200.0,tdx,True
2025-06-12,603823,471386592.0,37663400.0,tdx,True
2025-06-13,002842,372920384.0,42485300.0,tdx,True
2025-06-13,002996,341090400.0,45796000.0,tdx,True
2025-06-13,603586,372048864.0,19872000.0,tdx,True
2025-06-13,603917,247412576.0,17962300.0,tdx,True
2025-06-16,002237,836948800.0,67127400.0,tdx,True
2025-06-16,002727,517421600.0,29658400.0,tdx,True
2025-06-16,002755,316434304.0,17602500.0,tdx,True
2025-06-16,603096,201544944.0,10271000.0,tdx,True
2025-06-16,603232,434439040.0,28091500.0,tdx,True
2025-06-16,603239,194072192.0,12430900.0,tdx,True
2025-06-16,605033,357042496.0,15631000.0,tdx,True
2025-06-16,605151,182731264.0,10028300.0,tdx,True
2025-06-17,002246,1568274816.0,107761000.0,tdx,True
2025-06-17,603880,155264656.0,26209600.0,tdx,True
2025-06-18,000788,631351616.0,98909000.0,tdx,True
2025-06-18,001236,705903296.0,63464000.0,tdx,True
2025-06-18,002887,220726096.0,25829400.0,tdx,True
2025-06-18,003017,425304160.0,15089900.0,tdx,True
2025-06-18,003036,166445392.0,11903400.0,tdx,True
2025-06-18,603086,753573504.0,73109100.0,tdx,True
2025-06-18,603587,276322368.0,19850300.0,tdx,True
2025-06-19,002780,239695456.0,19189200.0,tdx,True
2025-06-19,600775,1167452288.0,107542400.0,tdx,True
2025-06-19,603222,384341600.0,56096500.0,tdx,True
2025-06-20,601089,427748064.0,22945700.0,tdx,True
2025-06-23,603685,178775856.0,13389700.0,tdx,True
2025-06-23,605298,184888576.0,13467500.0,tdx,True
2025-06-23,605580,251128688.0,20212900.0,tdx,True
2025-06-24,002930,596736768.0,53230500.0,tdx,True
2025-06-24,603212,755671872.0,67470600.0,tdx,True
2025-06-25,002753,222929520.0,31579800.0,tdx,True
2025-06-25,600610,3266509056.0,187881800.0,tdx,True
2025-06-25,600698,1104432000.0,144398300.0,tdx,True
2025-06-25,600955,183263536.0,12547300.0,tdx,True
2025-06-25,603578,316604448.0,21010600.0,tdx,True
