family,signal_date,code,row,col,setup_id,arm_date,push_start,push_end,upper_economic,floor_economic,stop_economic,score,push_pct,tr_ratio,volume_ratio,clv,signal_risk_pct
base8,2024-11-07,300003,445,2,base8:300003:2024-10-30,2024-10-30,2024-09-20,2024-10-18,59.09206908257752,54.75802931547995,54.484239168902555,90.3156,34.471365638766535,0.4466119096509243,0.6781040465306958,0.9610389610389604,10.957730388423458
base8,2024-03-18,300009,290,8,base8:300009:2024-03-11,2024-03-11,2024-01-30,2024-02-28,191.02956091450127,180.76528599969222,179.86145956969375,88.5614,13.934426229508222,0.45378989361702265,0.5900688932768027,0.9565217391304343,6.957227138643085
base8,2024-11-07,300015,445,13,base8:300015:2024-10-30,2024-10-30,2024-09-20,2024-10-18,983.7585132808144,913.997568149936,909.4275803091863,94.3416,54.004106776180706,0.3569824876515493,0.6106686904268854,0.9937499999999997,14.671212121212129
base8,2024-11-11,300019,447,17,base8:300019:2024-11-04,2024-11-04,2024-09-25,2024-10-23,117.46618982148091,107.54820017956169,107.01045917866388,92.0367,28.734622144112485,0.44855305466237905,0.6387538619712693,0.9487179487179492,13.195474544311747
base8,2024-11-04,300033,442,26,base8:300033:2024-10-30,2024-10-30,2024-09-20,2024-10-18,1958.4839043755346,1764.4831402628638,1755.6607245615494,90.4712,104.59000485201359,0.4039913083257089,0.6905765509755817,1.0,15.535555555555547
base8,2024-03-18,300054,290,45,base8:300054:2024-03-12,2024-03-12,2024-01-31,2024-02-29,280.1257316244836,261.4076527832163,260.1006145193002,90.5278,22.18370883882148,0.5412975508077118,0.6250703531216373,0.9836065573770459,7.99657534246575
base8,2024-03-20,300058,292,49,base8:300058:2024-03-14,2024-03-14,2024-02-02,2024-03-04,147.4291367984731,135.09519594213023,134.41971996241958,83.9907,29.81260647359456,0.544096728307256,0.6962289538877633,0.8444444444444462,10.000645161290345
base8,2024-03-20,300063,292,53,base8:300063:2024-03-14,2024-03-14,2024-02-02,2024-03-04,42.483334393048324,38.077655270806275,37.88726699445225,86.0266,19.585253456221196,0.45062154696132606,0.6742042326762452,0.7575757575757557,12.75724637681157
base8,2024-11-05,300070,443,58,base8:300070:2024-10-25,2024-10-25,2024-09-13,2024-10-15,97.38742586558746,89.83801300778998,89.38882294275103,90.6118,57.993730407523515,0.4297488226059665,0.6544300006661293,0.9166666666666664,9.268199233716478
base8,2024-03-20,300079,292,66,base8:300079:2024-03-12,2024-03-12,2024-01-31,2024-02-29,65.97277395900106,61.44029330532923,61.13309183880258,98.7213,21.29186602870814,0.35294117647058865,0.5045217888841399,0.9473684210526315,9.241121495327098
base8,2024-11-07,300079,445,66,base8:300079:2024-11-04,2024-11-04,2024-09-25,2024-10-23,76.61535329909661,69.16839144630138,68.82254948906987,85.0895,27.57847533632287,0.571136701337296,0.6986179163272502,1.0,11.339837398374009
base8,2024-03-21,300083,293,69,base8:300083:2024-03-19,2024-03-19,2024-02-07,2024-03-07,44.701022504468604,42.39599740294905,42.184017415934306,87.5986,24.29906542056075,0.453345070422535,0.6146945549358661,0.6666666666666663,11.802925989672964
base8,2024-03-18,300085,290,71,base8:300085:2024-03-15,2024-03-15,2024-02-05,2024-03-05,131.67562188488802,120.79424745533552,120.19027621805884,81.7312,40.361445783132545,0.6206380857427717,0.6406685990528309,0.8604651162790649,9.478062913907292
base8,2024-03-22,300097,294,79,base8:300097:2024-03-20,2024-03-20,2024-02-08,2024-03-08,31.73890898351318,29.25531196293908,29.109035403124384,84.5225,47.07964601769912,0.4817574511819124,0.6857414571147761,0.6904761904761917,12.705914567360344
base8,2024-09-27,300103,421,85,base8:300103:2024-09-11,2024-09-11,2024-08-09,2024-08-30,26.372508818637133,24.44157368355387,24.3193658151361,82.3521,16.820276497695865,0.5769230769230772,0.6038940648128669,0.8055555555555554,11.698339483394848
base8,2024-04-03,300109,302,89,base8:300109:2024-03-27,2024-03-27,2024-02-23,2024-03-15,90.32174747634897,84.50782860686276,84.08528946382845,73.8841,12.521942656524288,0.6074334319526629,0.68745057813496,0.9127516778523483,12.032088122605355
base8,2024-11-04,300124,442,100,base8:300124:2024-10-31,2024-10-31,2024-09-23,2024-10-21,1457.6226783141258,1354.7987089956891,1348.0247154507108,93.9302,33.48676639815879,0.3274947271289214,0.6201800078196779,0.9969604863221879,9.307217869644946
base8,2024-03-18,300134,290,110,base8:300134:2024-03-13,2024-03-13,2024-02-01,2024-03-01,39.714944947467046,36.60004730452846,36.417047068005814,86.4601,22.222222222222232,0.46569767441860455,0.6784902804143231,0.7692307692307683,10.449999999999992
base8,2024-03-25,300157,295,130,base8:300157:2024-03-15,2024-03-15,2024-02-05,2024-03-05,18.96203251836363,17.42788749260605,17.34074805514302,97.037,42.78846153846154,0.3302556818181818,0.4835059226174892,0.8518518518518523,10.292063492063496
base8,2024-11-06,300164,444,137,base8:300164:2024-10-31,2024-10-31,2024-09-23,2024-10-21,29.12820320362246,26.69043512434933,26.556982948727583,86.1923,31.176470588235293,0.44851618705035906,0.6898799204631235,0.7843137254901961,14.341733870967754
base8,2024-03-20,300165,292,138,base8:300165:2024-03-19,2024-03-19,2024-02-07,2024-03-07,31.85040526031053,29.35893592705157,29.212141247416312,89.1708,57.432432432432456,0.46712802768166056,0.6665846670068915,0.8750000000000013,9.995850622406621
base8,2024-03-18,300168,290,140,base8:300168:2024-03-14,2024-03-14,2024-02-02,2024-03-04,57.63296994061908,53.2879522921798,53.0215125307189,85.3052,18.41652323580034,0.4537671232876705,0.6555600166835722,0.7333333333333326,9.671787709497215
base8,2024-03-18,300169,290,141,base8:300169:2024-03-14,2024-03-14,2024-02-02,2024-03-04,19.44034376285421,17.99003240276826,17.90008224075442,85.7488,13.857677902621713,0.3861556064073226,0.6200719216068497,0.8947368421052639,10.756153846153849
base8,2024-03-20,300170,292,142,base8:300170:2024-03-13,2024-03-13,2024-02-01,2024-03-01,47.429038725090166,44.04598841043338,43.82575846838122,90.685,19.49579831932773,0.44567510548523204,0.6608306003195404,0.9615384615384642,9.247252747252755
base8,2024-11-07,300172,445,144,base8:300172:2024-11-05,2024-11-05,2024-09-26,2024-10-24,41.54128108426582,37.90369079667686,37.71417234269348,77.2834,17.67241379310345,0.5863515901060079,0.6891112020627951,0.7555555555555576,12.728114478114472
base8,2024-03-18,300177,290,148,base8:300177:2024-03-15,2024-03-15,2024-02-05,2024-03-05,66.15100675062334,60.494972716183426,60.19249785260251,93.3176,31.93717277486914,0.5282738095238086,0.5519597699683204,0.8947368421052676,10.830601092896197
base8,2024-10-28,300190,437,159,base8:300190:2024-10-25,2024-10-25,2024-09-13,2024-10-15,43.889772633064126,40.37859082241899,40.176697868306896,91.2767,24.567474048442904,0.4368455497382203,0.6363702921100725,0.9047619047619025,11.527061855670107
base8,2024-03-18,300192,290,161,base8:300192:2024-03-15,2024-03-15,2024-02-05,2024-03-05,38.21201081325893,34.60845050313833,34.435408250622636,84.169,63.85350318471335,0.5481230031948879,0.686910519490998,0.844155844155845,14.58849557522125
base8,2024-04-01,300193,300,162,base8:300193:2024-03-19,2024-03-19,2024-02-07,2024-03-07,22.86685795032035,21.125726634306112,21.02009800113458,89.2526,29.29824561403509,0.4942152917505036,0.6292330107054206,0.7857142857142801,8.540404040404026
base8,2024-03-28,300194,298,163,base8:300194:2024-03-14,2024-03-14,2024-02-02,2024-03-04,24.691011269751698,23.006060369453678,22.89103006760641,82.8595,13.496932515337434,0.5184659090909102,0.6735632035835124,0.9666666666666663,9.196658097686395
base8,2024-10-25,300196,436,165,base8:300196:2024-10-24,2024-10-24,2024-09-12,2024-10-14,41.68001288352731,38.884402263290724,38.68998025197427,85.6055,21.149674620390456,0.5155767250257463,0.6872956884461494,0.8030303030303041,9.152173913043482
base8,2024-07-31,300197,381,166,base8:300197:2024-07-26,2024-07-26,2024-06-25,2024-07-16,44.08189663311509,40.27626526910516,40.074883942759634,97.094,17.094017094017122,0.35576923076923095,0.4202861926860185,1.0,9.739285714285707
base8,2024-03-15,300201,289,169,base8:300201:2024-03-13,2024-03-13,2024-02-01,2024-03-01,50.12575993073188,47.448101814773985,47.210861305700114,87.1508,21.01063829787233,0.4528601694915245,0.6807935686698318,0.8095238095238095,7.592243186582803
base8,2024-10-25,300201,436,169,base8:300201:2024-10-24,2024-10-24,2024-09-12,2024-10-14,44.53099936897846,41.28845087123731,41.082008616881126,87.6218,36.57718120805371,0.42040358744394646,0.6475638670211128,0.7499999999999994,11.8120649651972
base8,2025-05-29,300214,579,178,base8:300214:2025-05-26,2025-05-26,2025-04-18,2025-05-14,22.412604977849902,21.254506848295343,21.148234314053866,78.738,15.901060070671381,0.6074617346938775,0.5948545968981382,0.7551020408163261,6.493975903614457
base8,2024-11-07,300215,445,179,base8:300215:2024-11-04,2024-11-04,2024-09-25,2024-10-23,117.79583791547914,106.64021281593936,106.10701175185967,80.92,27.5711159737418,0.5689233278955954,0.6726073352713758,0.7187499999999996,13.264296754250381
base8,2024-11-11,300219,447,182,base8:300219:2024-11-01,2024-11-01,2024-09-24,2024-10-22,42.14348355537138,38.13497740743117,37.94430252039402,91.1984,31.3458262350937,0.5015519187358917,0.6617388313931932,0.969696969696962,12.87562189054724
base8,2024-03-18,300226,290,189,base8:300226:2024-03-13,2024-03-13,2024-02-01,2024-03-01,191.14996890560295,176.1013113870714,175.22080483013605,80.4331,14.014598540145972,0.5281432748538021,0.6696603407358634,0.8435754189944118,10.286885245901633
base8,2024-03-18,300229,290,192,base8:300229:2024-03-15,2024-03-15,2024-02-05,2024-03-05,88.1201132788573,81.58476141258339,81.17683760552048,79.9162,60.03976143141154,0.626507840772015,0.6797382575460407,0.8879310344827587,12.405491329479768
base8,2024-03-18,300246,290,207,base8:300246:2024-03-15,2024-03-15,2024-02-05,2024-03-05,44.81664641676664,40.65594979982544,40.45267005082631,96.2782,17.85714285714286,0.4062117503059973,0.4948108915702514,0.9210526315789466,12.296391752577318
base8,2024-03-18,300259,290,220,base8:300259:2024-03-14,2024-03-14,2024-02-02,2024-03-04,51.26594441621191,49.06433944128257,48.819017744076156,93.9098,14.855072463768115,0.39909638554216886,0.5189045691016417,1.0,6.774774774774772
base8,2024-05-27,300261,335,222,base8:300261:2024-05-24,2024-05-24,2024-04-18,2024-05-14,62.880602188851896,57.29121532762062,57.00475925098252,95.942,21.778584392014544,0.4791666666666672,0.46222625488110347,0.7971014492753622,10.011029411764705
base8,2024-03-18,300263,290,223,base8:300263:2024-03-14,2024-03-14,2024-02-02,2024-03-04,52.945431314863505,50.17209919837065,49.9212387023788,92.2278,19.379844961240323,0.42290419161676684,0.6430410941609874,1.0,7.039906103286375
base8,2024-03-20,300264,292,224,base8:300264:2024-03-15,2024-03-15,2024-02-05,2024-03-05,26.905972450039798,24.87767606534449,24.75328768501777,81.9985,12.12121212121211,0.46334827144686314,0.6283804895549779,0.814814814814811,9.940512048192762
base8,2024-11-07,300265,445,225,base8:300265:2024-10-28,2024-10-28,2024-09-18,2024-10-16,22.118345364221547,20.085991434573504,19.985561477400637,90.4273,22.063492063492074,0.4681528662420383,0.6914530299562175,1.0,10.708136792452837
base8,2024-07-29,300266,379,226,base8:300266:2024-07-25,2024-07-25,2024-06-24,2024-07-15,24.911163766337424,22.611671726367813,22.498613367735974,95.9898,19.626168224299057,0.44241573033707926,0.32938974877135324,0.8181818181818182,11.053030303030308
base8,2024-03-18,300269,290,229,base8:300269:2024-03-15,2024-03-15,2024-02-05,2024-03-05,21.850830997665433,20.241661273031156,20.140452966666,89.6771,34.77088948787064,0.5167844522968192,0.6204605885471003,0.8437499999999987,8.712092130518235
base8,2024-11-07,300283,445,240,base8:300283:2024-10-31,2024-10-31,2024-09-23,2024-10-21,40.52529133805923,36.365619132286426,36.183791036624996,88.0075,30.415754923413573,0.5083198051948048,0.6520117336729427,0.8095238095238098,12.348854961832068
base8,2024-05-23,300298,333,252,base8:300298:2024-05-16,2024-05-16,2024-04-10,2024-05-06,158.5530066887254,144.9609427182007,144.2361380046097,83.6158,23.280159521435696,0.679467733039161,0.5228580760100365,0.8660714285714248,11.05126705653019
base8,2024-11-11,300316,447,267,base8:300316:2024-11-06,2024-11-06,2024-09-27,2024-10-25,357.6558496012917,322.15674584895487,320.5459621197101,95.6725,37.6435716932197,0.4878769958604381,0.5865492935367234,1.0,15.777069267316834
base8,2024-03-18,300318,290,269,base8:300318:2024-03-15,2024-03-15,2024-02-05,2024-03-05,31.098512772848434,28.587452735289244,28.444515471612796,96.4987,17.829457364341074,0.4697368421052624,0.5266145822026642,1.0,10.20731707317073
base8,2024-11-05,300323,443,274,base8:300323:2024-11-04,2024-11-04,2024-09-25,2024-10-23,22.54266738917375,20.184357569998653,20.08343578214866,72.4703,36.073059360730596,0.6625939849624057,0.6896299166266099,0.6666666666666666,17.39087018544936
base8,2024-03-15,300343,289,289,base8:300343:2024-03-12,2024-03-12,2024-01-31,2024-02-29,75.62525574484906,69.4151526271151,69.06807686397953,83.9575,13.763440860215038,0.47428330522765605,0.6255305662240139,0.8235294117647076,9.659747292418764
base8,2024-03-20,300346,292,291,base8:300346:2024-03-14,2024-03-14,2024-02-02,2024-03-04,294.6148631516009,274.74315203338,273.3694362732131,85.5366,35.8735095904614,0.507114665558787,0.642164059732412,0.6571428571428545,8.425766641735223
base8,2024-03-13,300349,287,294,base8:300349:2024-03-12,2024-03-12,2024-01-31,2024-02-29,75.85435066138407,71.051883655225,70.69662423694888,84.3781,13.896987366375125,0.42138810198300325,0.6693258046464263,0.9473684210526312,8.653142402545743
base8,2024-11-11,300351,447,296,base8:300351:2024-11-01,2024-11-01,2024-09-24,2024-10-22,84.41188662509096,75.37421139756516,74.99734034057734,90.4551,26.503496503496503,0.4624711316397226,0.6868172914863572,0.9897959183673497,12.970110120608291
base8,2024-11-07,300365,445,306,base8:300365:2024-11-01,2024-11-01,2024-09-24,2024-10-22,74.00433585673194,66.54825991327174,66.21551861370537,89.2392,30.75356415478614,0.5048076923076928,0.6984842465362362,0.9750000000000006,12.369661266568476
base8,2024-03-20,300370,292,309,base8:300370:2024-03-12,2024-03-12,2024-01-31,2024-02-29,38.07108501423959,35.59893663669157,35.42094195350811,86.1529,13.065326633165819,0.42518587360594823,0.6382495003520355,1.0,8.932203389830484
base8,2024-11-11,300373,447,311,base8:300373:2024-11-06,2024-11-06,2024-09-27,2024-10-25,268.75739914602804,243.98488373462527,242.76495931595215,92.8936,23.28662420382168,0.4932262695137278,0.6219256109347713,0.9494949494949497,12.85279237205682
base8,2024-08-19,300377,394,315,base8:300377:2024-08-15,2024-08-15,2024-07-15,2024-08-05,63.11478177745167,57.407010208012565,57.1199751569725,80.3055,12.423625254582472,0.6199596774193552,0.4564607992206909,0.8139534883720931,13.124373956594326
base8,2024-03-18,300395,290,329,base8:300395:2024-03-13,2024-03-13,2024-02-01,2024-03-01,228.3802283339584,207.79444770209722,206.75547546358672,80.6223,25.130052020808336,0.6339118198874294,0.6958445018585636,0.9894179894179893,10.95103490886623
base8,2024-05-27,300408,335,341,base8:300408:2024-05-17,2024-05-17,2024-04-11,2024-05-07,124.41337838061546,118.25344123624748,117.66217403006624,79.3501,14.989979959919864,0.688804023845008,0.5147877720484982,0.9157894736842123,6.0488396259092525
base8,2024-03-18,300409,290,342,base8:300409:2024-03-14,2024-03-14,2024-02-02,2024-03-04,54.77279078241461,50.87658195356244,50.62219904379463,89.6468,15.920398009950265,0.4945286195286204,0.589107698789182,0.9090909090909035,9.718529707955682
base8,2024-03-21,300415,293,348,base8:300415:2024-03-13,2024-03-13,2024-02-01,2024-03-01,77.66552314652063,71.53512451948859,71.17744889689115,80.3859,16.754617414248017,0.564024390243902,0.6950726320722043,0.8933333333333333,10.36176317162234
base8,2025-03-18,300421,531,353,base8:300421:2025-03-14,2025-03-14,2025-02-11,2025-03-04,42.69466648010435,38.193311867186,38.002345307850064,76.2977,12.883435582822077,0.5766636690647475,0.6880224214330014,0.9090909090909101,12.113564668769728
base8,2024-03-20,300423,292,355,base8:300423:2024-03-18,2024-03-18,2024-02-06,2024-03-06,24.020156254879794,21.580873814327827,21.472969445256187,91.2057,40.28056112224449,0.4778696498054474,0.5817674802625147,0.7647058823529428,12.69765840220387
base8,2024-03-20,300426,292,358,base8:300426:2024-03-15,2024-03-15,2024-02-05,2024-03-05,47.65700732733385,42.871155640128016,42.656799861927375,89.2298,42.05748865355523,0.4964999999999997,0.6637915543656404,0.8709677419354833,16.24678536102868
base8,2024-03-21,300435,293,365,base8:300435:2024-03-14,2024-03-14,2024-02-02,2024-03-04,43.04888491360292,41.468529373455965,41.26118672658868,91.0097,20.967741935483897,0.42039473684210527,0.5621586366472867,0.7058823529411703,4.712408759124099
base8,2024-11-07,300435,445,365,base8:300435:2024-11-05,2024-11-05,2024-09-26,2024-10-24,39.289919605367665,37.052088545664056,36.866828102935735,87.1528,20.17629774730654,0.42050209205020894,0.6878077548369717,0.8271604938271595,9.694205168363347
base8,2024-03-18,300439,290,369,base8:300439:2024-03-15,2024-03-15,2024-02-05,2024-03-05,30.62604981731105,28.456442592060064,28.314160379099764,96.9801,19.37581274382314,0.5014534883720932,0.5298800092012561,0.9600000000000034,8.581218274111658
base8,2024-11-11,300447,447,377,base8:300447:2024-11-04,2024-11-04,2024-09-25,2024-10-23,51.84069800275405,46.407460628633636,46.17542332549047,86.2324,35.759209344114986,0.5302547770700635,0.6653021315365791,0.8307692307692324,13.018578878748366
base8,2024-03-18,300451,290,381,base8:300451:2024-03-15,2024-03-15,2024-02-05,2024-03-05,87.75554540201324,79.51726971121201,79.11968336265595,81.1433,29.24791086350973,0.626535626535626,0.6777621856439661,0.9444444444444459,12.518811881188107
base8,2024-03-18,300452,290,382,base8:300452:2024-03-12,2024-03-12,2024-01-31,2024-02-29,71.71868896587046,66.9153587579946,66.58078196420462,85.0934,12.356575463371588,0.43997524752475353,0.645263166067016,1.0,8.502276176024303
base8,2024-03-18,300453,290,383,base8:300453:2024-03-14,2024-03-14,2024-02-02,2024-03-04,45.58255619854144,41.091333749567504,40.88587708081967,93.5957,13.595706618962433,0.46266233766233744,0.42241941600587035,1.0,11.603623188405798
base8,2024-03-18,300457,290,387,base8:300457:2024-03-13,2024-03-13,2024-02-01,2024-03-01,98.07509544062196,90.84241878570884,90.3882066917803,77.3038,14.404432132963985,0.5621123363197794,0.6721284613756917,0.7926829268292709,9.597800925925936
base8,2024-03-20,300465,292,393,base8:300465:2024-03-15,2024-03-15,2024-02-05,2024-03-05,27.897402542273856,25.992371581632472,25.86240972372431,92.7021,36.1290322580645,0.4623287671232873,0.6459583166349613,1.0,10.002808988764045
base8,2024-03-21,300471,293,399,base8:300471:2024-03-20,2024-03-20,2024-02-08,2024-03-08,60.66250011610962,54.970583368106105,54.695730451265575,85.5669,25.780346820809253,0.47510593220338976,0.6514069453049625,0.65686274509804,12.426929392446617
base8,2024-03-26,300473,296,400,base8:300473:2024-03-22,2024-03-22,2024-02-20,2024-03-12,17.618442577588453,16.28595532382126,16.204525547202152,76.5767,14.483260553129561,0.6158536585365848,0.673558040310848,0.9440559440559415,10.912790697674414
base8,2024-11-07,300483,445,409,base8:300483:2024-11-05,2024-11-05,2024-09-26,2024-10-24,17.005161453578452,15.627344534098746,15.549207811428253,87.8105,28.922237380627536,0.4312668463611854,0.6480163485242824,0.7605633802816911,11.120207253886017
base8,2025-05-16,300485,570,411,base8:300485:2025-05-13,2025-05-13,2025-04-07,2025-04-28,35.940150989906925,34.01707513432332,33.8469897586517,92.0635,14.28571428571428,0.40105585831062607,0.46644109229668496,0.8888888888888884,6.930669800235034
base8,2024-11-04,300488,442,414,base8:300488:2024-11-01,2024-11-01,2024-09-24,2024-10-22,63.98063946207361,60.554084220959986,60.25131379985518,91.4204,25.067971723762916,0.35661597821152885,0.6694648049969433,0.9946808510638283,9.100289495450786
base8,2024-03-15,300489,289,415,base8:300489:2024-03-14,2024-03-14,2024-02-02,2024-03-04,49.65774781186543,46.16454056736793,45.93371786453109,84.2646,12.42060691601976,0.4387161841480776,0.6073823228061717,0.860655737704918,8.717235188509864
base8,2024-11-07,300498,445,423,base8:300498:2024-11-04,2024-11-04,2024-09-25,2024-10-23,40.04600211196125,38.35744085684992,38.165653652565666,88.1429,16.3548581774291,0.33505805148914747,0.6542398120448254,0.9750000000000001,6.734589913397871
base8,2024-03-20,300528,292,451,base8:300528:2024-03-15,2024-03-15,2024-02-05,2024-03-05,10.903202327727143,9.77402881271754,9.725158668653952,86.1212,21.09038737446196,0.5629049676025915,0.6395080844593207,0.874999999999999,12.747821350762523
base8,2024-11-07,300529,445,452,base8:300529:2024-11-01,2024-11-01,2024-09-24,2024-10-22,69.83976011639486,63.509683145031524,63.19213472930637,90.5351,27.939418094858514,0.42040126861555394,0.6892974487436875,1.0,10.455891059798695
base8,2025-05-29,300531,579,454,base8:300531:2025-05-21,2025-05-21,2025-04-15,2025-05-09,57.78140616679259,54.53164846519919,54.258990222873194,92.478,30.427764326069394,0.4021111786148237,0.563483688360983,0.7826086956521745,14.881512605042024
base8,2024-03-18,300532,290,455,base8:300532:2024-03-13,2024-03-13,2024-02-01,2024-03-01,54.64019806617591,50.48085963173052,50.228455333571866,86.8913,22.799664710813072,0.48096192384769515,0.6936018207673398,0.8285714285714298,9.313222079589224
base8,2024-03-19,300537,291,460,base8:300537:2024-03-15,2024-03-15,2024-02-05,2024-03-05,27.048558173187672,24.908847351516428,24.784303114758846,85.1565,42.75618374558303,0.44744318181818193,0.6861775448120686,0.7232704402515739,13.094215349369998
base8,2025-03-24,300537,535,460,base8:300537:2025-03-21,2025-03-21,2025-02-18,2025-03-11,33.43502329741254,30.592964648780505,30.439999825536603,74.9062,12.492836676217767,0.5945707879564383,0.6265804077820226,0.7681159420289859,10.315928777670823
base8,2024-03-18,300540,290,463,base8:300540:2024-03-14,2024-03-14,2024-02-02,2024-03-04,34.66920297246066,31.617708854623164,31.459620310350047,89.7847,25.34168564920276,0.38404452690166996,0.6220099093148735,0.794258373205742,13.480058163689247
base8,2024-05-23,300540,333,463,base8:300540:2024-05-22,2024-05-22,2024-04-16,2024-05-10,37.7358034968221,34.049840304978794,33.8795911034539,87.2342,14.19418432725481,0.5536322965487863,0.5343270322936965,0.9255319148936166,12.221917808219175
base8,2025-05-29,300541,579,464,base8:300541:2025-05-27,2025-05-27,2025-04-21,2025-05-15,48.555262298999786,44.43167314409534,44.20951477837487,84.9493,13.057851239669427,0.6105567226890755,0.507392155442394,1.0,9.780154277699848
base8,2024-03-18,300543,290,466,base8:300543:2024-03-15,2024-03-15,2024-02-05,2024-03-05,37.672412663959115,33.984530879011444,33.814608224616386,87.5127,30.155979202772976,0.5447048611111113,0.6774039028943576,0.9756097560975582,13.457586618876928
base8,2024-10-28,300558,437,479,base8:300558:2024-10-24,2024-10-24,2024-09-12,2024-10-14,48.60961965047868,43.66870090911834,43.45035740457275,75.568,12.512690355329958,0.5903523326176067,0.6550429977415794,0.8566037735849054,11.601668404588105
base8,2024-12-06,300564,466,485,base8:300564:2024-12-05,2024-12-05,2024-11-04,2024-11-25,31.876996972135174,28.666635902666584,28.52330272315325,89.0862,31.2202852614897,0.6259412650602403,0.4975885983387029,0.8951048951048953,11.41290322580647
base8,2024-05-22,300566,332,487,base8:300566:2024-05-21,2024-05-21,2024-04-15,2024-05-09,45.41774621363042,42.20790549707926,41.99686596959386,74.0301,18.080000000000005,0.6871508379888258,0.6766336030752892,0.8941176470588239,10.027956298200513
base8,2024-03-15,300577,289,497,base8:300577:2024-03-14,2024-03-14,2024-02-02,2024-03-04,44.582965677916086,40.08099325829231,39.88058829200085,91.7515,12.239347234814169,0.4333667334669338,0.4406429732571186,0.9756097560975582,11.21652954375466
base8,2024-03-20,300579,292,499,base8:300579:2024-03-18,2024-03-18,2024-02-06,2024-03-06,80.46959169872167,75.27800513751382,74.90161511182625,81.0177,27.52808988764044,0.5690749697702526,0.6829415911599795,0.7499999999999966,8.416208209902665
base8,2025-05-15,300584,569,504,base8:300584:2025-05-13,2025-05-13,2025-04-07,2025-04-28,31.78862709886999,29.867768997799093,29.718430152810097,89.7208,16.270566727605118,0.4940572119258676,0.5421071181052448,0.7777777777777776,13.177782888684453
base8,2024-11-05,300589,443,509,base8:300589:2024-11-04,2024-11-04,2024-09-25,2024-10-23,55.778120948994584,51.52453762482665,51.26691493670251,91.4976,32.57575757575757,0.43557168784029077,0.6300477320443859,0.9000000000000005,8.87446504992868
base8,2025-03-21,300591,534,511,base8:300591:2025-03-19,2025-03-19,2025-02-14,2025-03-07,6.527482296890076,6.016293924242057,5.986212454620847,79.4119,18.225419664268582,0.5844763092269323,0.679743547320932,0.8043478260869558,12.17211538461539
base8,2024-03-18,300599,290,518,base8:300599:2024-03-15,2024-03-15,2024-02-05,2024-03-05,6.726971518964634,6.121327780922802,6.090721142018188,94.4571,18.595041322314067,0.4562401883830456,0.47380679451214613,0.7931034482758614,11.171924290220826
base8,2025-05-19,300599,571,518,base8:300599:2025-05-13,2025-05-13,2025-04-07,2025-04-28,8.663764347291888,8.250672490526682,8.209419128074048,96.463,26.755852842809368,0.4323366214549945,0.5381816166142276,0.9186046511627899,12.775207591933569
base8,2024-11-08,300600,446,519,base8:300600:2024-11-05,2024-11-05,2024-09-26,2024-10-24,22.090986307867265,20.00411850550464,19.904097912977115,83.0246,19.39291736930859,0.5385944700460829,0.6650001173717943,0.729166666666667,12.497378768020983
base8,2024-03-18,300605,290,524,base8:300605:2024-03-15,2024-03-15,2024-02-05,2024-03-05,22.69066517511284,20.44544173834598,20.34321452965425,89.9946,33.00124533001245,0.507874015748032,0.6390850847144613,0.8750000000000004,11.888554216867476
base8,2024-10-25,300605,436,524,base8:300605:2024-10-22,2024-10-22,2024-09-10,2024-10-10,26.096018600556,23.342768931690003,23.226055087031554,79.7985,36.706135629709365,0.6669463087248324,0.5718443057786604,0.7538461538461533,13.957871396895772
base8,2025-03-14,300616,529,535,base8:300616:2025-03-03,2025-03-03,2025-01-21,2025-02-19,27.68175504539808,25.69312321742408,25.56465760133696,68.6349,14.89001692047378,0.687814070351759,0.6852401113110631,0.8076923076923073,8.372059871703485
base8,2024-11-11,300617,447,536,base8:300617:2024-11-01,2024-11-01,2024-09-24,2024-10-22,60.28486163582736,56.052860116990765,55.77259581640581,91.5531,23.88717496694579,0.441307357594936,0.6589379488152858,0.9749999999999999,8.257744517925513
base8,2024-03-18,300625,290,544,base8:300625:2024-03-15,2024-03-15,2024-02-05,2024-03-05,15.834882909856448,14.806806584750962,14.732772551827207,96.0574,24.71204188481675,0.47017766497461916,0.522851810077077,0.8600000000000031,9.329089506172838
base8,2024-11-05,300627,443,546,base8:300627:2024-11-01,2024-11-01,2024-09-24,2024-10-22,157.47330633466888,146.76595801549885,146.03212822542136,88.5492,23.28024398508981,0.5145929339477721,0.6888492423111455,0.9506578947368414,10.245372750642645
base8,2024-03-18,300632,290,550,base8:300632:2024-03-14,2024-03-14,2024-02-02,2024-03-04,20.890604663251214,19.63213450281439,19.53397383030032,94.4379,14.437869822485228,0.4179447852760739,0.4863444887552371,1.0,8.24433497536946
base8,2024-11-07,300632,445,550,base8:300632:2024-11-04,2024-11-04,2024-09-25,2024-10-23,26.765091992072346,24.203839169864466,24.082819974015145,81.6853,27.243243243243253,0.5889897395422253,0.697264515939466,0.8888888888888884,13.338709677419347
base8,2024-10-28,300635,437,553,base8:300635:2024-10-22,2024-10-22,2024-09-10,2024-10-10,18.234990433137224,16.388819110421736,16.306875014869625,89.3575,38.53658536585367,0.6157544378698226,0.486489670539366,0.8730158730158714,13.93675213675214
base8,2024-03-19,300637,291,555,base8:300637:2024-03-14,2024-03-14,2024-02-02,2024-03-04,16.33606194750292,14.730211197809064,14.656560141820018,89.5327,19.613670133729567,0.4258808095952026,0.6308227713383858,0.8230088495575221,16.7471846846847
base8,2024-03-18,300640,290,558,base8:300640:2024-03-15,2024-03-15,2024-02-05,2024-03-05,14.446657526818653,13.069389973551965,13.004043023684206,99.6286,19.628647214854112,0.4390404929577468,0.4182101952731402,1.0,12.471400394477328
base8,2024-10-23,300645,434,563,base8:300645:2024-10-22,2024-10-22,2024-09-10,2024-10-10,31.625353762189246,28.299440174652734,28.15794297377947,74.3028,25.32154340836015,0.6521739130434784,0.6774959630620175,0.6914893617021289,11.67022574740697
base8,2025-05-20,300656,572,573,base8:300656:2025-05-15,2025-05-15,2025-04-09,2025-04-30,69.27490636617473,63.59219920332444,63.27423820730782,73.3523,13.31403762662806,0.5997757847533631,0.6996678450750393,0.8502994011976055,11.764150943396235
base8,2025-05-23,300671,575,588,base8:300671:2025-05-13,2025-05-13,2025-04-07,2025-04-28,57.940781622478276,53.26221945853529,52.99590836124261,94.4444,27.316017316017316,0.4736842105263154,0.4490471990508371,0.7222222222222244,9.90377417342484
base8,2024-03-18,300673,290,590,base8:300673:2024-03-15,2024-03-15,2024-02-05,2024-03-05,31.373104676828735,29.124236111498533,28.97861493094104,81.8112,14.33121019108279,0.5285234899328866,0.6749124007503451,0.9111111111111089,8.120158450704217
base8,2024-03-20,300676,292,593,base8:300676:2024-03-15,2024-03-15,2024-02-05,2024-03-05,46.53011741787492,43.25451288279467,43.038240318380694,76.3947,19.385026737967912,0.6153620516258814,0.6814467155925371,0.7078651685393238,9.415615484993477
base8,2024-01-04,300677,244,594,base8:300677:2024-01-02,2024-01-02,2023-11-29,2023-12-20,139.3003472135888,130.47145196765712,129.81909470781883,76.0866,14.750121300339636,0.6868131868131854,0.48802654867641293,0.7206703910614528,9.066491511721908
base8,2024-12-12,300682,470,599,base8:300682:2024-12-04,2024-12-04,2024-11-01,2024-11-22,22.1907004371598,20.098434395941876,19.997942223962166,89.9034,16.333622936576898,0.5179687500000004,0.4349728980981885,0.7413793103448272,11.400280898876414
base8,2025-05-19,300688,571,605,base8:300688:2025-05-13,2025-05-13,2025-04-07,2025-04-28,62.022483823551156,56.56245773729631,56.279645448609834,78.3845,16.470074268239408,0.5582264957264963,0.6970481861196037,0.792134831460675,10.581497797356832
base8,2024-03-18,300689,290,606,base8:300689:2024-03-15,2024-03-15,2024-02-05,2024-03-05,26.016712501623,23.299065221014345,23.182569894909275,97.7778,33.94230769230771,0.4375670600858362,0.4886264425209706,0.8888888888888908,16.0858395989975
base8,2024-03-18,300691,290,608,base8:300691:2024-03-14,2024-03-14,2024-02-02,2024-03-04,48.496178486722506,45.05901854967906,44.83372345693066,79.6802,18.632707774798906,0.5586352279825105,0.67696090857415,0.6999999999999978,9.260326086956495
base8,2024-05-31,300698,339,615,base8:300698:2024-05-30,2024-05-30,2024-04-24,2024-05-20,35.865280441594905,33.551714459464655,33.38395588716733,81.5064,18.796484110885746,0.6239100104638998,0.5467458979833579,0.6860465116279064,7.870370370370361
base8,2024-11-11,300721,447,635,base8:300721:2024-11-01,2024-11-01,2024-09-24,2024-10-22,28.94870149395036,26.1459497582463,26.015220009455067,87.6581,35.62901744719924,0.4942173211403979,0.6325520515325437,0.7142857142857136,12.155526141628048
base8,2024-03-18,300726,290,640,base8:300726:2024-03-13,2024-03-13,2024-02-01,2024-03-01,27.480466979307995,25.522088872736617,25.394478428372935,84.2739,19.19850885368126,0.5637417218543047,0.6936698853825081,0.9610389610389619,8.32839224629418
base8,2024-11-11,300726,447,640,base8:300726:2024-11-06,2024-11-06,2024-09-27,2024-10-25,37.071152357293386,33.167803173527744,33.001964157660105,94.4137,34.48275862068966,0.4915865384615373,0.5834653241029538,0.9293478260869548,12.38816534541336
base8,2024-03-18,300732,290,645,base8:300732:2024-03-15,2024-03-15,2024-02-05,2024-03-05,35.59005774071543,32.88579283775739,32.721363873568606,86.5925,14.380165289256208,0.4239649681528663,0.6281661510321027,0.9310344827586182,10.252317880794715
base8,2024-10-28,300736,437,648,base8:300736:2024-10-24,2024-10-24,2024-09-12,2024-10-14,26.387703170870225,24.217499545602397,24.096412047874384,90.5733,15.375982042648694,0.4478043143297379,0.5833547390447367,0.9682539682539685,11.735320686540208
base8,2024-11-11,300750,447,660,base8:300750:2024-10-30,2024-10-30,2024-09-20,2024-10-18,494.57971611153954,456.31977580857136,454.0381769295285,92.5928,34.63900862068967,0.48883263583486974,0.6149959726789479,0.9171301446051157,9.055140186915889
base8,2024-03-21,300761,293,670,base8:300761:2024-03-14,2024-03-14,2024-02-02,2024-03-04,40.076203776064105,36.63003746102092,36.44688727371582,78.4199,13.534278959810875,0.6131995954146989,0.5752372072536468,0.8285714285714307,9.580211335254551
base8,2024-03-13,300762,287,671,base8:300762:2024-03-12,2024-03-12,2024-01-31,2024-02-29,56.7897912723551,51.094303484866,50.83883196744167,80.3831,22.37487733071639,0.5932395644283117,0.64593980955957,0.7103448275862069,14.338664812239221
base8,2024-03-12,300765,286,673,base8:300765:2024-03-11,2024-03-11,2024-01-30,2024-02-28,181.61935461040682,162.5997721970392,161.78677333605398,83.8428,15.690450834220805,0.6182744043043825,0.5087434946108186,0.8434343434343421,11.387537993920983
base8,2024-03-13,300768,287,676,base8:300768:2024-03-12,2024-03-12,2024-01-31,2024-02-29,19.280800094341938,17.89160547155087,17.802147444193118,83.6901,12.765957446808507,0.536770504731862,0.5120049917012036,0.7049180327868815,8.177952755905494
base8,2024-03-26,300779,296,687,base8:300779:2024-03-14,2024-03-14,2024-02-02,2024-03-04,42.660913822030416,38.240675562892065,38.049472185077605,81.5933,20.24691358024693,0.6695688225538982,0.5443187858308972,0.7839506172839485,12.154843271270321
base8,2024-03-26,300783,296,691,base8:300783:2024-03-22,2024-03-22,2024-02-20,2024-03-12,22.223427879026374,20.745287641345175,20.64156120313845,84.6103,19.587628865979354,0.5854072398190039,0.5966427303111126,0.7916666666666659,8.470869367319056
base8,2024-10-28,300783,437,691,base8:300783:2024-10-24,2024-10-24,2024-09-12,2024-10-14,26.88561974842808,24.273755378110472,24.15238660121992,86.4235,49.455205811138,0.5463150514178867,0.6899065582428924,0.9580419580419586,12.130844645550521
base8,2024-03-19,300785,291,693,base8:300785:2024-03-15,2024-03-15,2024-02-05,2024-03-05,71.78097830816307,66.04126616984173,65.71105983899253,93.0598,56.10658771280532,0.5347418313836226,0.5581655893946451,0.9199999999999987,11.934661723818362
base8,2024-05-22,300787,332,695,base8:300787:2024-05-21,2024-05-21,2024-04-15,2024-05-09,39.2667152610502,36.6643556340292,36.48103385585905,82.4004,14.358974358974375,0.6010584677419366,0.5799111405646529,0.9555555555555518,7.638360175695469
base8,2024-03-15,300790,289,698,base8:300790:2024-03-14,2024-03-14,2024-02-02,2024-03-04,34.02195725398615,31.353568449751943,31.196800607503185,97.5886,18.78121878121879,0.43003207698476303,0.5081654580889432,0.9607843137254943,9.047001620745544
base8,2024-04-01,300791,300,699,base8:300791:2024-03-25,2024-03-25,2024-02-21,2024-03-13,85.24773728008357,78.69021902776944,78.2967679326306,74.8942,14.299393552505602,0.6157094594594582,0.6816659009112489,0.8888888888888945,8.630773435364858
base8,2024-10-24,300796,435,703,base8:300796:2024-10-23,2024-10-23,2024-09-11,2024-10-11,28.76730556068673,26.690521469407205,26.55706886206017,87.2936,17.12765957446807,0.47937443336355307,0.6430731265170837,0.8659793814432982,8.82086267605633
base8,2024-03-18,300800,290,706,base8:300800:2024-03-15,2024-03-15,2024-02-05,2024-03-05,32.2908994493059,29.481652938897824,29.334244674203333,94.7258,21.689785624211865,0.49186390532544455,0.5840555147239713,0.9464285714285701,14.39414414414414
base8,2024-03-18,300804,290,710,base8:300804:2024-03-15,2024-03-15,2024-02-05,2024-03-05,25.222373433177008,22.65721308806865,22.54392702262831,93.3757,19.347942276857278,0.4958605410447757,0.5886750807118751,0.9230769230769204,14.166731517509712
base8,2025-05-27,300804,577,710,base8:300804:2025-05-26,2025-05-26,2025-04-18,2025-05-14,28.56423571544965,26.734898258181143,26.601223766890236,74.5841,16.067653276955607,0.6089228295819933,0.6484049383235801,0.6780626780626774,9.147643979057584
base8,2024-10-31,300806,440,712,base8:300806:2024-10-30,2024-10-30,2024-09-20,2024-10-18,52.24975329911016,46.94484093355377,46.710116728886,82.5511,43.24607329842933,0.5789786223277913,0.6856080783627825,0.868,17.961710274409704
base8,2024-05-27,300807,335,713,base8:300807:2024-05-22,2024-05-22,2024-04-16,2024-05-10,24.9351687388986,23.174440497335556,23.05856829484888,88.9599,39.3622869708631,0.5812688316036152,0.5725761409129783,0.9138755980861244,12.253485670023245
base8,2025-01-27,300808,501,714,base8:300808:2025-01-24,2025-01-24,2024-12-23,2025-01-14,26.77711218806089,24.91471644082327,24.790142858619152,69.2172,13.080357142857157,0.6880165289256202,0.6300218071878511,0.7899543378995432,8.655737704918042
base8,2025-03-25,300808,536,714,base8:300808:2025-03-24,2025-03-24,2025-02-19,2025-03-12,31.24686198143118,29.756945383641085,29.60816065672288,81.0781,12.368421052631561,0.6469144460028056,0.46600994403056667,0.9496855345911958,5.9296515450361635
base8,2024-03-19,300812,291,718,base8:300812:2024-03-14,2024-03-14,2024-02-02,2024-03-04,56.51919603180004,50.647071768755886,50.393836409912105,85.6364,25.185185185185198,0.5492676431424767,0.6782976648376688,0.9000000000000004,13.559962228517463
base8,2024-11-11,300814,447,720,base8:300814:2024-11-06,2024-11-06,2024-09-27,2024-10-25,34.230411674632926,30.590180227554,30.43722932641623,92.0985,27.366412213740432,0.5049253905339235,0.6124248538780853,0.903225806451612,13.728323699421974
base8,2024-05-17,300816,329,722,base8:300816:2024-05-16,2024-05-16,2024-04-10,2024-05-06,24.344190769439322,22.399895999167963,22.287896519172122,82.9162,13.117206982543639,0.5655452436194885,0.5903395845056674,0.9452054794520569,10.929178470254964
base8,2025-03-07,300816,524,722,base8:300816:2025-03-06,2025-03-06,2025-01-24,2025-02-24,34.468152399377516,31.685514285815515,31.52708671438644,94.7936,40.711625982623055,0.43546247156937123,0.5442084668559738,0.850202429149794,12.576738946775546
base8,2024-03-14,300818,288,724,base8:300818:2024-03-13,2024-03-13,2024-02-01,2024-03-01,47.32065970360044,43.87498059896934,43.655605695974494,84.7953,19.014937424303604,0.4432240099009901,0.6783993513336299,0.7350157728706614,11.825703680791822
base8,2024-03-15,300821,289,727,base8:300821:2024-03-13,2024-03-13,2024-02-01,2024-03-01,8.58811054057749,7.972359218800236,7.932497422706234,81.0665,15.712187958884005,0.5269258202567767,0.6656647374952822,0.7761194029850736,8.554171855541714
base8,2024-11-11,300821,447,727,base8:300821:2024-11-06,2024-11-06,2024-09-27,2024-10-25,9.527941505395404,8.80416363593793,8.760142817758242,91.4651,21.95804195804194,0.509946555819477,0.656773127813306,1.0,9.696547884187067
base8,2024-05-22,300822,332,728,base8:300822:2024-05-21,2024-05-21,2024-04-15,2024-05-09,26.5318310849884,24.61668130596635,24.493597899436516,88.3428,22.05240174672487,0.5437284234752585,0.5525211231629272,0.7014925373134332,9.825451418744645
base8,2024-03-18,300843,290,748,base8:300843:2024-03-15,2024-03-15,2024-02-05,2024-03-05,17.33123303229467,15.732672133810983,15.654008773141928,98.5104,25.626959247648905,0.45916307857911765,0.529792296451309,1.0,12.832394366197175
base8,2024-03-14,300848,288,753,base8:300848:2024-03-12,2024-03-12,2024-01-31,2024-02-29,71.9842023548264,66.88152471954756,66.54711709594982,75.9741,14.776119402985088,0.5618852459016399,0.661864165393635,0.6811594202898551,17.47683615819209
base8,2024-04-01,300856,300,761,base8:300856:2024-03-21,2024-03-21,2024-02-19,2024-03-11,124.3207413972837,116.5084874008371,115.9259449638329,79.5328,26.112999838109108,0.6888085473775095,0.6185161384305597,0.9337606837606838,8.746586927630794
base8,2024-03-18,300864,290,769,base8:300864:2024-03-14,2024-03-14,2024-02-02,2024-03-04,65.8714223802096,61.080773479830725,60.77536961243157,83.9523,12.152991980259099,0.46976902173912977,0.5973464714260447,0.8333333333333267,9.614503816793885
base8,2024-03-18,300867,290,772,base8:300867:2024-03-15,2024-03-15,2024-02-05,2024-03-05,12.76976395229068,11.793731038739798,11.7347623835461,88.5733,18.062563067608473,0.45821114369501453,0.6743998527568648,0.9615384615384582,8.758893280632407
base8,2024-10-28,300867,437,772,base8:300867:2024-10-25,2024-10-25,2024-09-13,2024-10-15,14.316366454656851,13.38646684910812,13.319534514862578,82.7627,18.666666666666654,0.5309734513274341,0.6919586394867395,0.7931034482758627,7.948446327683623
base8,2024-11-11,300869,447,774,base8:300869:2024-11-04,2024-11-04,2024-09-25,2024-10-23,17.637198914053215,15.993141434159169,15.913175726988372,94.0022,21.57612853863813,0.5041328758577666,0.61416953800747,1.0,10.98282887077997
base8,2024-05-08,300871,322,776,base8:300871:2024-05-07,2024-05-07,2024-03-28,2024-04-22,23.740001257121538,21.625951013248574,21.51782125818233,86.0091,14.677419354838705,0.561175991309071,0.4700537301052839,0.7807017543859655,11.916987179487194
base8,2024-05-20,300872,330,777,base8:300872:2024-05-16,2024-05-16,2024-04-10,2024-05-06,24.276523819714022,22.841010809416563,22.72680575536948,90.2647,19.103139013452886,0.47653008298755156,0.6767685905395796,1.0,7.010037174721195
base8,2024-03-18,300873,290,778,base8:300873:2024-03-12,2024-03-12,2024-01-31,2024-02-29,31.839606018819143,29.38152244534554,29.234614833118812,91.0154,14.19753086419755,0.4929917834702757,0.5171902473890038,0.8838709677419355,10.36444107233182
base8,2024-10-28,300881,437,785,base8:300881:2024-10-23,2024-10-23,2024-09-11,2024-10-11,39.42111342299513,36.05227551459896,35.872014137025964,85.2132,42.926186291739896,0.512099522835719,0.6672317899112881,0.7210884353741503,17.249341412012654
base8,2024-11-11,300882,447,786,base8:300882:2024-11-04,2024-11-04,2024-09-25,2024-10-23,30.409973291105924,27.492903752836835,27.35543923407265,86.3255,20.839813374805605,0.5607028753993603,0.6885060986827581,1.0,10.660647571606452
base8,2024-03-18,300886,290,790,base8:300886:2024-03-15,2024-03-15,2024-02-05,2024-03-05,22.755197217830002,20.5792970230375,20.476400537922313,96.7187,20.74752097635395,0.4142754662840748,0.47770395624518114,0.8359374999999991,14.915577342047925
base8,2024-03-20,300888,292,792,base8:300888:2024-03-12,2024-03-12,2024-01-31,2024-02-29,54.329498457083304,51.64637725088083,51.388145364626425,87.3458,15.47426351570087,0.39770783441669466,0.5888841034422794,0.8157894736842091,7.236285790741226
base8,2024-03-20,300905,292,809,base8:300905:2024-03-18,2024-03-18,2024-02-06,2024-03-06,30.87121437729522,27.58838585455626,27.45044392528348,85.6083,24.90458015267174,0.5141810668670171,0.6572120121339925,0.7230769230769222,12.453355704697987
base8,2024-11-07,300915,445,818,base8:300915:2024-10-25,2024-10-25,2024-09-13,2024-10-15,52.16449756170931,47.023285061637,46.78816863632881,88.3299,23.224261771747813,0.49714153275649,0.692377331723889,0.8974358974358982,14.714285714285724
base8,2024-03-19,300921,291,824,base8:300921:2024-03-14,2024-03-14,2024-02-02,2024-03-04,39.7118051356194,35.916373665501354,35.736791797173844,89.1369,25.168815224063845,0.5041075429424943,0.677468446428074,0.914893617021273,10.973684210526313
base8,2024-11-11,300922,447,825,base8:300922:2024-11-04,2024-11-04,2024-09-25,2024-10-23,24.240613470519463,21.692801243888294,21.58433723766885,98.3871,40.066777963272116,0.43788923487544457,0.49797171222848813,0.9193548387096769,12.688457008244992
base8,2024-03-18,300926,290,828,base8:300926:2024-03-15,2024-03-15,2024-02-05,2024-03-05,51.860229585867756,47.67501807542929,47.436642985052146,93.7935,40.24831867563374,0.44442336874051597,0.6065480678032052,0.9560439560439573,10.630785053136815
base8,2024-11-01,300930,441,832,base8:300930:2024-10-31,2024-10-31,2024-09-23,2024-10-21,25.42735512779406,22.965002210256582,22.850177199205298,86.6973,27.895855472901165,0.48618352450469243,0.6973678598570032,0.8282828282828276,14.93503787878787
base8,2024-03-18,300942,290,843,base8:300942:2024-03-15,2024-03-15,2024-02-05,2024-03-05,8.40982419067606,7.52724915498388,7.489612909208961,91.2226,13.803230543318644,0.4576133909287258,0.4879016423529798,0.8709677419354821,12.317102137767233
base8,2024-07-26,300946,378,846,base8:300946:2024-07-25,2024-07-25,2024-06-24,2024-07-15,48.676684751499,43.5401355415313,43.322434863823645,86.4754,12.365339578454314,0.5472080136402392,0.5079569984340979,0.8906249999999992,11.672589792060483
base8,2024-11-11,300946,447,846,base8:300946:2024-11-01,2024-11-01,2024-09-24,2024-10-22,54.6662349133025,49.436968208570036,49.189783367527184,91.6969,27.200000000000003,0.5019889311656863,0.6554347724344073,0.980392156862746,11.900697442710051
base8,2025-02-12,300947,507,847,base8:300947:2025-02-11,2025-02-11,2024-12-31,2025-01-22,55.54170245677871,49.62189717925371,49.373787693357436,89.4115,14.051669817265289,0.5413027656477432,0.530724575385056,0.9893617021276592,13.850632911392413
base8,2024-03-18,300951,290,851,base8:300951:2024-03-14,2024-03-14,2024-02-02,2024-03-04,73.97543447293583,67.02279609608739,66.68768211560695,91.3812,23.86301369863013,0.4792490118577075,0.6543762700529028,0.9549999999999987,10.545775401069513
base8,2024-03-20,300952,292,852,base8:300952:2024-03-15,2024-03-15,2024-02-05,2024-03-05,18.402623081815552,16.632943374670425,16.549778657797074,84.0434,22.11466865227103,0.5446376388077135,0.629612478315839,0.6824324324324325,13.390256959314762
base8,2024-03-18,300955,290,854,base8:300955:2024-03-15,2024-03-15,2024-02-05,2024-03-05,16.188461621944878,14.594616944880809,14.521643860156404,93.702,15.109666937449218,0.43371522094926346,0.5096923154992473,0.9538461538461531,14.321143208358944
base8,2024-03-18,300959,290,858,base8:300959:2024-03-15,2024-03-15,2024-02-05,2024-03-05,29.338641068393784,27.322696774541818,27.18608329066911,87.9644,28.24644549763031,0.5568507890961262,0.6611204048586096,1.0,9.236419542193374
base8,2024-03-18,300962,290,861,base8:300962:2024-03-15,2024-03-15,2024-02-05,2024-03-05,13.986941253083906,13.154385226114625,13.088613299984052,91.0952,14.13237924865831,0.42491007194244623,0.5372146018436335,0.9411764705882341,7.591476855253488
base8,2024-11-06,300967,444,866,base8:300967:2024-11-04,2024-11-04,2024-09-25,2024-10-23,13.41267199048788,12.244143748892347,12.182923030147885,82.9843,35.60767590618337,0.5400874635568514,0.6791059612014433,0.7372881355932226,10.457430918595968
base8,2024-11-11,300971,447,870,base8:300971:2024-11-01,2024-11-01,2024-09-24,2024-10-22,23.250081224766657,21.068409958435424,20.963067908643247,88.392,24.98560736902704,0.5270903411821234,0.6886789558301935,0.98611111111111,11.912976085031001
base8,2024-05-22,300976,332,874,base8:300976:2024-05-21,2024-05-21,2024-04-15,2024-05-09,79.1076883488865,74.39216090796575,74.02020010342592,83.0701,19.451659451659452,0.6364107883817448,0.633971611021185,0.993288590604025,8.28978733348913
base8,2024-12-03,300992,463,890,base8:300992:2024-11-28,2024-11-28,2024-10-28,2024-11-18,22.36136150177033,20.610901981496,20.50784747158852,88.6209,15.173572228443444,0.5890015157256536,0.2982047905238471,0.9838709677419362,10.436809544851966
base8,2024-03-20,300996,292,894,base8:300996:2024-03-13,2024-03-13,2024-02-01,2024-03-01,39.03164840539056,35.49167558181568,35.3142172039066,90.5597,14.66666666666665,0.46660174152154,0.5492619366400877,0.9178082191780833,11.657274295572172
base8,2024-11-04,300997,442,895,base8:300997:2024-10-24,2024-10-24,2024-09-12,2024-10-14,13.40498594141289,12.061313317451221,12.001006750863965,88.6776,19.3069306930693,0.4717655468191565,0.6677596687040586,0.887931034482759,11.72762645914396
base8,2024-11-07,300999,445,897,base8:300999:2024-10-24,2024-10-24,2024-09-12,2024-10-14,34.792347880669205,32.09972269686089,31.939224083376583,93.1944,33.51691581431942,0.49618454214505897,0.6361114826528036,1.0,16.170328215987297
base8,2024-03-18,301002,290,900,base8:301002:2024-03-15,2024-03-15,2024-02-05,2024-03-05,20.330105722973666,18.263098318363635,18.171782826771818,85.4025,16.296928327645045,0.5661525974025968,0.6252747155027198,1.0,12.661111111111111
base8,2024-04-01,301003,300,901,base8:301003:2024-03-18,2024-03-18,2024-02-06,2024-03-06,40.39765602940334,36.76438509532522,36.58056316984859,78.6874,31.565495207667738,0.6175085616438332,0.6224365876142396,0.6517412935323362,10.916338151554971
base8,2024-05-22,301008,332,906,base8:301008:2024-05-15,2024-05-15,2024-04-09,2024-04-30,35.286400333255735,32.229318298070126,32.068171706579776,86.864,16.392733564013827,0.4449233716475103,0.667385611907387,0.9420289855072462,12.614502529510963
base8,2024-10-28,301009,437,907,base8:301009:2024-10-24,2024-10-24,2024-09-12,2024-10-14,9.571173639639907,8.697372224556009,8.65388536343323,84.5731,22.451790633608827,0.5353802992518704,0.6390045991164455,0.6999999999999978,10.721174004192868
base8,2025-05-15,301009,569,907,base8:301009:2025-05-13,2025-05-13,2025-04-07,2025-04-28,12.598997147721322,11.521986101222563,11.46437617071645,84.7111,25.29989094874592,0.43165467625899306,0.6954339534561463,0.7241379310344821,10.021531100478454
base8,2025-05-20,301011,572,909,base8:301011:2025-05-13,2025-05-13,2025-04-07,2025-04-28,47.85185244455906,42.990821324470566,42.775867217848216,91.5656,20.370370370370374,0.49327859978347205,0.5490527026743609,0.7009132420091326,18.074281941234727
base8,2024-03-13,301015,287,912,base8:301015:2024-03-12,2024-03-12,2024-01-31,2024-02-29,37.610904381777935,35.09785551273893,34.92236623517524,88.3266,17.421361908053925,0.5743517017828185,0.5046330125362061,0.8170731707317044,9.271349862258937
base8,2024-03-18,301028,290,925,base8:301028:2024-03-15,2024-03-15,2024-02-05,2024-03-05,9.354148465584846,8.517088200208127,8.474502759207086,83.4865,22.03898050974513,0.5651913875598088,0.6932872386702789,0.8857142857142842,11.8683351468988
base8,2024-04-02,301036,301,931,base8:301036:2024-03-22,2024-03-22,2024-02-20,2024-03-12,19.801799048778385,17.748279147423595,17.65953775168648,85.2526,21.280991735537192,0.5474160895045282,0.692949430631359,0.9109589041095905,14.65670886075947
base8,2024-05-27,301036,335,931,base8:301036:2024-05-24,2024-05-24,2024-04-18,2024-05-14,23.573570296164746,21.080010415948212,20.97461036386847,89.6573,35.03465658475109,0.45603015075376846,0.6986244431830854,0.9794238683127588,12.118525021949067
base8,2024-08-13,301040,390,935,base8:301040:2024-08-09,2024-08-09,2024-07-09,2024-07-30,10.743588991492604,9.88611944757066,9.836688850332807,82.395,13.043478260869579,0.5286430834213295,0.6309642151272644,0.8952380952380957,12.625448028673835
base8,2024-03-15,301042,289,937,base8:301042:2024-03-14,2024-03-14,2024-02-02,2024-03-04,37.067721840038224,34.12915838062902,33.958512588725874,84.4419,28.222049689440997,0.4760649514972584,0.6875444849079552,0.6909547738693459,12.592209631728036
base8,2024-03-18,301047,290,941,base8:301047:2024-03-13,2024-03-13,2024-02-01,2024-03-01,148.7078810553066,141.2475527501846,140.5413149864337,77.2069,12.922403003754713,0.5368795728692906,0.6976259039890049,0.8373702422145336,7.69559806105069
base8,2024-03-18,301053,290,947,base8:301053:2024-03-15,2024-03-15,2024-02-05,2024-03-05,20.94830787973708,19.02635147717868,18.931219719792786,89.2863,18.765743073047858,0.5232352941176469,0.6422455284188847,0.9629629629629625,12.680816135084427
base8,2024-03-18,301055,290,948,base8:301055:2024-03-15,2024-03-15,2024-02-05,2024-03-05,11.57732774705155,10.51442276937445,10.461850655527577,97.0792,17.66743648960738,0.3873374139250187,0.3744866785392087,0.9705882352941164,11.467813051146381
base8,2024-05-29,301059,337,952,base8:301059:2024-05-22,2024-05-22,2024-04-16,2024-05-10,19.68070953140447,18.5299049106385,18.437255386085308,89.7243,35.1278600269179,0.5357142857142867,0.6555138758466365,1.0,7.237487733071624
base8,2024-03-18,301060,290,953,base8:301060:2024-03-15,2024-03-15,2024-02-05,2024-03-05,11.0847791637072,9.9044554564606,9.854933179178296,79.2327,28.1725888324873,0.6173012318029106,0.6777910566012346,0.816666666666666,12.472652689152241
base8,2024-04-11,301062,306,955,base8:301062:2024-04-09,2024-04-09,2024-03-05,2024-03-26,10.358834487700014,9.601609744447089,9.553601695724852,79.2835,22.783251231527114,0.6270000000000007,0.693862606607176,0.8933333333333339,9.102305475504336
base8,2024-03-20,301070,292,962,base8:301070:2024-03-15,2024-03-15,2024-02-05,2024-03-05,33.073350383633276,29.55014249178072,29.402391779321814,85.1809,30.892857142857146,0.5514206474983019,0.66724954623932,0.8571428571428549,13.806268656716414
base8,2024-10-29,301072,438,964,base8:301072:2024-10-28,2024-10-28,2024-09-18,2024-10-16,22.47730413280897,20.086956329588,19.986521547940058,84.6878,26.355611601513253,0.46056547619047655,0.680205443338313,0.6849015317286654,18.9409368635438
base8,2024-12-03,301077,463,968,base8:301077:2024-11-22,2024-11-22,2024-10-22,2024-11-12,57.761623575576586,51.94744543788789,51.68770821069845,99.2378,21.452460582895384,0.510888096714197,0.33791499060816554,1.0,12.11463878326996
base8,2024-11-07,301079,445,970,base8:301079:2024-11-05,2024-11-05,2024-09-26,2024-10-24,22.840289352646053,20.76747733787404,20.66363995118467,83.915,18.086592178770957,0.5583003952569165,0.587525234304329,0.7142857142857161,11.412542182227225
base8,2024-10-28,301081,437,972,base8:301081:2024-10-22,2024-10-22,2024-09-10,2024-10-10,11.01884414832986,10.216756447795106,10.16567266555613,78.412,21.68141592920354,0.6569343065693426,0.6966666519117894,0.9615384615384656,10.415411355735838
base8,2024-03-18,301087,290,977,base8:301087:2024-03-15,2024-03-15,2024-02-05,2024-03-05,46.71060578436389,43.436047853088894,43.21886761382345,91.1847,22.92134831460675,0.5093658434491423,0.6482675006342578,0.9626865671641757,9.735201149425288
base8,2024-10-25,301090,436,980,base8:301090:2024-10-22,2024-10-22,2024-09-10,2024-10-10,7.90372035759497,7.130640888898423,7.094987684453931,93.1717,24.838709677419367,0.5491214057507986,0.3897070460270185,0.8305084745762693,10.69206145966709
base8,2024-03-18,301098,290,987,base8:301098:2024-03-15,2024-03-15,2024-02-05,2024-03-05,13.10547908530589,11.757054069592336,11.698268799244374,91.2436,14.662756598240456,0.40615141955836026,0.5052244392868191,0.842105263157895,14.113459399332584
base8,2024-11-07,301107,445,995,base8:301107:2024-11-01,2024-11-01,2024-09-24,2024-10-22,29.58724885354228,26.564338893698217,26.431517199229727,90.2724,29.976798143851504,0.48442249240121577,0.6465523399796799,0.8800000000000017,11.746629796059448
base8,2024-03-18,301110,290,998,base8:301110:2024-03-14,2024-03-14,2024-02-02,2024-03-04,37.1633105632272,33.50840646651312,33.34086443418056,90.7371,17.57534710463935,0.46026894865525625,0.5928930926761541,0.8903225806451638,11.982837837837835
base8,2024-10-31,301119,440,1005,base8:301119:2024-10-30,2024-10-30,2024-09-20,2024-10-18,28.9433223987952,26.33842338290363,26.206731265989113,79.3509,19.455943228858665,0.6051257712387279,0.6935486049577488,0.8465608465608458,10.633019291161949
base8,2025-05-29,301129,579,1014,base8:301129:2025-05-23,2025-05-23,2025-04-17,2025-05-13,43.81575920670189,39.83081553044426,39.63166145279204,73.0786,17.221341785525635,0.6377180232558146,0.6721541154343359,0.7052631578947376,11.09837092731829
base8,2024-11-11,301130,447,1015,base8:301130:2024-11-05,2024-11-05,2024-09-26,2024-10-24,27.45171908031518,25.47340054332367,25.346033540607053,82.9147,12.60683760683763,0.4061850311850309,0.6574795385070507,0.9090909090909085,9.51911175828174
base8,2024-03-18,301132,290,1017,base8:301132:2024-03-14,2024-03-14,2024-02-02,2024-03-04,24.277161096507726,21.958783327074755,21.84898941043938,86.4051,24.973089343380007,0.45487160120845943,0.6948610837309602,0.807407407407406,12.234444896299301
base8,2024-05-27,301157,335,1032,base8:301157:2024-05-21,2024-05-21,2024-04-15,2024-05-09,36.01519216277362,33.32509419743825,33.158468726451055,82.7862,18.106312292358794,0.6215647543799375,0.6338854348170442,0.9941860465116286,14.152806652806637
base8,2024-03-15,301160,289,1035,base8:301160:2024-03-13,2024-03-13,2024-02-01,2024-03-01,38.3740492170028,34.98261297539201,34.80769991051505,81.4753,13.913043478260857,0.5376440922190202,0.6136502782931355,0.7939914163090126,9.926596886741812
base8,2024-11-13,301161,449,1036,base8:301161:2024-11-11,2024-11-11,2024-10-09,2024-10-30,21.22216878811981,19.522776816525848,19.425162932443218,96.2288,17.748659916617026,0.484154929577466,0.5303979211213375,1.0,8.988151658767796
base8,2024-03-18,301167,290,1041,base8:301167:2024-03-15,2024-03-15,2024-02-05,2024-03-05,17.972991712008266,16.7207167550354,16.637113171260225,96.783,18.956870611835484,0.3858218318695108,0.4932230312825989,0.8913043478260859,10.617354740061158
base8,2024-05-24,301170,334,1044,base8:301170:2024-05-22,2024-05-22,2024-04-16,2024-05-10,24.23,23.23,23.11385,82.1663,18.73479318734792,0.6016483516483521,0.6791451437307452,0.975206611570247,6.0030500203334665
base8,2024-11-05,301175,443,1048,base8:301175:2024-10-31,2024-10-31,2024-09-23,2024-10-21,5.897809719861531,5.558145285733381,5.530354559304714,90.4504,29.411764705882337,0.3947368421052632,0.6303866594662219,0.8484848484848501,8.46678023850085
base8,2024-03-18,301178,290,1051,base8:301178:2024-03-15,2024-03-15,2024-02-05,2024-03-05,33.47258172142601,30.074350074580725,29.92397832420782,95.1629,26.420620972466313,0.47500000000000003,0.5676505298401525,0.9272727272727311,12.886232481450953
base8,2025-03-19,301181,532,1054,base8:301181:2025-03-17,2025-03-17,2025-02-12,2025-03-05,36.54379739118556,34.0110589581331,33.841003663342434,84.7096,19.379844961240323,0.5778240499739714,0.6726865512519302,0.9705882352941191,10.100554528650607
base8,2024-03-18,301182,290,1055,base8:301182:2024-03-15,2024-03-15,2024-02-05,2024-03-05,16.978455021680592,15.34062922270481,15.263926076591288,99.1376,28.583333333333314,0.48500722543352626,0.5051266115330801,0.9696969696969672,14.98810198300282
base8,2024-10-28,301193,437,1065,base8:301193:2024-10-23,2024-10-23,2024-09-11,2024-10-11,26.97640831557424,24.83803448568116,24.713844313252753,75.9762,14.338235294117663,0.5583220796758949,0.6932827503911922,0.7692307692307709,9.107683000604972
base8,2024-11-11,301195,447,1066,base8:301195:2024-11-04,2024-11-04,2024-09-25,2024-10-23,53.22099497536606,47.937629826428704,47.69794167729656,89.774,26.996197718631176,0.5115094070695554,0.6860249028670261,0.994047619047614,13.231961668545644
base8,2024-03-18,301196,290,1067,base8:301196:2024-03-15,2024-03-15,2024-02-05,2024-03-05,31.05614298053297,29.645443098985716,29.49721588349079,97.1014,20.891130727196305,0.4017857142857142,0.4771742514659333,0.8550724637681189,6.364504445176166
base8,2024-11-11,301201,447,1072,base8:301201:2024-11-04,2024-11-04,2024-09-25,2024-10-23,37.2897514138821,33.78051359393014,33.611611025960485,82.9179,20.044918585064565,0.5580577492596246,0.6651221885813149,0.7619047619047602,12.741592166879535
base8,2024-05-29,301226,337,1094,base8:301226:2024-05-27,2024-05-27,2024-04-19,2024-05-15,28.386307305100352,26.560287536936,26.42748609925132,83.7937,13.453815261044188,0.5724489795918376,0.5738627734527182,0.9552238805970112,8.976558033161798
base8,2024-11-04,301234,442,1102,base8:301234:2024-11-01,2024-11-01,2024-09-24,2024-10-22,28.360563619983175,26.64834517969879,26.515103453800297,87.6224,22.883720930232563,0.40343533487297967,0.666276530813418,0.7968127490039837,10.282303370786517
base8,2024-03-18,301235,290,1103,base8:301235:2024-03-14,2024-03-14,2024-02-02,2024-03-04,20.793170169044625,18.6192472472084,18.526151010972356,88.7931,13.444893248701684,0.456645146927871,0.5543256342367762,0.9032258064516141,13.983644859813094
base8,2024-10-28,301237,437,1105,base8:301237:2024-10-24,2024-10-24,2024-09-12,2024-10-14,26.45205281736654,24.15325607673036,24.03248979634671,85.3173,26.49391856160761,0.48185483870967777,0.654522635395929,0.6521739130434769,9.976190476190471
base8,2024-11-11,301252,447,1111,base8:301252:2024-11-04,2024-11-04,2024-09-25,2024-10-23,43.184384858043,38.6075782577034,38.41454036641488,86.9085,21.53316106804479,0.5495802728226645,0.6773801476414525,0.9624060150375947,12.569724462365595
base8,2024-03-20,301258,292,1115,base8:301258:2024-03-15,2024-03-15,2024-02-05,2024-03-05,27.55521937401699,25.393824843192608,25.266855718976643,91.5527,21.432003844305637,0.4959562321598481,0.6571809369951535,0.970588235294118,9.115512159174655
base8,2024-03-20,301262,292,1119,base8:301262:2024-03-15,2024-03-15,2024-02-05,2024-03-05,31.19128634010259,28.24481083233685,28.103586778175163,87.7923,40.23809523809525,0.4679439941046425,0.6218673045218786,0.6942857142857151,13.785601014906446
base8,2024-11-07,301265,445,1121,base8:301265:2024-10-31,2024-10-31,2024-09-23,2024-10-21,10.00820512820496,9.428461538461379,9.381319230769073,89.7626,24.805194805194787,0.45481569560047586,0.6590340875958842,0.8857142857142833,7.855644355644342
base8,2024-09-25,301270,419,1126,base8:301270:2024-09-13,2024-09-13,2024-08-13,2024-09-03,27.41495581727532,24.929196763694012,24.80455077987554,74.6919,15.486523526724527,0.6963796253997266,0.6409612756385845,1.0,11.178937728937733
base8,2025-05-19,301281,571,1135,base8:301281:2025-05-13,2025-05-13,2025-04-07,2025-04-28,45.103779074124304,42.48595745326647,42.27352766600014,87.1065,16.445830085736546,0.4482848232848224,0.5575838563770891,0.6769911504424774,9.406805640711212
base8,2024-03-26,301289,296,1142,base8:301289:2024-03-18,2024-03-18,2024-02-06,2024-03-06,63.021304535634805,58.17250107991145,57.88163857451189,85.1877,29.186206896551713,0.49949849548645875,0.6659084466093751,0.6741573033707882,11.566653282473405
base8,2024-03-18,301290,290,1143,base8:301290:2024-03-14,2024-03-14,2024-02-02,2024-03-04,23.31547445255508,21.5094890510952,21.401941605839724,80.3934,13.934426229508201,0.4948434393638164,0.6574866095174479,0.7166666666666658,9.700342465753419
base8,2024-03-18,301299,290,1151,base8:301299:2024-03-14,2024-03-14,2024-02-02,2024-03-04,48.9029747522016,44.62396446138396,44.40084463907704,91.8551,20.72792978833249,0.3834549790432146,0.6014640090501108,0.8464163822525579,10.474527526705014
base8,2024-03-19,301301,291,1153,base8:301301:2024-03-12,2024-03-12,2024-01-31,2024-02-29,9.764001254311324,9.289432423956999,9.242985261837214,79.5852,15.855181023720345,0.5068277310924362,0.6825073316546707,0.6666666666666764,5.823045267489723
base8,2024-11-11,301314,447,1165,base8:301314:2024-11-04,2024-11-04,2024-09-25,2024-10-23,50.95228091032708,45.6008831521748,45.37287873641393,92.5682,26.905080213903744,0.45196467195385787,0.5707978799971211,0.8054054054054056,12.425575977219783
base8,2025-05-20,301319,572,1170,base8:301319:2025-05-13,2025-05-13,2025-04-07,2025-04-28,56.68023062394786,51.429819511692145,51.172670414133684,84.4162,12.969058591178428,0.4345469497607651,0.5891668806436428,0.7952755905511829,14.574261177064917
base8,2024-03-18,301321,290,1172,base8:301321:2024-03-14,2024-03-14,2024-02-02,2024-03-04,21.889051094890554,20.16216401889227,20.061353198797807,84.8633,17.21581548599669,0.48162358642972536,0.6821848558726517,0.8378378378378347,10.87853297442799
base8,2024-05-23,301326,333,1176,base8:301326:2024-05-22,2024-05-22,2024-04-16,2024-05-10,28.510937972769163,26.142617246596643,26.01190416036366,83.6109,22.799999999999997,0.6276270538784866,0.5582383943133962,0.7728337236533954,16.717919637070644
base8,2024-04-01,301336,300,1185,base8:301336:2024-03-21,2024-03-21,2024-02-19,2024-03-11,35.586829436037256,31.895374828059392,31.735897953919096,81.3406,16.54411764705881,0.5832141580264567,0.6643821438940203,0.9420289855072451,13.081404958677679
base8,2024-03-19,301339,291,1188,base8:301339:2024-03-13,2024-03-13,2024-02-01,2024-03-01,17.29659853017994,15.967639853821527,15.887801654552419,85.0237,13.122476446837151,0.4148590021691973,0.535182378394032,0.6830188679245291,16.76845991561182
base8,2024-05-13,301345,325,1189,base8:301345:2024-05-10,2024-05-10,2024-04-02,2024-04-25,77.49149474984631,70.9247683755411,70.5701445336634,74.0289,13.818531580634819,0.6587226827430298,0.6316287295122772,0.8951175406871607,11.326424870466345
base8,2024-03-19,301348,291,1190,base8:301348:2024-03-15,2024-03-15,2024-02-05,2024-03-05,36.73,34.34,34.1683,85.4833,32.676579925650564,0.48274818401936986,0.6862241694769319,0.7397260273972622,7.902156334231803
base8,2024-11-06,301362,444,1200,base8:301362:2024-11-04,2024-11-04,2024-09-25,2024-10-23,45.0666945511667,41.3916824571993,41.1847240449133,79.0025,34.49920508744037,0.6156921386718747,0.6872629328730896,0.823204419889504,10.221926371845335
base8,2024-05-22,301367,332,1204,base8:301367:2024-05-21,2024-05-21,2024-04-15,2024-05-09,90.18972763581797,85.71709253644852,85.28850707376627,79.5116,12.871037008968035,0.6359036985345432,0.4675301204819277,0.8076923076923112,5.929287305122499
base8,2024-11-07,301371,445,1208,base8:301371:2024-11-05,2024-11-05,2024-09-26,2024-10-24,38.01716621253243,35.225119588251594,35.048993990310336,87.5041,17.829457364341074,0.47200694815606703,0.6940066339213513,0.9687499999999989,8.99130551096844
base8,2025-02-17,301377,510,1212,base8:301377:2025-02-14,2025-02-14,2025-01-06,2025-01-27,24.265389364153652,22.01290596326175,21.90284143344544,83.303,13.195876288659814,0.4761650277896535,0.6978578595809981,1.0,11.197592361975929
base8,2024-05-23,301379,333,1214,base8:301379:2024-05-21,2024-05-21,2024-04-15,2024-05-09,26.30072088724641,24.246136783734347,24.124906099815675,87.1055,17.027281279397922,0.5094922232387923,0.6851458980438159,1.0,10.60075757575758
base8,2024-03-19,301383,291,1218,base8:301383:2024-03-15,2024-03-15,2024-02-05,2024-03-05,44.55,40.4,40.198,92.4164,22.51277427111511,0.37972982657302584,0.5628986458284676,0.7780678851174934,10.948161276030133
base8,2024-03-18,301395,290,1227,base8:301395:2024-03-15,2024-03-15,2024-02-05,2024-03-05,15.46,14.52,14.4474,85.0018,21.02272727272727,0.5728322528363046,0.616517829995314,0.7962962962962971,8.734049273531275
base8,2024-03-15,301397,289,1229,base8:301397:2024-03-14,2024-03-14,2024-02-02,2024-03-04,36.63,33.53,33.36235,91.7706,21.77747625508819,0.45455966975231443,0.5960164363752678,0.8285714285714281,10.026024811218981
base8,2024-03-19,301419,291,1235,base8:301419:2024-03-15,2024-03-15,2024-02-05,2024-03-05,32.931606905710495,29.760039840637457,29.61123964143427,88.9496,51.71580473658772,0.49397886458589374,0.6576882621060423,0.84169884169884,13.973653223432425
base8,2024-05-23,301419,333,1235,base8:301419:2024-05-22,2024-05-22,2024-04-16,2024-05-10,27.08498007968128,25.960239043824707,25.830437848605584,79.8997,12.584175084175087,0.5686220254565569,0.5303458921811045,0.6818181818181819,11.455713789510236
base8,2024-03-18,301429,290,1238,base8:301429:2024-03-15,2024-03-15,2024-02-05,2024-03-05,15.100550008461052,13.736042477576019,13.667362265188139,83.1649,12.540983606557376,0.494266055045872,0.6875212124640399,1.0,12.704648160103293
base8,2024-03-13,301459,287,1244,base8:301459:2024-03-12,2024-03-12,2024-01-31,2024-02-29,40.88,38.0,37.81,81.9732,16.3793103448276,0.47156852581380937,0.6853294529144032,0.7430167597765397,8.538945331398162
base8,2024-03-18,301499,290,1253,base8:301499:2024-03-15,2024-03-15,2024-02-05,2024-03-05,24.98,23.04,22.924799999999998,83.7106,36.02305475504322,0.4892625607779581,0.699336966301325,0.6838709677419359,12.13185128401687
base8,2024-11-08,301503,446,1257,base8:301503:2024-11-01,2024-11-01,2024-09-24,2024-10-22,35.09871099905405,31.638704695870985,31.48051117239163,81.0073,26.13678373382622,0.5367057371992588,0.6989213706335436,0.6761363636363626,11.03091745757837
base8,2024-11-07,301507,445,1259,base8:301507:2024-11-01,2024-11-01,2024-09-24,2024-10-22,14.278891687657081,12.998228379512696,12.933237237615133,90.7644,20.969162995594726,0.4767441860465113,0.6701670581114026,0.9636363636363666,10.05925666199159
base8,2025-02-19,301511,512,1263,base8:301511:2025-02-18,2025-02-18,2025-01-08,2025-02-06,20.85816426035501,18.710587455621287,18.617034518343182,85.3262,14.539306846999178,0.5110714285714284,0.6484224075845348,0.9491525423728813,11.577666666666664
base8,2024-03-15,301512,289,1264,base8:301512:2024-03-14,2024-03-14,2024-02-02,2024-03-04,56.49,51.5,51.2425,90.4245,37.53623188405797,0.5059316726969104,0.6759335779919319,0.9818181818181816,11.498272884283246
base8,2024-10-25,301520,436,1270,base8:301520:2024-10-22,2024-10-22,2024-09-10,2024-10-10,44.41548736462298,40.25912003610294,40.05782443592243,90.0074,20.574162679425847,0.5951220763233488,0.5630450119190072,0.9909090909090951,11.40471930216953
base8,2024-11-07,301526,445,1273,base8:301526:2024-10-30,2024-10-30,2024-09-20,2024-10-18,4.228676923077052,3.865353846153964,3.8460270769231943,87.7927,19.047619047619047,0.46255506607929364,0.68509888020406,0.8999999999999974,12.394252873563206
base8,2024-05-23,301529,333,1275,base8:301529:2024-05-22,2024-05-22,2024-04-16,2024-05-10,31.37,29.85,29.700750000000003,91.798,24.960443037974667,0.5195989061075657,0.5194835874842018,0.7072072072072076,7.1851562499999915
base8,2024-11-11,301529,447,1275,base8:301529:2024-11-05,2024-11-05,2024-09-26,2024-10-24,37.312847790508265,33.58661211129377,33.418679050737296,90.8862,18.0505415162455,0.3835227272727268,0.6339295608697211,0.976608187134497,11.2769436997319
base8,2024-11-07,301533,445,1276,base8:301533:2024-11-01,2024-11-01,2024-09-24,2024-10-22,29.825678544796133,27.30891492482014,27.17237035019604,89.3439,24.736379613356775,0.47352991162474467,0.6741835846180332,0.902654867256636,9.786219676549868
base8,2025-05-19,301533,571,1276,base8:301533:2025-05-13,2025-05-13,2025-04-07,2025-04-28,33.43845212831006,30.140273997293132,29.989572627306668,92.532,16.79596586501164,0.48448992644707495,0.36637489259419415,0.7868020304568504,11.548937443879058
base8,2024-03-19,301558,291,1288,base8:301558:2024-03-15,2024-03-15,2024-02-05,2024-03-05,11.9,11.26,11.2037,89.6194,22.186836518046714,0.4963720316622693,0.5925432278248881,0.7123287671232884,9.647580645161291
