family,signal_date,code,row,col,setup_id,arm_date,push_start,push_end,upper_economic,floor_economic,stop_economic,score,push_pct,tr_ratio,volume_ratio,clv,signal_risk_pct,entry_date,entry_open_raw,entry_factor,opening_structure_risk_pct,status,net_return_pct
compact3,2024-01-17,301061,253,954,compact3:301061:2024-01-12,2024-01-12,2024-01-02,2024-01-09,95.01230889193336,89.3832133920522,88.93629732509194,78.8646,8.211788211788207,0.5529150823827634,0.6085458467739209,0.9892086330935286,7.4582889598864055,2024-01-18,55.66,1.7057865151155,6.327703916636707,filled,-6.210000000000005
compact3,2024-01-18,300896,254,800,compact3:300896:2024-01-16,2024-01-16,2024-01-04,2024-01-11,591.678009242212,558.966101434145,556.1712709269743,74.6318,15.976117242627087,0.617540134478654,0.7369461925341826,0.9365400161681476,7.738512134961462,2024-01-19,325.02,1.8356850621811,6.781890345209507,filled,-6.209999999999995
compact3,2024-02-23,300777,274,685,compact3:300777:2024-02-22,2024-02-22,2024-02-02,2024-02-19,23.680517176665177,21.939897965388933,21.83019847556199,89.4799,13.571428571428568,0.5019037729318095,0.5524978990335554,0.9333333333333349,9.439126784214945,2024-02-26,23.56,1.0119879135327,8.439728353140907,opening_structure_risk_above8,0.0
compact3,2024-02-23,300251,274,212,compact3:300251:2024-02-22,2024-02-22,2024-02-02,2024-02-19,214.02009701813628,205.235690050974,204.20951160071914,87.8268,13.012729844413018,0.4329774614472124,0.5650080566857862,0.9032258064516099,6.331501831501818,2024-02-26,8.05,26.619415052007003,4.702484472049684,filled,12.585031055900608
compact3,2024-02-26,301193,275,1065,compact3:301193:2024-02-23,2024-02-23,2024-02-05,2024-02-20,27.100551934144573,25.26129525633176,25.1349887800501,98.5294,21.068472535741158,0.37854323645497,0.38309738910154584,0.9264705882352967,11.097294185377105,2024-02-27,17.11,1.6276607768255,9.746347165400348,opening_structure_risk_above8,0.0
compact3,2024-02-26,300765,275,673,compact3:300765:2024-02-23,2024-02-23,2024-02-05,2024-02-20,157.20164137945213,148.37292275255734,147.63105813879454,94.3624,22.943548387096758,0.39430086149768123,0.43998460883333157,0.718120805369128,8.781327930174566,2024-02-27,32.39,5.0449820725113,9.65436863229393,opening_structure_risk_above8,0.0
compact3,2024-02-27,300349,276,294,compact3:300349:2024-02-22,2024-02-22,2024-02-02,2024-02-19,71.29816401451521,66.49569700835616,66.16321852331438,93.0361,13.428280773143442,0.4708672086720885,0.4590757731196174,0.980392156862745,9.924559932942156,2024-02-28,12.01,6.157008982255201,10.524562864279762,opening_structure_risk_above8,0.0
compact3,2024-02-27,300592,276,512,compact3:300592:2024-02-22,2024-02-22,2024-02-02,2024-02-19,20.119112265493605,18.73749904224918,18.643811547037934,90.053,15.628742514970039,0.4427913567127169,0.5958280233166666,0.9607843137254933,9.421362077413054,2024-02-28,20.45,1.0084768052879,9.598533007334964,opening_structure_risk_above8,0.0
compact3,2024-02-29,300181,278,151,compact3:300181:2024-02-23,2024-02-23,2024-02-05,2024-02-20,80.4714545247286,77.38530094755781,76.99837444282002,82.8381,16.022727272727266,0.3983516483516475,0.7536924828826183,0.9749999999999994,7.077746741154556,2024-03-01,10.75,7.715383942927,7.164186046511622,filled,3.2318604651162754
compact3,2024-02-29,300919,278,822,compact3:300919:2024-02-22,2024-02-22,2024-02-02,2024-02-19,47.068571020356785,44.98535652362515,44.76042974100702,76.856,10.47596268835207,0.6357254290171597,0.5823829611013898,1.0,6.187513182872784,2024-03-01,47.67,1.0063838148462,6.699181875393323,filled,-0.37782043213759975
compact3,2024-03-01,300137,279,113,compact3:300137:2024-02-27,2024-02-27,2024-02-07,2024-02-22,22.12993007588954,20.61166044490336,20.508602142678843,73.9809,22.615803814713907,0.6785714285714238,0.7555678444881825,0.9629629629629644,10.6693386773547,2024-03-04,5.05,4.6008170635945,11.73069306930693,opening_structure_risk_above8,0.0
compact3,2024-03-06,301112,282,1000,compact3:301112:2024-03-05,2024-03-05,2024-02-22,2024-02-29,25.070690334884873,23.567870501121014,23.45003114861541,93.311,14.422158548233032,0.33670033670033644,0.42734013223052014,0.9444444444444443,7.992231075697209,2024-03-07,25.4,1.0154188065972,9.07893700787401,opening_structure_risk_above8,0.0
compact3,2024-03-06,301368,282,1205,compact3:301368:2024-03-05,2024-03-05,2024-02-22,2024-02-29,46.09766457533311,42.88014982676127,42.66574907762746,91.373,31.246290801186927,0.46515397082658,0.5915816470742251,0.7976060935799787,15.088569718731303,2024-03-07,49.29,1.0023410431688,13.641509433962263,opening_structure_risk_above8,0.0
compact3,2024-03-07,300486,283,412,compact3:300486:2024-03-05,2024-03-05,2024-02-22,2024-02-29,14.512745877638736,13.46308186762084,13.395766458282736,86.5226,39.73799126637554,0.3321256038647344,0.6295472991299094,0.6500000000000009,8.843167701863353,2024-03-08,6.25,2.2818782826476,6.0719999999999885,filled,-1.3299999999999987
compact3,2024-03-07,301282,283,1136,compact3:301282:2024-03-05,2024-03-05,2024-02-22,2024-02-29,18.50768565248666,17.540562364815464,17.452859552991388,84.465,8.948685857321648,0.36815379035183293,0.5658647613075104,0.94047619047619,6.3177595628415295,2024-03-08,17.8,1.0180245133381,3.686235955056183,filled,3.7787640449438156
compact3,2024-03-08,301041,284,936,compact3:301041:2024-03-05,2024-03-05,2024-02-22,2024-02-29,22.461349968509353,21.004125921335365,20.899105291728688,90.8341,14.75231355470874,0.3735070575461458,0.5783636170868641,1.0,8.791666666666686,2024-03-11,21.82,1.0049821014993,4.6952337305224745,filled,13.447195233730522
compact3,2024-03-08,301366,284,1203,compact3:301366:2024-03-05,2024-03-05,2024-02-22,2024-02-29,49.635665975782025,46.06423039162151,45.8339092396634,65.5244,9.205384281372119,0.6444818871103617,0.7713446269275064,1.0,9.159985554351746,2024-03-11,26.9,1.8221610123268,6.492193308550176,filled,-0.024126394052049555
compact3,2024-03-11,301186,285,1058,compact3:301186:2024-03-05,2024-03-05,2024-02-22,2024-02-29,33.77524287968064,32.204775668487756,32.043751790145315,85.0074,9.578804347826075,0.408097686375321,0.4869008935824533,0.7714285714285753,7.309439528023621,2024-03-12,33.8,1.019783903372,7.035207100591734,filled,4.553313609467446
compact3,2024-03-11,300410,285,343,compact3:300410:2024-03-05,2024-03-05,2024-02-22,2024-02-29,30.134298968544826,28.02734798375226,27.887211243833498,84.9159,8.47145488029466,0.455519828510182,0.350067318529349,0.8222222222222224,10.653061224489802,2024-03-12,6.33,4.8998860111455,10.088467614533968,opening_structure_risk_above8,0.0
compact3,2024-03-12,300698,286,615,compact3:300698:2024-03-11,2024-03-11,2024-02-28,2024-03-06,31.398395471767667,29.705786593066318,29.557257660100987,68.8607,12.46800731261426,0.6924882629107989,0.6256245872105287,0.8074074074074082,7.689396309039709,2024-03-13,31.9,1.0015437152079,7.486833855799368,filled,1.0439184952978122
compact3,2024-03-12,300581,286,501,compact3:300581:2024-03-11,2024-03-11,2024-02-28,2024-03-06,97.43293360995922,92.60835597951439,92.14531419961682,68.0343,11.940298507462677,0.6235431235431235,0.7793537383158003,0.9354838709677437,7.439125295508275,2024-03-13,8.38,11.7672625132801,6.555489260143199,filled,3.489284009546533
compact3,2024-03-13,301313,287,1164,compact3:301313:2024-03-12,2024-03-12,2024-02-29,2024-03-07,28.480407585622633,26.52212850269019,26.38951786017674,86.2825,13.837011884550087,0.38800163800163806,0.5466449835324612,0.7388888888888869,9.072837370242205,2024-03-14,28.35,1.0042456835551,7.30881834215168,filled,-6.209999999999995
compact3,2024-03-13,301503,287,1257,compact3:301503:2024-03-11,2024-03-11,2024-02-28,2024-03-06,28.96,27.1,26.9645,72.8657,13.225424397947094,0.641986879100281,0.708412620104776,1.0,8.315198911934718,2024-03-14,29.45,1.0,8.439728353140907,opening_structure_risk_above8,0.0
compact3,2024-03-14,301568,288,1294,compact3:301568:2024-03-13,2024-03-13,2024-03-01,2024-03-08,43.0,40.16,39.959199999999996,81.1492,11.072847682119203,0.4641011936575805,0.6705665244117809,0.9302325581395344,8.434463794683788,2024-03-15,43.8,1.0,8.768949771689504,opening_structure_risk_above8,0.0
compact3,2024-03-15,301499,289,1253,compact3:301499:2024-03-11,2024-03-11,2024-02-28,2024-03-06,24.55,23.04,22.924799999999998,89.0692,10.283363802559409,0.4635885885885889,0.5020609648054355,0.9444444444444443,7.969490164592541,2024-03-18,25.05,1.0,8.483832335329355,opening_structure_risk_above8,0.0
compact3,2024-03-15,300345,289,290,compact3:300345:2024-03-11,2024-03-11,2024-02-28,2024-03-06,33.75919567589374,32.122908130378484,31.962293589726592,80.1726,12.537313432835816,0.6518518518518531,0.5347010824823192,1.0,9.47926829268293,2024-03-18,8.25,4.3060198566191,10.027878787878786,opening_structure_risk_above8,0.0
compact3,2024-03-18,300062,290,52,compact3:300062:2024-03-15,2024-03-15,2024-03-05,2024-03-12,34.52115511186077,33.571653792477576,33.403795523515186,86.529,9.247311827956972,0.4761904761904753,0.5543664268015526,1.0,4.178015564202331,2024-03-19,5.15,6.7821522813086,4.364077669902922,filled,-1.763398058252442
compact3,2024-03-18,301266,290,1122,compact3:301266:2024-03-14,2024-03-14,2024-03-04,2024-03-11,45.826750914532255,43.52989690721602,43.31224742267994,83.0305,13.439127200595102,0.3517624689191165,0.613435936513587,0.763157894736843,9.279411764705891,2024-03-19,47.8,1.0029930162953,9.658995815899585,opening_structure_risk_above8,0.0
compact3,2024-03-19,301016,291,913,compact3:301016:2024-03-18,2024-03-18,2024-03-06,2024-03-13,18.241159300469786,16.955708477282318,16.870929934895905,90.9011,15.066666666666674,0.35183500151653,0.5833116043043535,1.0,11.52006420545748,2024-03-20,18.6,1.0201990660218,11.091935483870973,opening_structure_risk_above8,0.0
compact3,2024-03-20,301361,292,1199,compact3:301361:2024-03-15,2024-03-15,2024-03-05,2024-03-12,19.76475714934251,18.74244212437652,18.648729913754636,86.7066,12.664004563605236,0.4046997389033948,0.49470180741310177,0.7021276595744684,9.059139784946247,2024-03-21,20.3,1.0022696323196,8.342364532019719,opening_structure_risk_above8,0.0
compact3,2024-03-20,300350,292,295,compact3:300350:2024-03-18,2024-03-18,2024-03-06,2024-03-13,18.494759518482663,17.655746759261554,17.567468025465246,65.7201,9.523809523809534,0.6481481481481483,0.7338847442155602,0.9130434782608723,6.489320388349529,2024-03-21,5.13,3.6478815618309004,6.124756335282666,filled,-0.015068226120874356
compact3,2024-03-21,300513,293,438,compact3:300513:2024-03-19,2024-03-19,2024-03-07,2024-03-14,30.868947324935345,29.424268796834266,29.277147452850095,81.1273,8.413205537806178,0.4897959183673469,0.6303325414074198,0.9615384615384637,6.847091932457783,2024-03-22,10.53,2.9483235267369,5.697056030389347,filled,-6.209999999999995
compact3,2024-03-21,301390,293,1223,compact3:301390:2024-03-19,2024-03-19,2024-03-07,2024-03-14,38.26,35.58,35.4021,80.8442,18.8835725677831,0.4299728657900234,0.7470437493319003,0.7156398104265396,9.918320610687026,2024-03-22,39.5,1.0,10.374430379746846,opening_structure_risk_above8,0.0
compact3,2024-03-25,301072,295,964,compact3:301072:2024-03-22,2024-03-22,2024-03-12,2024-03-19,25.59826983862814,24.296323407086025,24.174841790050593,89.1796,9.4736842105263,0.3739892183288413,0.48943465024828253,0.9852941176470587,16.590532135452662,2024-03-26,27.52,1.0014972550324,12.286700581395337,opening_structure_risk_above8,0.0
compact3,2024-03-26,300610,296,529,compact3:300610:2024-03-25,2024-03-25,2024-03-13,2024-03-20,21.85529628100178,20.719655222922153,20.616056946807543,89.2059,12.78375149342892,0.4234972677595618,0.5715572600784873,1.0,7.244004171011486,2024-03-27,9.45,2.3176348124074,5.869841269841269,filled,-9.522169312169295
compact3,2024-03-27,300808,297,714,compact3:300808:2024-03-25,2024-03-25,2024-03-13,2024-03-20,20.175975973811667,18.701932067049167,18.60842240671392,79.4062,28.45849802371543,0.6425702811244993,0.66699464462585,0.8867924528301893,9.106750000000009,2024-03-28,19.57,1.0236416019184,7.1096065406234255,filled,2.3960296371997805
compact3,2024-04-11,301061,306,954,compact3:301061:2024-04-10,2024-04-10,2024-03-27,2024-04-03,114.2876965127385,107.95922854166,107.4194323989517,75.5923,11.471571906354505,0.6658923732094475,0.5574103168368683,0.9301848049281337,7.5956713132795395,2024-04-12,68.15,1.7057865151155,7.5956713132795395,filled,3.3850110051357065
compact3,2024-04-26,300349,317,294,compact3:300349:2024-04-25,2024-04-25,2024-04-15,2024-04-22,83.48904179938053,80.10268685914015,79.70217342484445,71.3044,9.195402298850563,0.5258693808312145,0.7134947174944551,0.7297297297297287,10.78600964851828,2024-04-29,14.35,6.1570089822552,9.791289198606279,opening_structure_risk_above8,0.0
compact3,2024-04-29,301070,318,962,compact3:301070:2024-04-26,2024-04-26,2024-04-16,2024-04-23,35.42554987212444,33.09371574717,32.928247168434154,95.5384,26.877621044605426,0.5009746588693962,0.5041742791516215,0.7907692307692314,10.098693355574085,2024-04-30,36.02,1.018268176836,10.223486951693495,opening_structure_risk_above8,0.0
compact3,2024-04-29,300930,318,832,compact3:300930:2024-04-26,2024-04-26,2024-04-16,2024-04-23,17.7731339210468,16.730632330005903,16.646979168355873,92.1895,14.635806671204898,0.3591954022988499,0.5274501494926666,0.9463087248322128,8.575041689827657,2024-04-30,17.99,1.01213746703,8.575041689827657,opening_structure_risk_above8,0.0
compact3,2024-04-30,300446,319,376,compact3:300446:2024-04-29,2024-04-29,2024-04-17,2024-04-24,54.869811850960474,52.54599554627378,52.28326556854241,79.7785,11.063829787234036,0.4665161775771252,0.7257069956208541,1.0,8.91691842900303,2024-05-06,17.0,3.4683825443085,11.32794117647058,opening_structure_risk_above8,0.0
compact3,2024-05-06,301332,320,1182,compact3:301332:2024-04-26,2024-04-26,2024-04-16,2024-04-23,11.62,10.77,10.716149999999999,83.9533,19.09871244635193,0.5487804878048778,0.6805605596773179,0.8648648648648654,10.62427022518767,2024-05-07,11.81,1.0,9.262066045723971,opening_structure_risk_above8,0.0
compact3,2024-05-06,300360,320,303,compact3:300360:2024-04-26,2024-04-26,2024-04-16,2024-04-23,97.90158079525095,93.16440753096461,92.69858549330979,78.9757,9.925373134328353,0.5568627450980403,0.5648087734648826,0.8135593220338971,6.940554821664469,2024-05-07,15.16,6.5794073115088,7.063324538258575,filled,2.560448548812654
compact3,2024-05-07,301302,321,1154,compact3:301302:2024-04-26,2024-04-26,2024-04-16,2024-04-23,28.935,27.509999999999998,27.372449999999997,86.81,24.934554973822,0.5215123859191662,0.7161378752837905,0.9561403508771913,9.751236399604357,2024-05-08,19.96,1.5,8.575651302605225,opening_structure_risk_above8,0.0
compact3,2024-05-07,300447,321,377,compact3:300447:2024-05-06,2024-05-06,2024-04-19,2024-04-26,44.62324025151699,42.590212317277995,42.37726125569161,80.3422,12.688553682342496,0.43916486681065503,0.6413707118175268,0.7361111111111109,12.77872340425531,2024-05-08,13.61,3.4458100580322,9.63850110213077,opening_structure_risk_above8,0.0
compact3,2024-05-09,301369,323,1206,compact3:301369:2024-05-07,2024-05-07,2024-04-22,2024-04-29,65.96139011021957,63.54499789194581,63.227272902486085,81.25,13.53723404255318,0.6157635467980302,0.5810619876123351,0.9934640522875832,5.503428571428581,2024-05-10,43.06,1.5293621634644,3.9892011147236395,filled,-6.210000000000005
compact3,2024-05-09,300673,323,590,compact3:300673:2024-05-08,2024-05-08,2024-04-23,2024-04-30,41.090437983811086,38.42511227675307,38.2329867153693,77.4589,10.972762645914402,0.6129476584022024,0.4743498815631686,0.7196261682243008,9.103630363036308,2024-05-10,15.06,2.7763809448521,8.560424966799474,opening_structure_risk_above8,0.0
compact3,2024-05-10,301260,324,1117,compact3:301260:2024-05-09,2024-05-09,2024-04-24,2024-05-06,16.20384989203165,15.38162483562905,15.304716711450906,93.1165,37.1806167400881,0.4215399610136459,0.5584420462228009,0.8019323671497571,11.823801270941637,2024-05-13,16.85,1.0027134834178,9.41661721068251,opening_structure_risk_above8,0.0
compact3,2024-05-10,301388,324,1221,compact3:301388:2024-05-09,2024-05-09,2024-04-24,2024-05-06,21.748035190616672,20.450102639296976,20.34785212610049,70.4664,8.02728226652678,0.5946601941747568,0.6703832906031659,0.8792270531400969,11.629161118508646,2024-05-13,22.11,1.0219941348974,9.950474898236084,opening_structure_risk_above8,0.0
compact3,2024-05-13,300415,325,348,compact3:300415:2024-05-10,2024-05-10,2024-04-25,2024-05-07,104.79667923237183,97.8378483584436,97.34865911665138,66.5205,14.380635975320377,0.7391713747645955,0.6813365504671285,0.8974358974358982,9.9544061302682,2024-05-14,25.99,4.1421612344811,9.573297422085403,opening_structure_risk_above8,0.0
compact3,2024-05-13,300470,325,398,compact3:300470:2024-05-06,2024-05-06,2024-04-19,2024-04-26,139.5440138834863,132.3998573574536,131.73785807066633,65.2382,8.805031446540879,0.6228298611111114,0.756131556492083,0.8918918918918906,7.169630642954861,2024-05-14,36.4,3.8826937641481996,6.787087912087908,filled,-0.21
compact3,2024-05-14,301188,326,1060,compact3:301188:2024-05-10,2024-05-10,2024-04-25,2024-05-07,18.673131929201077,17.557859940004956,17.470070640304932,83.2331,15.612648221343871,0.5065856129685923,0.6000526849661397,0.6542056074766349,8.104413347685679,2024-05-15,18.6,1.0231853111891,8.20322580645162,opening_structure_risk_above8,0.0
compact3,2024-05-17,300808,329,714,compact3:300808:2024-05-16,2024-05-16,2024-05-06,2024-05-13,18.63027715491488,17.616871969015666,17.52878760917059,87.0498,12.232030264817162,0.5102040816326517,0.5631897461065097,0.9345794392523359,7.6378101402373115,2024-05-20,18.33,1.0236416019184,6.579650845608265,filled,-5.065428259683558
compact3,2024-05-17,300320,329,271,compact3:300320:2024-05-16,2024-05-16,2024-05-06,2024-05-13,74.56108701574725,71.81861025194966,71.45951720068992,85.8343,13.815789473684248,0.49618320610687006,0.628257708938085,0.9215686274509823,7.354444444444431,2024-05-20,9.13,8.570239886867501,8.673603504928817,opening_structure_risk_above8,0.0
compact3,2024-05-23,300901,333,805,compact3:300901:2024-05-22,2024-05-22,2024-05-10,2024-05-17,8.608173037933108,8.19282090100027,8.151856796495268,85.1643,8.322147651006695,0.29448621553884613,0.335593169733121,0.8421052631578957,10.27942857142856,2024-05-24,8.9,1.0383803423321,11.79157303370787,opening_structure_risk_above8,0.0
compact3,2024-05-31,300698,339,615,compact3:300698:2024-05-29,2024-05-29,2024-05-17,2024-05-24,35.424601206903425,34.04247087991653,33.87225852551695,64.6794,8.117389946924769,0.6183745583038853,0.6774546373069066,0.6860465116279064,6.52280265339964,2024-06-03,36.34,1.0015437152079,6.9343698403962595,filled,-6.210000000000005
compact3,2024-06-07,300346,344,291,compact3:300346:2024-06-04,2024-06-04,2024-05-23,2024-05-30,305.87516012874755,290.89443225694487,289.4399600956601,87.168,14.614740368509228,0.4243409172986652,0.6467963974593663,0.994652406417113,10.073289336575208,2024-06-11,29.67,11.1796476655244,12.740478597910354,opening_structure_risk_above8,0.0
compact3,2024-06-19,300398,351,331,compact3:300398:2024-06-18,2024-06-18,2024-06-05,2024-06-13,80.20577536907012,75.2104541599398,74.8344018891401,80.9359,26.387625113739777,0.5223004694835672,0.7924031695690337,0.8558558558558567,8.048275862068976,2024-06-20,14.1,5.612720459697001,5.439716312056753,filled,-6.210000000000005
compact3,2024-06-20,300480,352,406,compact3:300480:2024-06-19,2024-06-19,2024-06-06,2024-06-14,62.233958489588325,60.149068757943816,59.848323414154095,62.5621,8.230958230958208,0.7439613526570088,0.6539750863506822,0.9553571428571436,6.647967479674799,2024-06-21,18.08,3.4748162194075,4.737555309734509,filled,-6.210000000000005
compact3,2024-06-21,300779,353,687,compact3:300779:2024-06-20,2024-06-20,2024-06-07,2024-06-17,77.16545871301346,72.83481711456132,72.4706430289885,57.5577,8.560394765071887,0.7369682444577587,0.786293818712985,0.9949874686716788,8.672190201729125,2024-06-24,54.6,1.4292546529545,7.133333333333347,filled,-6.209999999999995
compact3,2024-06-28,300360,358,303,compact3:300360:2024-06-26,2024-06-26,2024-06-14,2024-06-21,111.85390924595502,107.03203459115066,106.4968744181949,85.2231,15.1704940848991,0.6245461147421945,0.5068053251858975,0.9555555555555567,7.757647058823524,2024-07-01,16.93,6.7913727532456,7.376255168340218,filled,-6.210000000000005
compact3,2024-07-05,301226,363,1094,compact3:301226:2024-07-04,2024-07-04,2024-06-24,2024-07-01,28.626263499946205,27.128475462618038,26.992833085304948,87.2078,19.281271596406356,0.47092013888889017,0.7298747633610019,0.9710144927536233,7.0179710144927405,2024-07-08,15.94,1.6829079071103,-0.623588456712687,open_below_structure_stop,0.0
compact3,2024-07-08,300962,364,861,compact3:300962:2024-07-05,2024-07-05,2024-06-25,2024-07-02,14.823851128350721,14.196442795084801,14.125460581109376,71.4499,11.014263074484942,0.6127450980392168,0.6724276681356581,0.8474576271186425,5.591684434968025,2024-07-09,13.83,1.063403954688,3.953362255965309,filled,0.7299855386840184
compact3,2024-07-31,300161,381,134,compact3:300161:2024-07-25,2024-07-25,2024-07-15,2024-07-22,37.70261833498547,35.20668019685527,35.03064679587099,93.7646,17.553191489361673,0.5232345407976587,0.46957096537363197,0.8918918918918936,9.032004830917872,2024-08-01,24.62,1.5502721354846,8.219130787977246,opening_structure_risk_above8,0.0
compact3,2024-07-31,301367,381,1204,compact3:301367:2024-07-25,2024-07-25,2024-07-15,2024-07-22,101.76601898810858,95.8841692055024,95.4047483594749,66.8192,16.48169620672517,0.7477744807121636,0.7342439216587592,0.9696969696969695,8.540266154479347,2024-08-01,72.99,1.4311070030672,8.665570626113151,opening_structure_risk_above8,0.0
compact3,2024-08-01,300499,382,424,compact3:300499:2024-07-31,2024-07-31,2024-07-19,2024-07-26,48.523357573064196,46.11586848902851,45.88528914658337,83.0307,9.686609686609703,0.47619047619047494,0.523313379211433,0.7254901960784338,7.571488294314388,2024-08-02,11.72,4.1508432483374,5.678754266211605,filled,-6.210000000000016
compact3,2024-08-01,300334,382,282,compact3:300334:2024-07-30,2024-07-30,2024-07-18,2024-07-25,11.23611359517408,10.69243067927856,10.638968525882168,80.2662,13.563218390804611,0.41050903119868626,0.7351711195316232,0.9230769230769236,8.984496124031004,2024-08-02,5.07,2.265345482898,7.368836291913228,filled,-6.210000000000016
compact3,2024-08-02,300605,383,524,compact3:300605:2024-07-31,2024-07-31,2024-07-19,2024-07-26,21.14814963042,19.971035641557002,19.871180463349216,90.8045,12.432432432432439,0.3807615230460929,0.4770500486879625,0.9186046511627912,8.791666666666664,2024-08-05,10.67,1.9951084557,6.654639175257726,filled,-6.210000000000005
compact3,2024-08-12,301396,389,1228,compact3:301396:2024-08-07,2024-08-07,2024-07-26,2024-08-02,25.536860908983346,24.062643270630776,23.942330054277623,87.3166,9.483217900905693,0.44589774078478045,0.39876836832696444,0.8916666666666646,8.471122496506744,2024-08-13,21.22,1.2183616845889,7.39278982092364,filled,2.052016965127245
compact3,2024-08-16,300981,393,879,compact3:300981:2024-08-15,2024-08-15,2024-08-05,2024-08-12,27.973265020413475,26.435970770027655,26.303790916177515,78.3097,9.60264900662251,0.3856209150326795,0.6226341243976655,0.741935483870966,6.7913424124513515,2024-08-19,10.16,2.7451683042604,5.690452755905517,filled,-6.210000000000005
compact3,2024-08-28,300972,401,871,compact3:300972:2024-08-27,2024-08-27,2024-08-15,2024-08-22,29.361148999257527,27.85701260192623,27.7177275389166,95.3307,32.38979118329466,0.34374322272825875,0.4249755851683836,0.7665369649805454,9.930812417437252,2024-08-29,29.43,1.0163083765752,7.32942575603126,filled,9.473995922528044
compact3,2024-08-29,300532,402,455,compact3:300532:2024-08-27,2024-08-27,2024-08-15,2024-08-22,51.222972905616146,49.554235827954436,49.30646464881466,85.4878,14.88294314381271,0.45614035087719257,0.6495469699672682,0.9041095890410958,6.842357779300889,2024-08-30,14.51,3.6276892992646,6.328738800827017,filled,-0.0721640248104736
compact3,2024-09-02,300209,404,174,compact3:300209:2024-08-29,2024-08-29,2024-08-19,2024-08-26,10.51290157847076,9.820074253815092,9.770973882546016,67.7619,11.55115511551157,0.5684754521963833,0.7975662406042152,0.7941176470588232,17.25255102040816,2024-09-03,4.05,3.0122927158942,19.90864197530864,opening_structure_risk_above8,0.0
compact3,2024-09-10,300210,410,175,compact3:300210:2024-09-06,2024-09-06,2024-08-27,2024-09-03,47.41408226402116,44.48433443181809,44.261912759659,96.4561,19.908814589665667,0.4643206256109475,0.5045383494191792,0.8387096774193551,7.2330827067669246,2024-09-11,7.82,5.9790772085777,5.335038363171362,filled,-2.2560358056266003
compact3,2024-09-11,300274,411,233,compact3:300274:2024-09-04,2024-09-04,2024-08-23,2024-08-30,748.4221041631323,721.5487790585315,717.9410351632389,84.628,13.035819142689364,0.5391320826227013,0.5901579658200362,0.9419642857142835,6.189992475545491,2024-09-12,79.7,9.597616108786,6.14291091593474,filled,-1.866210790464252
compact3,2024-09-11,300056,411,47,compact3:300056:2024-09-10,2024-09-10,2024-08-29,2024-09-05,46.10705015760142,43.061118087604434,42.84581249716641,67.9678,11.12759643916914,0.6144067796610162,0.6734492092330878,0.6760563380281683,7.671171171171165,2024-09-12,7.76,5.9724158235235,7.552190721649477,filled,-3.560515463917525
compact3,2024-09-25,300157,419,130,compact3:300157:2024-09-20,2024-09-20,2024-09-06,2024-09-13,14.175500037999994,13.193647221515144,13.127678985407568,68.062,8.780487804878057,0.6410256410256411,0.5836010813560825,0.6666666666666659,9.353813559322033,2024-09-26,2.35,6.1365801030303,8.968085106382983,opening_structure_risk_above8,0.0
compact3,2024-09-27,300631,421,549,compact3:300631:2024-09-23,2024-09-23,2024-09-09,2024-09-18,29.566995378392495,27.650771687012877,27.512517828577813,82.6216,16.031537450722745,0.43260473588342496,0.7037692658848103,0.8389261744966449,12.751865671641804,2024-09-30,19.41,1.6808979748944,15.673621844410112,opening_structure_risk_above8,0.0
compact3,2024-09-27,300489,421,415,compact3:300489:2024-09-26,2024-09-26,2024-09-12,2024-09-23,64.14251233430768,60.55896352314214,60.25616870552643,78.491,14.04494382022472,0.4681331077270159,0.7232278381032837,0.7803738317757022,12.162203687445139,2024-09-30,22.78,3.0113855556013,,entry_without_positive_volume,0.0
compact3,2024-10-16,301167,429,1041,compact3:301167:2024-10-15,2024-10-15,2024-09-26,2024-10-10,20.468464633333745,18.990910923071862,18.895956368456503,97.118,20.20460358056266,0.42317030870620864,0.5143968543724458,0.8918918918918908,9.976190476190471,2024-10-17,14.34,1.4485820688842,9.034518828451876,opening_structure_risk_above8,0.0
compact3,2024-10-16,300127,429,103,compact3:300127:2024-10-15,2024-10-15,2024-09-26,2024-10-10,43.36214823920046,40.501636610597224,40.29912842754424,96.3377,17.757009345794383,0.4424307036247331,0.45235427476995843,0.9290322580645163,10.750444049733565,2024-10-17,16.84,2.6733753538348,10.485451306413296,opening_structure_risk_above8,0.0
compact3,2024-10-17,300004,430,3,compact3:300004:2024-10-16,2024-10-16,2024-09-27,2024-10-11,22.173065676903715,20.950286319721524,20.845534888122916,85.6616,10.967741935483888,0.2777777777777775,0.4087658284381391,0.734693877551021,17.110210696920582,2024-10-18,5.88,4.0759311906073,13.022108843537406,opening_structure_risk_above8,0.0
compact3,2024-10-18,300950,431,850,compact3:300950:2024-10-15,2024-10-15,2024-09-26,2024-10-10,24.027602669115584,22.35731651418344,22.245529931612523,96.5455,23.993685872138926,0.398065476190477,0.47676229073937204,0.8272727272727275,9.887957790192436,2024-10-21,16.16,1.5323726192038,10.166769801980212,opening_structure_risk_above8,0.0
compact3,2024-10-18,300488,431,414,compact3:300488:2024-10-15,2024-10-15,2024-09-26,2024-10-10,61.62316945618743,57.70319026035345,57.414674309051684,96.0873,18.10073452256036,0.36898529045125855,0.4541929229277751,0.8993288590604043,8.297942206654984,2024-10-21,22.67,2.7412441928909,7.610277900308782,filled,-0.25411116012352775
compact3,2024-10-21,301373,432,1210,compact3:301373:2024-10-15,2024-10-15,2024-09-26,2024-10-10,27.10478447477824,25.14440798059938,25.018685940696383,99.5946,22.315202231520214,0.3942359978249042,0.37203182330597623,0.9797297297297296,9.012570356472782,2024-10-22,26.48,1.0317771021994,8.428436555891228,opening_structure_risk_above8,0.0
compact3,2024-10-21,300111,432,91,compact3:300111:2024-10-16,2024-10-16,2024-09-27,2024-10-11,6.592504331087724,6.16645813282015,6.135625842156049,96.8724,16.872427983539097,0.34511784511784543,0.409028122157819,1.0,10.286885245901633,2024-10-22,3.03,2.2423484119346,9.694719471947199,opening_structure_risk_above8,0.0
compact3,2024-10-22,300428,433,360,compact3:300428:2024-10-15,2024-10-15,2024-09-26,2024-10-10,69.55054666399575,64.57987666232547,64.25697727901385,97.2895,19.717362045760446,0.43693693693693697,0.5171442530110871,0.9214659685863884,13.728623566214814,2024-10-23,18.93,3.8833359388049,12.5892762810354,opening_structure_risk_above8,0.0
compact3,2024-10-22,300158,433,131,compact3:300158:2024-10-15,2024-10-15,2024-09-26,2024-10-10,26.163115192649524,24.27748526885496,24.156097842510686,96.3636,23.20441988950275,0.3697183098591544,0.4497571937509483,0.8181818181818182,8.699331848552339,2024-10-23,4.47,5.892593511858,8.290827740492157,opening_structure_risk_above8,0.0
compact3,2024-10-23,300712,434,628,compact3:300712:2024-10-16,2024-10-16,2024-09-27,2024-10-11,32.92489515857754,30.649597525667705,30.496349538039365,83.9953,9.278350515463906,0.3393939393939398,0.4075271641395498,0.7358490566037742,8.93085531574741,2024-10-24,25.1,1.3384103722999,9.221115537848611,opening_structure_risk_above8,0.0
compact3,2024-10-25,300873,436,778,compact3:300873:2024-10-24,2024-10-24,2024-10-14,2024-10-21,31.995875750985057,30.75677817548272,30.602994284605305,77.9608,14.233353695784956,0.4817275747508297,0.7129517891368569,0.7187500000000002,10.301492537313429,2024-10-28,20.75,1.6973939390443,13.111325301204824,opening_structure_risk_above8,0.0
compact3,2024-10-28,301172,437,1046,compact3:301172:2024-10-25,2024-10-25,2024-10-15,2024-10-22,35.79368335189594,33.4520405157906,33.28478031321165,99.7368,20.998980632008156,0.30130540376442067,0.33198077799144526,0.9868421052631563,8.715596330275211,2024-10-29,36.48,1.0136981974482,9.991776315789469,opening_structure_risk_above8,0.0
compact3,2024-10-28,300370,437,309,compact3:300370:2024-10-25,2024-10-25,2024-10-15,2024-10-22,48.28929830810476,45.652340038720205,45.424078338526606,94.9592,17.959183673469383,0.3293413173652689,0.35308790005033014,0.8499999999999994,9.037953795379527,2024-10-29,3.07,16.480989183653502,10.223127035830604,opening_structure_risk_above8,0.0
compact3,2024-10-30,300752,439,662,compact3:300752:2024-10-28,2024-10-28,2024-10-16,2024-10-23,44.08335590116159,41.158518779207654,40.95272618531162,62.7856,8.590604026845616,0.7017543859649104,0.7336434396527921,1.0,11.189142857142842,2024-10-31,17.89,2.6349883981567,13.125209614309663,opening_structure_risk_above8,0.0
compact3,2024-10-31,300323,440,274,compact3:300323:2024-10-25,2024-10-25,2024-10-15,2024-10-22,21.502236586596503,20.184357569998653,20.08343578214866,70.7474,13.284132841328411,0.6227106227106224,0.6900518037246092,0.7777777777777816,7.934817170111286,2024-11-01,6.28,3.4681026752575,7.788216560509554,filled,-6.210000000000005
compact3,2024-11-05,300772,443,680,compact3:300772:2024-10-31,2024-10-31,2024-10-21,2024-10-28,25.750929977429685,23.928842513322746,23.809198300756133,73.8965,13.474576271186445,0.6944444444444442,0.570558881954854,0.8780487804878058,10.637473831123511,2024-11-06,14.3,1.8592729225581,10.450000000000003,opening_structure_risk_above8,0.0
compact3,2024-11-07,300196,445,165,compact3:300196:2024-11-05,2024-11-05,2024-10-24,2024-10-31,45.56482244671322,43.49534445510952,43.27786773283397,69.8835,9.562109025915987,0.6410256410256399,0.6345973211159476,0.8461538461538457,8.588190184049061,2024-11-08,13.11,3.6306631431644,9.076277650648358,opening_structure_risk_above8,0.0
compact3,2024-11-11,300075,447,63,compact3:300075:2024-11-07,2024-11-07,2024-10-28,2024-11-04,168.6421281001461,157.09943588997004,156.31393871052018,89.0873,12.11757648470304,0.3359173126614987,0.47091704528493683,0.8484848484848488,13.125235849056594,2024-11-12,20.78,8.487273683953,11.36934552454283,opening_structure_risk_above8,0.0
compact3,2024-11-12,301295,448,1147,compact3:301295:2024-11-08,2024-11-08,2024-10-29,2024-11-05,35.79303380174772,34.03833345993226,33.8681417926326,90.107,18.523742360131656,0.3563791874554534,0.6400157358510695,0.9292035398230111,7.981782945736448,2024-11-13,25.6,1.4265856437524003,7.2628906250000185,filled,-6.210000000000005
compact3,2024-11-12,301137,448,1021,compact3:301137:2024-11-11,2024-11-11,2024-10-30,2024-11-06,20.289644664384312,19.392864789715393,19.295900465766817,75.0528,8.484848484848495,0.555555555555556,0.6908631768713978,1.0,7.589799902391404,2024-11-13,20.4,1.0190680393965,7.182107843137253,filled,-6.210000000000016
compact3,2024-11-13,300176,449,147,compact3:300176:2024-11-11,2024-11-11,2024-10-30,2024-11-06,40.51436494302778,38.461272124968936,38.26896576434409,94.75,32.38805970149252,0.29935275080906143,0.48794792984458224,0.7374999999999999,11.520569620253173,2024-11-14,9.51,4.5624284845752,11.799684542586764,opening_structure_risk_above8,0.0
compact3,2024-11-13,301397,449,1229,compact3:301397:2024-11-12,2024-11-12,2024-10-31,2024-11-07,37.76581206496936,35.74352975005806,35.564812101307766,91.2064,17.79896702423518,0.515507124895221,0.6046463840640147,0.9862637362637368,11.797076923076933,2024-11-14,32.18,1.2406639968781,10.919981354878816,opening_structure_risk_above8,0.0
compact3,2024-11-14,300222,450,185,compact3:300222:2024-11-13,2024-11-13,2024-11-01,2024-11-08,61.82844816658249,57.28882063832256,57.00237653513095,93.2327,20.636942675159254,0.44996400287977023,0.5240048932214103,0.7216494845360825,9.02857142857143,2024-11-15,9.63,6.3938415890985,7.422637590861891,filled,-6.210000000000005
compact3,2024-11-15,300588,451,508,compact3:300588:2024-11-13,2024-11-13,2024-11-01,2024-11-08,25.621031521790858,23.830140779398672,23.710990075501677,67.564,15.052160953800309,0.7316384180790969,0.6899139397677139,0.9111111111111099,10.389329268292691,2024-11-18,16.12,1.6134150832362,8.832816377171238,opening_structure_risk_above8,0.0
compact3,2024-11-19,301152,453,1028,compact3:301152:2024-11-18,2024-11-18,2024-11-06,2024-11-13,44.60692840646595,41.898290993071065,41.68879953810571,81.4273,12.748900956814069,0.5043110460387176,0.6182910506401372,0.7447368421052633,8.05696202531645,2024-11-20,44.82,1.0069284064665,7.626171352074962,filled,-6.210000000000005
compact3,2024-12-02,300437,462,367,compact3:300437:2024-11-29,2024-11-29,2024-11-19,2024-11-26,33.74861295949659,31.549528709312185,31.391781065765624,83.9971,8.785784797630791,0.336976320582878,0.46867130544418045,0.7605633802816897,7.943250214961328,2024-12-03,11.64,2.9321123335791994,8.022336769759464,opening_structure_risk_above8,0.0
compact3,2024-12-02,301362,462,1200,compact3:301362:2024-11-28,2024-11-28,2024-11-18,2024-11-25,48.805435178555506,46.4368580197268,46.20467372962816,62.4169,8.68618436970725,0.6598114824335927,0.7561412830545134,0.8862275449101796,5.820740420004345,2024-12-03,45.98,1.06214222369,5.390604610700311,filled,-2.9285732927359707
compact3,2024-12-06,300061,466,51,compact3:300061:2024-12-05,2024-12-05,2024-11-25,2024-12-02,87.6313933336401,82.95126367125417,82.5365073528979,79.9186,13.254684247050674,0.5284552845528462,0.6023801962278929,0.6887417218543059,8.071300179748365,2024-12-09,16.34,5.3794593820528,6.102203182374543,filled,3.4007711138310794
compact3,2024-12-06,300111,466,91,compact3:300111:2024-12-04,2024-12-04,2024-11-22,2024-11-29,8.18457170356129,7.803372473532408,7.7643556111647465,67.2346,14.754098360655753,0.6086956521739108,0.7839306149247577,0.7142857142857139,6.1626016260162615,2024-12-09,3.69,2.2423484119346,6.1626016260162615,filled,4.397046070460696
compact3,2024-12-09,300882,467,786,compact3:300882:2024-12-04,2024-12-04,2024-11-22,2024-11-29,32.58347608432604,30.715026314715764,30.561451183142186,78.4806,10.78238001314924,0.5164319248826305,0.7230316998378875,1.0,7.876724137931024,2024-12-10,17.9,1.9065813975615,10.450000000000003,opening_structure_risk_above8,0.0
compact3,2024-12-09,300839,467,744,compact3:300839:2024-12-06,2024-12-06,2024-11-26,2024-12-03,19.53510653327911,18.663651966738776,18.570333706905082,74.9205,9.128065395095364,0.5426356589147295,0.6563766859590525,0.829787234042554,7.237605804111247,2024-12-10,8.48,2.4207071292787,9.53478773584906,opening_structure_risk_above8,0.0
compact3,2024-12-10,300711,468,627,compact3:300711:2024-12-05,2024-12-05,2024-11-25,2024-12-02,44.70761143488156,41.40980118151111,41.20275217560355,99.4619,26.294208098411055,0.28021015761821333,0.4314293310450145,0.9730941704035866,13.560770381451004,2024-12-11,26.9,1.782600136957,14.074907063197028,opening_structure_risk_above8,0.0
compact3,2024-12-10,300897,468,801,compact3:300897:2024-12-06,2024-12-06,2024-11-26,2024-12-03,39.44276613631714,37.55763393127257,37.369845761616205,85.4778,10.807113543091651,0.5106778087279489,0.48344673392217113,0.7709090909090922,10.794423076923076,2024-12-11,25.65,1.6112241068757,9.57719298245614,opening_structure_risk_above8,0.0
compact3,2024-12-11,300512,469,437,compact3:300512:2024-12-06,2024-12-06,2024-11-26,2024-12-03,27.245282861496396,26.12561370280477,25.994985634290746,86.4262,8.904109589041088,0.5116279069767417,0.5090366708670784,0.9393939393939408,6.338630806845957,2024-12-12,8.15,3.3929368445201,5.99386503067485,filled,-6.210000000000005
compact3,2024-12-11,300673,469,590,compact3:300673:2024-12-09,2024-12-09,2024-11-27,2024-12-04,45.72699416171409,44.22774845149395,44.00660970923648,83.3338,8.934480476505646,0.4125412541254133,0.5510619135280533,0.8476190476190485,7.900348634514842,2024-12-12,17.22,2.7763809448521,7.953832752613243,filled,-5.378408826945403
compact3,2024-12-12,300997,470,895,compact3:300997:2024-12-09,2024-12-09,2024-11-27,2024-12-04,18.55749434983284,17.615865503119544,17.527786175603946,100.0,24.98230714791223,0.2241649854292756,0.4536116850815824,1.0,11.643999999999998,2024-12-13,18.3,1.0580099401273,9.471311475409838,opening_structure_risk_above8,0.0
compact3,2024-12-12,300883,470,787,compact3:300883:2024-12-06,2024-12-06,2024-11-26,2024-12-03,6.511136425214039,6.13878395576594,6.108090035987111,95.8403,16.428571428571416,0.3492063492063491,0.45927444613841106,0.9705882352941185,8.729323308270686,2024-12-13,6.65,1.0063580255354,8.729323308270686,opening_structure_risk_above8,0.0
compact3,2025-01-17,300476,495,403,compact3:300476:2025-01-15,2025-01-15,2025-01-03,2025-01-10,240.74564356349498,224.97434732188643,223.849475585277,80.6159,20.83230121377262,0.6013137948458818,0.657619571785982,0.7794432548179866,7.808478348846625,2025-01-20,50.0,4.913176399255,8.877900000000006,opening_structure_risk_above8,0.0
compact3,2025-01-17,300866,495,771,compact3:300866:2025-01-14,2025-01-14,2025-01-02,2025-01-09,147.185398623753,139.59007663816877,138.8921262549779,65.8209,11.657032755298658,0.6670368999136117,0.6703924121020559,0.7188019966722127,6.647363509099414,2025-01-20,109.97,1.3885414964505,9.041238519596263,opening_structure_risk_above8,0.0
compact3,2025-01-21,301550,497,1282,compact3:301550:2025-01-17,2025-01-17,2025-01-07,2025-01-14,85.64180833644157,80.14168983535491,79.74098138617813,93.576,29.601226993865026,0.4670912951167727,0.6037457176600126,0.9381625441696125,13.603599648814757,2025-01-22,89.9,1.0129131677876,12.431145717463854,opening_structure_risk_above8,0.0
compact3,2025-01-21,301007,497,905,compact3:301007:2025-01-17,2025-01-17,2025-01-07,2025-01-14,20.06649635545355,18.968381428412723,18.873539521270658,86.8023,13.995215311004783,0.5572365103378717,0.5637279245130706,1.0,8.403971845148329,2025-01-22,19.55,1.0359574783404,6.810997442455258,filled,-4.353222506393873
compact3,2025-01-23,300708,499,624,compact3:300708:2025-01-22,2025-01-22,2025-01-10,2025-01-17,26.07905931543194,24.672381878971454,24.549019969576594,80.2349,8.932806324110665,0.48148148148148145,0.6631465758551157,0.9729729729729715,6.79304286718202,2025-01-24,14.2,1.8508913637638,6.596126760563392,filled,-6.210000000000016
compact3,2025-01-23,300222,499,185,compact3:300222:2025-01-22,2025-01-22,2025-01-10,2025-01-17,65.53687628825962,63.17115490029318,62.85529912579172,69.4758,8.279569892473116,0.5907172995780593,0.6977886398231897,0.8717948717948695,8.807050092764367,2025-01-24,10.62,6.3938415890985,7.433145009416187,filled,15.138399246704324
compact3,2025-01-24,300612,500,531,compact3:300612:2025-01-22,2025-01-22,2025-01-10,2025-01-17,35.72194003807615,33.73103114421797,33.56237598849688,88.232,8.565310492505374,0.45144356955380477,0.4795546621790078,0.983333333333333,8.507174048658761,2025-01-27,16.26,2.2884010274232,9.801353013530145,opening_structure_risk_above8,0.0
compact3,2025-01-24,300433,500,363,compact3:300433:2025-01-23,2025-01-23,2025-01-13,2025-01-20,154.28392396856472,144.01020616773266,143.290155136894,80.3362,9.798657718120808,0.5851216022889837,0.5073668762965021,0.8432203389830513,8.982459449264447,2025-01-27,26.82,5.9385652027931,10.034489187173767,opening_structure_risk_above8,0.0
compact3,2025-01-27,301498,501,1252,compact3:301498:2025-01-24,2025-01-24,2025-01-14,2025-01-21,95.89051039419265,91.45859604824257,91.00130306800136,65.7172,12.332978597611444,0.6496013951170901,0.7580945923037803,0.838052095130238,8.25022849598862,2025-02-05,97.99,1.0072532604432,7.800795999591781,filled,-6.210000000000005
compact3,2025-02-05,300546,502,468,compact3:300546:2025-01-22,2025-01-22,2025-01-10,2025-01-17,61.724417409779555,58.36005358981855,58.068253321869456,79.2081,15.581098339719057,0.6566820276497701,0.602550479436774,0.9861111111111087,7.126265316995206,2025-02-06,18.7,3.3310532870901,6.7786096256684525,filled,1.6616577540107027
compact3,2025-02-05,301231,502,1099,compact3:301231:2025-01-23,2025-01-23,2025-01-13,2025-01-20,17.678986465748455,16.722549270847487,16.63893652449325,73.3778,9.199747952110894,0.6423611111111108,0.5847011133892378,0.9189189189189212,9.68879781420765,2025-02-06,18.28,1.0067759946326,9.589989059080962,opening_structure_risk_above8,0.0
compact3,2025-02-06,301200,503,1071,compact3:301200:2025-02-05,2025-02-05,2025-01-16,2025-01-23,42.10649840659244,41.15493912056776,40.94916442496492,88.4058,8.76944837340876,0.4252998909487448,0.40196076645257456,0.9818181818181828,3.761880559085129,2025-02-07,39.19,1.0813173704826,3.3689716764480626,filled,1.8823705026792528
compact3,2025-02-06,300292,503,248,compact3:300292:2025-01-23,2025-01-23,2025-01-13,2025-01-20,50.736269336751924,48.665401200557966,48.42207419455518,86.5146,15.299334811529942,0.46536796536796626,0.6756953007808605,1.0,6.4700000000000095,2025-02-07,5.46,9.4130369826998,5.784798534798529,filled,3.2698534798534897
compact3,2025-02-07,300469,504,397,compact3:300469:2025-02-06,2025-02-06,2025-01-17,2025-01-24,81.67612119288805,77.20705041063569,76.82101515858251,63.0499,10.225820195994896,0.7484662576687133,0.6865746644115093,0.9772727272727281,11.708289054197662,2025-02-10,28.23,3.0821177808637,11.708289054197662,opening_structure_risk_above8,0.0
compact3,2025-02-07,300651,504,568,compact3:300651:2025-01-23,2025-01-23,2025-01-13,2025-01-20,22.99383891134723,22.04744615127654,21.937208920520156,56.8026,10.806174957118353,0.732860520094561,0.7340659881843306,0.7000000000000002,11.351983002832855,2025-02-10,13.99,1.7525791853161,10.52823445318083,opening_structure_risk_above8,0.0
compact3,2025-02-12,301210,507,1080,compact3:301210:2025-02-11,2025-02-11,2025-01-22,2025-02-06,43.520213052670044,41.158179593254225,40.95238869528795,91.0249,13.654618473895596,0.48665183537263706,0.4686836518046709,0.8685121107266436,14.286017398684493,2025-02-13,46.65,1.0137482658437,13.404072883172557,opening_structure_risk_above8,0.0
compact3,2025-02-12,300756,507,665,compact3:300756:2025-02-11,2025-02-11,2025-01-22,2025-02-06,61.8872634836344,59.55739003483875,59.259603084664555,61.4907,8.039215686274503,0.6808278867102396,0.7295361522148233,0.8793103448275873,6.231566820276502,2025-02-13,17.36,3.6404272637432,6.231566820276502,filled,-5.048709677419361
compact3,2025-02-13,301397,508,1229,compact3:301397:2025-02-11,2025-02-11,2025-01-22,2025-02-06,37.82784526481326,35.73112311008927,35.552467494538824,85.8179,8.077065579844422,0.28571428571428514,0.4773782552920653,0.8870431893687691,12.15205395462906,2025-02-14,32.01,1.2406639968781,10.477975632614822,opening_structure_risk_above8,0.0
compact3,2025-02-14,300608,509,527,compact3:300608:2025-02-13,2025-02-13,2025-01-24,2025-02-10,53.6393589682972,50.72750805287536,50.47387051261098,85.6657,20.10092514718249,0.5259259259259264,0.6514648314387831,0.7526881720430094,6.502484031227818,2025-02-17,14.35,3.8313827834498,8.196515679442506,opening_structure_risk_above8,0.0
compact3,2025-02-14,300302,509,255,compact3:300302:2025-02-13,2025-02-13,2025-01-24,2025-02-10,114.69773465349269,109.10103796256924,108.5555327727564,78.0718,10.321715817694365,0.4209919261822385,0.6855382446729144,0.851351351351353,5.865488316357115,2025-02-17,17.18,6.9095020875598,8.550349243306165,opening_structure_risk_above8,0.0
compact3,2025-02-17,300115,510,94,compact3:300115:2025-02-14,2025-02-14,2025-01-27,2025-02-11,279.89585020155477,261.4977881812947,260.19029924038824,78.5061,21.858216970998924,0.7045354469396751,0.623985192188201,0.9511400651465793,12.341322314049608,2025-02-18,23.75,12.2653746801733,10.680421052631594,opening_structure_risk_above8,0.0
compact3,2025-02-17,300277,510,236,compact3:300277:2025-02-14,2025-02-14,2025-01-27,2025-02-11,70.07772239320694,66.8095717311384,66.47552387248271,78.0124,11.96877710320905,0.5756013745704468,0.6473116851707713,0.9350649350649362,7.336445108289791,2025-02-18,13.26,5.3576240361779,6.427978883861263,filled,15.702518853695311
compact3,2025-02-19,300124,512,100,compact3:300124:2025-02-14,2025-02-14,2025-01-27,2025-02-11,1697.9582210584233,1602.5673097630063,1594.5544732141911,62.3724,13.756437946502743,0.7444444444444461,0.7335032270833173,0.8701117318435768,11.30567805953694,2025-02-20,72.06,24.776860076731698,10.690258118234809,opening_structure_risk_above8,0.0
compact3,2025-02-19,300672,512,589,compact3:300672:2025-02-14,2025-02-14,2025-01-27,2025-02-11,124.12189462411717,116.66609732611225,116.08276683948169,62.205,15.130023640661916,0.7151712381837909,0.747492290721581,0.7255772646536407,11.710572031269384,2025-02-20,80.0,1.6314654919047997,11.05943749999997,opening_structure_risk_above8,0.0
compact3,2025-02-20,301567,513,1293,compact3:301567:2025-02-17,2025-02-17,2025-02-05,2025-02-12,45.90018063221369,43.81563973908771,43.596561540392265,86.1539,11.621621621621614,0.45184611412341746,0.5792038410548569,0.924623115577891,7.573761742100782,2025-02-21,46.1,1.0070245860512,6.090130151843831,filled,-1.7067462039045753
compact3,2025-02-20,300821,513,727,compact3:300821:2025-02-18,2025-02-18,2025-02-06,2025-02-13,9.203861862354744,8.739347707329797,8.695650968793148,74.82,8.94941634241244,0.5806938159879345,0.5727751043083974,0.7578947368421063,11.250826901874333,2025-02-21,8.83,1.0802654768022,8.838618346545868,opening_structure_risk_above8,0.0
compact3,2025-02-21,301191,514,1063,compact3:301191:2025-02-14,2025-02-14,2025-01-27,2025-02-11,130.17069537266684,123.41479904560158,122.79772505037357,85.2449,15.05644682115268,0.49983824005176264,0.6074375093155177,0.7780149413020281,11.470757430488977,2025-02-24,102.88,1.3299008517845,10.24883359253499,opening_structure_risk_above8,0.0
compact3,2025-02-26,301302,517,1154,compact3:301302:2025-02-25,2025-02-25,2025-02-13,2025-02-20,39.24,36.63,36.446850000000005,81.0744,8.90322580645162,0.4911362975879104,0.5638928837346878,0.7682926829268295,8.275198187995459,2025-02-27,26.23,1.5,7.3659931376286565,filled,-6.210000000000005
compact3,2025-02-26,300715,517,630,compact3:300715:2025-02-24,2025-02-24,2025-02-12,2025-02-19,37.4506295880842,35.5169300624613,35.339345412148994,66.6158,12.455089820359323,0.7085020242914979,0.5939739834670565,0.6727272727272731,6.426332288401248,2025-02-27,9.56,3.9463255624957005,6.328451882845199,filled,-0.21
compact3,2025-03-03,300255,520,216,compact3:300255:2025-02-24,2025-02-24,2025-02-12,2025-02-19,167.29053034174163,157.05796589694094,156.27267606745625,72.5708,10.466988727858272,0.5250544662309364,0.7787530974931209,0.8897637795275577,7.245762711864378,2025-03-04,21.02,7.932220499845501,6.274976213130334,filled,-3.2547193149381712
compact3,2025-03-04,300779,521,687,compact3:300779:2025-02-25,2025-02-25,2025-02-13,2025-02-20,179.34287385273066,167.23708694220605,166.400901507495,66.1045,11.989723094490422,0.7144181733889644,0.693255731581659,0.9393442622950817,10.262871897641457,2025-03-05,130.02,1.4292546529545,10.456122135056168,opening_structure_risk_above8,0.0
compact3,2025-03-07,300443,524,373,compact3:300443:2025-03-06,2025-03-06,2025-02-24,2025-03-03,98.1337451694977,92.9846199310457,92.51969683139048,70.6706,9.762140733399406,0.6528417818740399,0.6002461980404431,0.8309859154929583,6.820872947277423,2025-03-10,23.04,4.29093769871,6.4164496527777555,filled,0.180625
compact3,2025-03-10,300873,525,778,compact3:300873:2025-03-04,2025-03-04,2025-02-20,2025-02-27,38.19136362849675,35.560403022978086,35.382601007863194,97.5372,26.71118530884811,0.5218599949456656,0.4943075202500667,0.9533678756476677,11.107675906183378,2025-03-11,22.89,1.6973939390442998,8.932940148536472,opening_structure_risk_above8,0.0
compact3,2025-03-10,300022,525,19,compact3:300022:2025-03-07,2025-03-07,2025-02-25,2025-03-04,28.629545956307602,27.331889482367316,27.19523003495548,79.8154,13.696369636963702,0.48919226393629095,0.7431373942538224,0.9137931034482759,7.753782668500686,2025-03-11,7.15,4.0551764810634,6.205594405594416,filled,-3.986223776223786
compact3,2025-03-11,301617,526,1319,compact3:301617:2025-03-07,2025-03-07,2025-02-25,2025-03-04,54.103002977458175,51.617243726075706,51.359157507445325,61.8382,9.536505332239532,0.7331762241424449,0.6828908554572272,0.8884297520661147,6.753974054449108,2025-03-12,54.6,1.0063802637176,6.531959706959711,filled,-2.0964468864468797
compact3,2025-03-13,300191,528,160,compact3:300191:2025-03-07,2025-03-07,2025-02-25,2025-03-04,63.86492639430719,61.24146343587608,60.9352561186967,78.5052,13.592946362968416,0.40437158469945345,0.7287112631699338,0.817391304347826,7.033771106941833,2025-03-14,15.89,4.0991608725486,6.44870988042795,filled,13.131724354940232
compact3,2025-03-14,300069,529,57,compact3:300069:2025-03-07,2025-03-07,2025-02-25,2025-03-04,35.75661961898638,33.20401102336453,33.037990968247705,80.9585,8.78634639696585,0.46057767369242814,0.6310240538172363,0.9361702127659589,9.68461538461538,2025-03-17,18.36,2.0099280280487,10.471677559912852,opening_structure_risk_above8,0.0
compact3,2025-03-14,301507,529,1259,compact3:301507:2025-03-07,2025-03-07,2025-02-25,2025-03-04,13.81502938706935,13.280579345087837,13.214176448362398,76.9114,8.200636942675143,0.5917480998914203,0.5505836100800938,0.8831168831168829,5.453463203463194,2025-03-17,13.83,1.0083963056255,5.248373101952275,filled,-3.825328994938549
compact3,2025-03-18,300435,531,365,compact3:300435:2025-03-13,2025-03-13,2025-03-03,2025-03-10,44.181178921576986,41.94334786187337,41.733631122564006,68.6165,15.00843170320405,0.6699889258028795,0.7398543147423307,0.875,8.518570427470218,2025-03-19,14.25,3.1969015138623,8.390175438596492,opening_structure_risk_above8,0.0
compact3,2025-03-19,301268,532,1124,compact3:301268:2025-03-17,2025-03-17,2025-03-05,2025-03-12,21.53912025072042,20.196767846893408,20.095784007658942,93.9831,19.80312680949623,0.36331300813008116,0.5523178763265971,0.8397932816537461,14.806907037358819,2025-03-20,22.1,1.024696491471,11.260407239819003,opening_structure_risk_above8,0.0
compact3,2025-04-17,301162,552,1037,compact3:301162:2025-04-16,2025-04-16,2025-04-03,2025-04-11,86.44306661239479,80.44485913497431,80.04263483929944,58.7464,8.629343629343623,0.6688596491228067,0.7625688677141629,0.753286147623862,12.32364036466519,2025-04-18,63.51,1.4349778654116,12.171783971028171,opening_structure_risk_above8,0.0
compact3,2025-04-18,300292,553,248,compact3:300292:2025-04-17,2025-04-17,2025-04-07,2025-04-14,43.86475233938107,41.69975383336011,41.49125506419331,91.9405,15.749999999999996,0.4144620811287489,0.47096993178356183,0.8095238095238082,6.015991471215365,2025-04-21,4.65,9.4130369826998,5.207526881720459,filled,0.8652688172043002
compact3,2025-04-18,300252,553,213,compact3:300252:2025-04-17,2025-04-17,2025-04-07,2025-04-14,48.155946939156934,45.22082207406369,44.99471796369337,91.4795,15.155131264916456,0.47133138969873684,0.5327728726460844,0.8981481481481466,9.914840637450196,2025-04-21,9.8,4.9747879069377,7.708673469387783,filled,2.034897959183656
compact3,2025-04-21,300465,554,393,compact3:300465:2025-04-17,2025-04-17,2025-04-07,2025-04-14,47.238310091836404,44.26775333964983,44.046414572951576,96.5138,23.619371282922685,0.39408866995073877,0.49728123853116096,0.8256880733944946,7.765720081135918,2025-04-22,15.3,3.2288660349854,10.840196078431386,opening_structure_risk_above8,0.0
compact3,2025-04-21,300047,554,38,compact3:300047:2025-04-17,2025-04-17,2025-04-07,2025-04-14,64.69529287669621,61.64213829016378,61.33392759871296,94.7176,19.080234833659482,0.47344110854503363,0.5872532997273655,1.0,6.263475462590495,2025-04-22,12.56,5.264059631952501,7.233678343949057,filled,-3.1558598726115004
compact3,2025-04-22,300536,555,459,compact3:300536:2025-04-18,2025-04-18,2025-04-08,2025-04-15,30.333871264936064,28.1557263377812,28.014947706092293,87.3571,14.1426783479349,0.3639514731369157,0.5197687884555351,0.7101449275362333,11.117378048780502,2025-04-23,9.76,3.2031543046395,10.38883196721313,opening_structure_risk_above8,0.0
compact3,2025-04-22,301107,555,995,compact3:301107:2025-04-17,2025-04-17,2025-04-07,2025-04-14,31.678439990146742,29.72183046134356,29.573221309036843,86.7541,14.934565050038495,0.5590622182146072,0.565537970096515,0.96153846153846,13.644347037484872,2025-04-23,34.0,1.0352431369329,15.981029411764702,opening_structure_risk_above8,0.0
compact3,2025-04-23,301091,556,981,compact3:301091:2025-04-17,2025-04-17,2025-04-07,2025-04-14,89.2930168849539,85.15360550618121,84.7278374786503,95.0965,16.55986509274876,0.4575818303273186,0.4478856065377432,0.9268292682926865,6.3263217737350885,2025-04-24,34.66,2.5710629681818,4.92094633583382,filled,-7.3075187536064465
compact3,2025-04-23,300177,556,148,compact3:300177:2025-04-17,2025-04-17,2025-04-07,2025-04-14,119.14558650809298,112.62885164232524,112.06570738411362,93.7092,17.70451770451771,0.5019493177387918,0.5105106530535156,0.8333333333333366,7.092762487257909,2025-04-24,9.79,12.2957261618259,6.902962206332985,filled,-6.210000000000005
compact3,2025-04-24,300185,557,155,compact3:300185:2025-04-17,2025-04-17,2025-04-07,2025-04-14,21.135545497916432,20.329528932317924,20.227881287656334,86.515,11.848341232227511,0.45197740112994333,0.4832092369949341,0.733333333333335,6.2800829875518716,2025-04-25,2.39,8.9557396177612,5.495815899581591,filled,11.505481171548102
compact3,2025-04-25,300528,558,451,compact3:300528:2025-04-18,2025-04-18,2025-04-08,2025-04-15,10.053286778795183,9.373354339649616,9.326487567951368,84.4076,11.157601115760096,0.4881266490765175,0.4701622844395102,0.6625000000000016,15.216335540838855,2025-04-28,8.88,1.2141650699028,13.497747747747745,opening_structure_risk_above8,0.0
compact3,2025-04-25,300990,558,888,compact3:300990:2025-04-24,2025-04-24,2025-04-14,2025-04-21,153.98153578365213,147.47191353162083,146.73455396396272,73.3486,13.850063532401524,0.43531507459363167,0.7967177336943937,0.7167235494880568,5.666849255039419,2025-04-28,45.35,3.4081791895452,5.063616317530317,filled,5.809845644983435
compact3,2025-04-29,300170,560,142,compact3:300170:2025-04-28,2025-04-28,2025-04-16,2025-04-23,127.09638348527264,117.71387559447503,117.12530621650265,55.0501,10.199155099577562,0.7381687242798365,0.7933549950088967,0.8095238095238086,9.270360824742252,2025-04-30,19.2,6.6542609154593,8.325260416666659,opening_structure_risk_above8,0.0
compact3,2025-04-30,300953,561,853,compact3:300953:2025-04-29,2025-04-29,2025-04-17,2025-04-24,152.7932008472021,143.73797003990558,143.01928018970605,73.9437,20.77049180327868,0.6555403734790818,0.7015718261984603,0.7455068296189797,7.875380332750681,2025-05-06,156.8,1.0050200674025,9.24432397959184,opening_structure_risk_above8,0.0
compact3,2025-04-30,301007,561,905,compact3:301007:2025-04-29,2025-04-29,2025-04-17,2025-04-24,20.418721898089284,19.32060697104846,19.224003936193217,66.6871,15.061295971979005,0.6915232632249851,0.7608889747021302,0.9038461538461552,7.539860488290994,2025-05-06,20.55,1.0359574783404,9.69951338199514,opening_structure_risk_above8,0.0
compact3,2025-05-06,300964,562,863,compact3:300964:2025-04-28,2025-04-28,2025-04-16,2025-04-23,38.402864428055445,37.075105817510966,36.88973028842341,87.9138,9.090909090909104,0.4185086943707646,0.5023508292015729,0.9470198675496646,7.340944073884059,2025-05-07,39.41,1.0213527773419,8.351941131692476,opening_structure_risk_above8,0.0
compact3,2025-05-06,300995,562,893,compact3:300995:2025-04-29,2025-04-29,2025-04-17,2025-04-24,36.07018737278265,33.79642197965595,33.62743986975767,87.872,19.110493398193196,0.5753968253968242,0.5745710511538048,0.8883928571428562,8.451041080472688,2025-05-07,35.88,1.0335297241485,9.318561872909703,opening_structure_risk_above8,0.0
compact3,2025-05-07,300920,563,823,compact3:300920:2025-05-06,2025-05-06,2025-04-21,2025-04-28,30.795842166215365,28.59613915434284,28.453158458571124,89.4185,13.849958779884574,0.45030381944444403,0.5019076558137582,0.7831978319783196,14.619100765306126,2025-05-08,31.05,1.0626584598418,13.766666666666671,opening_structure_risk_above8,0.0
compact3,2025-05-07,301149,563,1025,compact3:301149:2025-04-29,2025-04-29,2025-04-17,2025-04-24,11.518217952849449,10.68807611840985,10.634635737817801,82.9666,17.08860759493669,0.5525114155251154,0.7089236473427354,1.0,10.100877192982448,2025-05-08,11.26,1.0376772930495,8.983126110124328,opening_structure_risk_above8,0.0
compact3,2025-05-08,300502,564,427,compact3:300502:2025-05-06,2025-05-06,2025-04-21,2025-04-28,803.7824806006981,753.386729808119,749.6197961590783,82.6643,12.024072709407996,0.5151213027583903,0.6156441046127762,0.8740458015267184,18.289254284390932,2025-05-09,106.26,8.498440268563101,16.989695087521184,opening_structure_risk_above8,0.0
compact3,2025-05-08,300274,564,233,compact3:300274:2025-05-06,2025-05-06,2025-04-21,2025-04-28,609.4486229079109,580.7517507426408,577.8479919889276,62.1865,10.425119068618805,0.6982323232323243,0.7388046702534175,0.8788927335640148,5.852306489444892,2025-05-09,63.58,9.597616108786,5.304419628814094,filled,3.706325888644212
compact3,2025-05-09,300973,565,872,compact3:300973:2025-05-08,2025-05-08,2025-04-23,2025-04-30,46.701168619466465,44.655331346165404,44.43205468943458,83.9112,11.231701161029806,0.4086378737541528,0.5861583318490959,0.8493723849372388,7.130453657477753,2025-05-12,45.67,1.0384960778178,6.317057149113192,filled,3.3590825487190603
compact3,2025-05-12,300119,566,96,compact3:300119:2025-05-08,2025-05-08,2025-04-23,2025-04-30,130.6022691377765,123.9561623069535,123.33638149541873,89.2043,19.03093987157036,0.5040418449833565,0.6383032939642123,0.8685714285714273,11.431112111661413,2025-05-13,22.18,6.26991210455,11.311316501352565,opening_structure_risk_above8,0.0
compact3,2025-05-13,301258,567,1115,compact3:301258:2025-05-06,2025-05-06,2025-04-21,2025-04-28,30.08784797978091,28.2859295074542,28.144499859916927,84.5284,15.55280528052807,0.40543575920934344,0.5974113832501747,0.6923076923076937,9.239864864864877,2025-05-14,29.3,1.0476270187946,8.310580204778162,opening_structure_risk_above8,0.0
compact3,2025-05-13,301131,567,1016,compact3:301131:2025-05-12,2025-05-12,2025-04-25,2025-05-07,48.531796839729274,45.69932149023355,45.47082488278238,83.8981,32.33644859813085,0.536585365853659,0.6959980759481406,0.8129496402877698,8.455888429752068,2025-05-14,47.1,1.0262591845999,5.929193205944805,filled,14.227367303609338
compact3,2025-05-14,300571,568,492,compact3:300571:2025-05-12,2025-05-12,2025-04-25,2025-05-07,103.34813222500954,98.28505567598145,97.79363039760155,99.2361,25.29673590504451,0.25813008130081216,0.5152774530228063,1.0,7.70388068346366,2025-05-15,33.88,3.0685312418352,5.9331463990555005,filled,-7.795596221959867
compact3,2025-05-14,300169,568,141,compact3:300169:2025-05-13,2025-05-13,2025-04-28,2025-05-08,23.297554826912585,22.03238959790144,21.92222764991193,80.9608,14.72868217054264,0.4832881662149951,0.671462457985788,0.7402597402597398,8.802310654685485,2025-05-15,7.62,3.0857688512467005,6.767716535433088,filled,-6.210000000000005
compact3,2025-05-15,301283,569,1137,compact3:301283:2025-05-12,2025-05-12,2025-04-25,2025-05-07,31.90151222280498,30.616604830536176,30.463521806383493,85.8531,9.433272394881165,0.41371158392434976,0.5626647368916502,0.9776536312849163,8.058963763509219,2025-05-16,31.15,1.0532027805482,7.143980738362766,filled,10.961749598715896
compact3,2025-05-15,301206,569,1076,compact3:301206:2025-05-14,2025-05-14,2025-04-29,2025-05-09,45.6259898997738,43.949737646633054,43.729988958399886,66.9724,11.179883945841373,0.5802249851983438,0.7813593572872,0.7738095238095243,4.88767361111112,2025-05-16,28.45,1.5964307172769,3.717574692442882,filled,12.79527240773286
compact3,2025-05-16,300163,570,136,compact3:300163:2025-05-14,2025-05-14,2025-04-29,2025-05-09,23.07903338632706,21.871039903296165,21.761684703779682,80.0532,14.238410596026508,0.5413105413105408,0.6008686235431882,0.6875000000000034,6.480874316939911,2025-05-19,3.69,6.3578604370047,7.241192411924125,filled,-2.9200271002710063
compact3,2025-05-16,300591,570,511,compact3:300591:2025-05-14,2025-05-14,2025-04-29,2025-05-09,7.340140735458719,6.960026304515321,6.925226172992744,67.4103,8.502024291497978,0.6434599156118137,0.6469172526865586,0.8148148148148165,6.4876106194690415,2025-05-19,5.65,1.3107394170462,6.4876106194690415,filled,3.860796460176984
compact3,2025-05-19,301367,571,1204,compact3:301367:2025-05-15,2025-05-15,2025-04-30,2025-05-12,124.04835502586491,115.91966724844319,115.34006891220098,72.9132,14.094143404488225,0.6003241866388803,0.7250645417535497,0.8547486033519541,10.410182303245886,2025-05-20,91.0,1.4311070030672,11.43406593406594,opening_structure_risk_above8,0.0
compact3,2025-05-19,300449,571,379,compact3:300449:2025-05-15,2025-05-15,2025-04-30,2025-05-12,29.996319377576565,28.255299631356888,28.114023133200103,71.8192,12.362637362637363,0.5967976710334784,0.6825986206896552,0.7681159420289847,9.238290398126459,2025-05-20,8.63,3.6271244712909994,10.184820393974503,opening_structure_risk_above8,0.0
compact3,2025-05-20,300839,572,744,compact3:300839:2025-05-15,2025-05-15,2025-04-30,2025-05-12,23.117753084611586,21.907399519972238,21.797862522372377,74.883,10.941176470588232,0.6578947368421055,0.5760139917273247,0.9397590361445785,10.132235528942102,2025-05-21,10.01,2.4207071292787,10.042457542457516,opening_structure_risk_above8,0.0
compact3,2025-05-20,301263,572,1120,compact3:301263:2025-05-19,2025-05-19,2025-05-07,2025-05-14,45.38876217547126,43.73515149319907,43.516475735733074,73.8649,13.505747126436795,0.6349206349206339,0.6357799218929474,0.8296296296296317,5.975564681724843,2025-05-21,24.06,1.9007019336462003,4.8422693266832795,filled,9.76506234413965
compact3,2025-05-21,300960,573,859,compact3:300960:2025-05-19,2025-05-19,2025-05-07,2025-05-14,34.30796981147517,32.50640975288172,32.34387770411731,90.2564,10.256410256410241,0.43443917851500785,0.4593054201259048,1.0,10.194649847759896,2025-05-22,22.56,1.5665739639943002,8.482934397163145,opening_structure_risk_above8,0.0
compact3,2025-05-28,300631,578,549,compact3:300631:2025-05-26,2025-05-26,2025-05-14,2025-05-21,39.51791138976735,37.34955300215356,37.1628052371428,86.1282,15.067829457364335,0.46816479400749117,0.6727317072705074,0.9848484848484877,7.377880184331809,2025-05-29,23.89,1.6808979748943997,7.455420678107993,filled,-6.210000000000005
compact3,2025-05-29,301488,579,1250,compact3:301488:2025-05-27,2025-05-27,2025-05-15,2025-05-22,75.15918519998823,69.8255041740361,69.47637665316591,92.7291,15.186991869918698,0.30313455657492366,0.46195477095547965,0.8771043771043766,10.301219832109132,2025-05-30,74.49,1.0159392430385,8.193918646798215,opening_structure_risk_above8,0.0
