strategy,variant,trades,win_rate,avg_net_return,payoff_ratio,profit_factor,wins,losses,avg_win,avg_loss,opportunity_mean
yangshi-tail-v1,baseline,384,50.0,0.7854280205994768,1.3953197565009148,1.3953197565009148,192,192,5.54449008140741,-3.973634040208457,0.7833879478186989
yangshi-tail-v1,low80,384,48.95833333333333,0.7058583009575313,1.4154878835960087,1.357712867939029,188,196,5.472229114850626,-3.865966765429723,0.7040249027732262
yangshi-tail-v1,context70,384,51.041666666666664,0.6883807876778137,1.2857202543035877,1.340431754486719,196,188,5.310293662523981,-4.130209230778829,0.6865927856318974
yangshi-tail-v1,trend80,384,49.21875,0.5574919290251551,1.302162043017322,1.262095518616789,189,195,5.454320249721231,-4.1886647510341195,0.5560438980406742
yangshi-tail-v1,context80,384,48.4375,0.496559653507987,1.3113624516462776,1.231885939425291,186,198,5.446102264696032,-4.153010678214115,0.4952698881742
qianlong-close-v3,baseline,506,47.233201581027664,0.5504895664820411,1.3890395754876708,1.2433725039009489,239,267,5.954310208249781,-4.286638273901817,0.5494037882444036
qianlong-close-v3,low80,506,44.86166007905138,0.31337316646398133,1.4033517942416807,1.141795187429611,227,279,5.624878976647258,-4.008174571570441,0.3127550734334803
qianlong-close-v3,context70,506,47.43083003952569,0.38585835887235675,1.297460480032919,1.1706410346161675,240,266,5.5809413141160364,-4.301434533076828,0.3850972970205374
qianlong-close-v3,trend80,506,48.418972332015805,0.5731231476589828,1.3416423335821963,1.2593960602591499,245,261,5.746869516718626,-4.283458693029189,0.5719927272493989
qianlong-close-v3,context80,506,47.82608695652174,0.40017667668404167,1.2856719064503164,1.17853258091279,242,264,5.52345772060827,-4.296164280246501,0.3993873735742111
double-volume-yin-low-open-v1,baseline,966,41.09730848861284,-0.1910541521846043,1.3473238855910052,0.9400484755353762,397,569,7.28942243067347,-5.4102970404001685,-0.16332593894719266
double-volume-yin-low-open-v1,low80,966,40.683229813664596,-0.11194545884175622,1.4065175992262386,0.9646796099405092,393,573,7.5153405479772175,-5.343225390220214,-0.09569850729304115
double-volume-yin-low-open-v1,context70,966,40.78674948240166,-0.18238711238568228,1.3689776105948042,0.9429670954097078,394,572,7.393432299348484,-5.400696287601173,-0.15591677041112295
double-volume-yin-low-open-v1,trend80,966,40.78674948240166,-0.23141498697493815,1.3468120467585205,0.9276992070329669,394,572,7.280086020778634,-5.405420925882119,-0.19782909505999138
double-volume-yin-low-open-v1,context80,966,40.683229813664596,-0.26186601057795444,1.3393853130216402,0.9186360000305491,393,573,7.267329940403384,-5.42586951622484,-0.22386067806929547
contraction-rebreakout-v1,baseline,527,41.745730550284634,0.18491583111410895,1.4825363832346232,1.0624039228391435,220,307,7.541188605185528,-5.086680293627624,0.18491583111410903
contraction-rebreakout-v1,low80,527,41.745730550284634,0.15446573451142526,1.4680737267672446,1.0520398041980252,220,307,7.480258498503409,-5.095288037730387,0.15446573451142537
contraction-rebreakout-v1,context70,527,42.69449715370019,0.24819095821489584,1.4573654482698322,1.0857855160950736,225,302,7.357734772281812,-5.0486545986230364,0.24819095821489576
contraction-rebreakout-v1,trend80,527,41.745730550284634,0.12231354441750912,1.4530230202979264,1.0412542816467223,220,307,7.395205670372641,-5.0895309758109235,0.12231354441750904
contraction-rebreakout-v1,context80,527,42.125237191650854,0.19629046279886078,1.465853441884224,1.0669490626173694,222,305,7.426018473599158,-5.066003368013158,0.19629046279886064
