signal_date,decision_date,code,row,col,corrected_candidate,legacy_candidate,legacy_selected,original_score,legacy_score,signal_factor,raw_close,h5_economic,vwap_economic,close_economic,vwap_gate,raw_amount,raw_volume,quote_source,vwap_known,vwap_reason,vwap_raw,limit_cents
2024-01-05,2024-01-05,300707,245,623,True,True,True,64.2074,64.2074,2.0381520568262,18.7,38.07268042,38.08806757,38.11344346,True,337207488.0,18044500.0,tdx,True,known_tdx_yuan_per_share,18.687549558037077,1868
2024-01-05,2024-01-05,301238,245,1106,True,True,True,75.8718,75.8718,1.0047687172151,19.19,17.72412017,19.23216498,19.28151168,True,524169376.0,27384800.0,tdx,True,known_tdx_yuan_per_share,19.140887499634832,1914
2024-01-09,2024-01-09,300763,247,672,True,True,True,50.1746,50.1746,4.5217720040257,72.27,316.0718631,317.8283402,326.7884627,True,1790977792.0,25480400.0,tdx,True,known_tdx_yuan_per_share,70.28844884695688,7028
2024-01-11,2024-01-11,300663,249,580,True,True,True,71.0122,71.0122,3.3825777753898,15.9,53.3770773,52.82733197,53.78298663,False,1074341888.0,68791000.0,tdx,True,known_tdx_yuan_per_share,15.617477402567197,1561
2024-01-11,2024-01-11,300862,249,767,True,True,True,48.6108,48.6108,1.0151630022745,42.23,41.37804397,42.17581174,42.87033359,True,162082832.0,3901300.0,tdx,True,known_tdx_yuan_per_share,41.545851895522006,4154
2024-01-18,2024-01-18,300763,254,672,True,True,True,82.2373,82.2373,4.5217720040257,79.76,359.8878338,350.5858496,360.656535,False,1479993472.0,19088600.0,tdx,True,known_tdx_yuan_per_share,77.53284536320108,7753
2024-02-21,2024-02-21,300783,272,691,True,True,True,59.9041,59.9041,1.0264862761675,18.24,18.44595838,18.73737949,18.72310968,False,262069440.0,14356900.0,tdx,True,known_tdx_yuan_per_share,18.25390160828591,1825
2024-02-21,2024-02-21,300862,272,767,True,True,True,57.4848,57.4848,1.0151630022745,34.28,33.99780895,34.06342472,34.79978772,True,90725024.0,2703800.0,tdx,True,known_tdx_yuan_per_share,33.55463569790665,3355
2024-02-22,2024-02-22,301165,273,1039,True,True,True,64.6115,64.6115,1.0139982502187,33.85,33.42138233,34.00744214,34.32384077,True,239303472.0,7135300.0,tdx,True,known_tdx_yuan_per_share,33.537969251468056,3353
2024-02-26,2024-02-26,301015,275,912,True,True,True,77.2213,77.2213,1.0603581725903,33.19,34.21775823,34.84282834,35.19328775,True,144982640.0,4412200.0,tdx,True,known_tdx_yuan_per_share,32.859489597026425,3285
2024-02-27,2024-02-27,300373,276,311,True,True,True,64.1385,64.1385,5.2943885339031,40.15,211.9873169,208.3157861,212.5696996,False,577787968.0,14684600.0,tdx,True,known_tdx_yuan_per_share,39.34652411369734,3934
2024-03-05,2024-03-05,300875,281,779,True,True,True,87.3661,87.3661,1.3138193492727,27.05,35.27604953,33.71918002,35.5388134,False,286377824.0,11158300.0,tdx,True,known_tdx_yuan_per_share,25.66500488425656,2566
2024-03-06,2024-03-06,300809,282,715,True,True,True,77.1563,77.1563,1.6478107544037,27.75,45.31479575,45.10858516,45.72674843,False,329872512.0,12050200.0,tdx,True,known_tdx_yuan_per_share,27.374857844683074,2737
2024-03-07,2024-03-07,301265,283,1121,True,True,True,84.7072,84.7072,1.017094017094,10.22,10.31333333,10.30435006,10.39470085,False,95584528.0,9434700.0,tdx,True,known_tdx_yuan_per_share,10.131167710685025,1013
2024-03-08,2024-03-08,300302,284,255,True,True,True,82.4763,82.4763,6.9095020875598,11.56,74.62262255,78.66973611,79.87384413,True,847814592.0,74462900.0,tdx,True,known_tdx_yuan_per_share,11.385731579081664,1138
2024-03-08,2024-03-08,300604,284,523,True,True,True,78.542,78.542,6.9365739466893,30.94,209.1377045,205.4837612,214.6175979,False,785255680.0,26508100.0,tdx,True,known_tdx_yuan_per_share,29.623235162082533,2962
2024-03-11,2024-03-11,300014,285,12,True,True,True,83.8969,83.8969,17.8735369367306,42.5,723.6995106,730.2216541,759.6253198,True,2651262720.0,64894600.0,tdx,True,known_tdx_yuan_per_share,40.85490503061888,4085
2024-03-11,2024-03-11,300733,285,646,True,True,True,55.0505,55.0505,1.6510027815467,9.29,15.32130581,15.00067323,15.33781584,False,39822132.0,4382900.0,tdx,True,known_tdx_yuan_per_share,9.085795249720505,908
2024-03-12,2024-03-12,300097,286,79,True,True,True,56.9303,56.9303,3.6523485596678,8.69,31.51976807,30.69691215,31.73890898,False,326242912.0,38816700.0,tdx,True,known_tdx_yuan_per_share,8.40470498522543,840
2024-03-12,2024-03-12,301378,286,1213,True,True,True,46.336,46.336,1.5140937705534,37.99,57.20246265,56.49434001,57.52042234,False,79075984.0,2119300.0,tdx,True,known_tdx_yuan_per_share,37.31231255603265,3731
2024-03-13,2024-03-13,301071,287,963,True,True,True,89.6478,89.6478,3.6534236853709,33.98,120.8552555,118.8907743,124.1433368,False,409434080.0,12581600.0,tdx,True,known_tdx_yuan_per_share,32.542290328734026,3254
2024-03-15,2024-03-15,300403,289,336,True,True,True,51.6949,51.6949,5.7551778468336,8.42,47.3075619,47.42528812,48.45859747,True,420536000.0,51033100.0,tdx,True,known_tdx_yuan_per_share,8.240455704239013,824
2024-03-15,2024-03-15,300489,289,415,True,True,True,55.3981,55.3981,3.0113855556013,16.71,49.17592612,49.51596918,50.32025263,True,60473768.0,3677800.0,tdx,True,known_tdx_yuan_per_share,16.442919136440263,1644
2024-03-18,2024-03-18,300450,290,380,True,True,True,74.2577,74.2577,20.1961488952548,25.73,485.313458,503.1444877,519.6469111,True,1977156462.0,79362782.0,tdx,True,known_tdx_yuan_per_share,24.912892569718636,2491
2024-03-18,2024-03-18,301110,290,998,True,True,True,53.7978,53.7978,1.023782660144,37.0,37.16331056,37.5122621,37.87995843,True,35889708.0,979500.0,tdx,True,known_tdx_yuan_per_share,36.640845329249615,3664
2024-03-21,2024-03-21,300720,293,634,True,True,True,53.4088,53.4088,2.9035996917534,16.65,48.17071889,48.56298264,48.34493487,False,203576192.0,12171900.0,tdx,True,known_tdx_yuan_per_share,16.725095671177055,1672
2024-03-21,2024-03-21,301013,293,911,True,True,True,84.8948,84.8948,1.5075949367089,14.4,20.05101266,20.67877136,21.70936709,True,574555200.0,41888200.0,tdx,True,known_tdx_yuan_per_share,13.716397457995331,1371
2024-03-22,2024-03-22,301182,294,1055,True,True,True,61.7895,61.7895,1.0172831049539,18.19,18.47386119,18.33943342,18.50437968,False,56423584.0,3129800.0,tdx,True,known_tdx_yuan_per_share,18.027856093041088,1802
2024-03-25,2024-03-25,301004,295,902,True,True,True,41.6222,41.6222,1.0541920344182,67.58,70.26189909,70.62322083,71.24229769,True,108112896.0,1613800.0,tdx,True,known_tdx_yuan_per_share,66.99274755236088,6699
2024-03-25,2024-03-25,301210,295,1080,True,True,True,49.3985,49.3985,1.0,37.22,36.5,36.73842864,37.22,True,72852304.0,1983000.0,tdx,True,known_tdx_yuan_per_share,36.73842864346949,3673
2024-03-26,2024-03-26,300174,296,145,True,True,True,49.0882,49.0882,3.8463565392717,15.12,57.61842096,56.77453749,58.15691087,False,136751072.0,9264600.0,tdx,True,known_tdx_yuan_per_share,14.760601860846664,1476
2024-03-26,2024-03-26,300871,296,776,True,True,True,78.648,78.648,1.5659631436096,12.81,19.84075303,19.56554119,20.05998787,False,83945144.0,6718700.0,tdx,True,known_tdx_yuan_per_share,12.494253947936357,1249
2024-04-02,2024-04-02,300927,301,829,True,True,True,75.0635,75.0635,1.8450020918556,17.12,31.32813552,30.31869979,31.58643581,False,172412144.0,10491900.0,tdx,True,known_tdx_yuan_per_share,16.432880984378425,1643
2024-04-08,2024-04-08,300131,303,107,True,True,True,49.8347,49.8347,18.5492030508447,5.77,105.7304574,104.0071716,107.0289016,False,571731520.0,101965700.0,tdx,True,known_tdx_yuan_per_share,5.607096504020469,560
2024-04-08,2024-04-08,301046,303,940,True,True,True,47.2987,47.2987,1.0125195618153,22.87,22.08305164,22.71623755,23.15632238,True,119750960.0,5337600.0,tdx,True,known_tdx_yuan_per_share,22.4353567146283,2243
2024-04-12,2024-04-12,300894,307,798,True,True,True,68.7655,68.7655,1.05643940217,14.46,14.52604178,14.84191598,15.27611376,True,350650368.0,24959100.0,tdx,True,known_tdx_yuan_per_share,14.048998882171231,1404
2024-04-12,2024-04-12,300926,307,828,True,True,True,78.9531,78.9531,1.8196571784515,29.45,52.31514388,53.24972972,53.58890391,True,448695936.0,15332900.0,tdx,True,known_tdx_yuan_per_share,29.263605449719233,2926
2024-04-15,2024-04-15,300628,308,547,True,True,True,80.0455,80.0455,18.485856304900494,33.35,582.3044736,611.4420886,616.5033078,True,790008768.0,23884500.0,tdx,True,known_tdx_yuan_per_share,33.076211266721096,3307
2024-04-22,2024-04-22,300636,313,554,True,True,True,85.4563,85.4563,3.9098730913472,10.29,38.23855883,38.87684492,40.23259411,True,170103152.0,17107400.0,tdx,True,known_tdx_yuan_per_share,9.943249821714579,994
2024-04-22,2024-04-22,301101,313,990,True,True,True,49.2102,49.2102,1.5261534975797,27.3,40.41254462,41.21112135,41.66399048,True,51703144.0,1914700.0,tdx,True,known_tdx_yuan_per_share,27.003261085287512,2700
2024-04-23,2024-04-23,300660,314,577,True,True,True,53.1097,53.1097,3.3986110173115,26.94,88.66976144,90.16359178,91.55858081,True,251253328.0,9470700.0,tdx,True,known_tdx_yuan_per_share,26.52954142777197,2652
2024-04-23,2024-04-23,301390,314,1223,True,True,True,50.2151,50.2151,1.0,31.07,30.54,30.27076721,31.07,False,27619048.0,912400.0,tdx,True,known_tdx_yuan_per_share,30.27076720736519,3027
2024-04-24,2024-04-24,300337,315,284,True,True,True,50.4914,50.4914,4.4667869465361,6.92,29.70413319,29.98744942,30.91016567,True,262968304.0,39170500.0,tdx,True,known_tdx_yuan_per_share,6.713427298604818,671
2024-04-24,2024-04-24,300757,315,666,True,True,True,48.8779,48.8779,1.3157577098431,114.21,144.2859905,142.0804499,150.272688,False,1269921280.0,11760300.0,tdx,True,known_tdx_yuan_per_share,107.98374871389335,10798
2024-04-25,2024-04-25,300801,316,707,True,True,True,44.8244,44.8244,1.9242984168264,14.66,27.97929898,27.81609237,28.21021479,False,51483592.0,3561600.0,tdx,True,known_tdx_yuan_per_share,14.455186433063792,1445
2024-04-29,2024-04-29,300596,318,515,True,True,True,81.3258,81.3258,1.5586717721254,30.4,46.44841881,46.48929541,47.38362187,True,361654912.0,12125400.0,tdx,True,known_tdx_yuan_per_share,29.82622527916605,2982
2024-05-09,2024-05-09,300457,323,387,True,True,True,81.7474,81.7474,5.7861413239305,17.36,98.48012533,99.51096656,100.4474134,True,589066112.0,34251700.0,tdx,True,known_tdx_yuan_per_share,17.19815693819577,1719
2024-05-09,2024-05-09,300890,323,794,True,True,True,81.6036,81.6036,1.001992825827,36.08,34.50863292,35.04643964,36.15190116,True,947670208.0,27094300.0,tdx,True,known_tdx_yuan_per_share,34.976737099685174,3497
2024-05-13,2024-05-13,300374,325,312,True,True,True,48.3958,48.3958,2.207644874819,17.67,38.58963241,38.10801238,39.00908494,False,575188672.0,33321400.0,tdx,True,known_tdx_yuan_per_share,17.26183989868373,1726
2024-05-14,2024-05-14,300031,326,24,True,True,True,81.2563,81.2563,6.805604792327,15.06,100.7229509,100.2981714,102.4924082,False,673562112.0,45703700.0,tdx,True,known_tdx_yuan_per_share,14.737583871765306,1473
2024-05-14,2024-05-14,301011,326,909,True,True,True,75.1368,75.1368,1.7009385113269,17.35,29.018011,29.3942153,29.51128317,True,75919656.0,4393200.0,tdx,True,known_tdx_yuan_per_share,17.281174542474734,1728
2024-05-20,2024-05-20,300314,330,265,True,True,True,80.4181,80.4181,3.8737438608152,13.05,50.24245787,48.91712661,50.55235738,False,239652944.0,18978100.0,tdx,True,known_tdx_yuan_per_share,12.627868121677091,1262
2024-05-21,2024-05-21,300407,331,340,True,True,True,44.0745,44.0745,4.1330264148941,8.33,34.22145872,34.01286315,34.42811004,False,144431536.0,17550400.0,tdx,True,known_tdx_yuan_per_share,8.229529583371319,822
2024-05-22,2024-05-22,301161,332,1036,True,True,True,51.1261,51.1261,1.0077590141488,17.94,17.43423094,17.76260958,18.07919671,True,102259896.0,5801700.0,tdx,True,known_tdx_yuan_per_share,17.625850354206527,1762
2024-05-22,2024-05-22,301459,332,1244,True,True,True,65.8039,65.8039,1.0,46.85,45.58,45.75499665,46.85,True,150122144.0,3281000.0,tdx,True,known_tdx_yuan_per_share,45.75499664736361,4575
2024-05-23,2024-05-23,300581,333,501,True,True,True,53.397,53.397,11.7672625132801,9.48,110.7299402,108.7986934,111.5536486,False,501505760.0,54241000.0,tdx,True,known_tdx_yuan_per_share,9.24587968510905,924
2024-05-24,2024-05-24,300880,334,784,True,True,True,59.5032,59.5032,1.5023387315393,20.35,28.52941251,30.17588585,30.57259319,True,480779072.0,23936100.0,tdx,True,known_tdx_yuan_per_share,20.085940148979994,2008
2024-05-27,2024-05-27,301381,335,1216,True,True,True,62.1129,62.1129,1.0074940047962,30.5,30.18452038,31.62461402,30.72856715,False,475191296.0,15138600.0,tdx,True,known_tdx_yuan_per_share,31.38938184508475,3138
2024-05-29,2024-05-29,301387,337,1220,True,True,True,92.7859,92.7859,1.4371886039997,36.08,49.58946503,49.08119583,51.85376483,False,272981312.0,7993400.0,tdx,True,known_tdx_yuan_per_share,34.15083844171441,3415
2024-05-31,2024-05-31,300696,339,613,True,True,True,52.7558,52.7558,4.1296518461589,15.72,64.4225688,63.42042936,64.91812702,False,383318976.0,24960000.0,tdx,True,known_tdx_yuan_per_share,15.357330769230769,1535
2024-06-03,2024-06-03,300814,340,720,True,True,True,76.3609,76.3609,1.0156141327753,32.51,30.84420121,32.34118699,33.01761546,True,585075648.0,18373200.0,tdx,True,known_tdx_yuan_per_share,31.843971001240938,3184
2024-06-05,2024-06-05,300083,342,69,True,True,True,37.4033,37.4033,8.232232505427,6.74,55.07363546,55.18759683,55.48524709,True,764102720.0,113979800.0,tdx,True,known_tdx_yuan_per_share,6.703843312586967,670
2024-06-11,2024-06-11,300613,345,532,True,True,True,68.2788,68.2788,5.1899615324209,35.18,181.5448544,177.2420917,182.5828467,False,396588096.0,11612800.0,tdx,True,known_tdx_yuan_per_share,34.15094516395701,3415
2024-06-17,2024-06-17,300025,349,21,True,True,True,68.681,68.681,7.9543341965544,10.85,82.48644562,84.55772507,86.30452603,True,306118208.0,28796500.0,tdx,True,known_tdx_yuan_per_share,10.630396332887678,1063
2024-06-18,2024-06-18,301055,350,948,True,True,True,57.4408,57.4408,1.042063703605,12.41,11.87952622,12.67416263,12.93201056,True,42506932.0,3494900.0,tdx,True,known_tdx_yuan_per_share,12.162560302154569,1216
2024-06-18,2024-06-18,301539,350,1280,True,True,True,58.7367,58.7367,1.0082918739635,27.6,27.2238806,27.46310606,27.82885572,True,271830560.0,9980100.0,tdx,True,known_tdx_yuan_per_share,27.237258143705976,2723
2024-06-21,2024-06-21,300779,353,687,True,True,True,81.8167,81.8167,1.4292546529545,55.52,77.16545871,77.24864738,79.35221833,True,420041024.0,7771600.0,tdx,True,known_tdx_yuan_per_share,54.048204230789025,5404
2024-06-21,2024-06-21,300852,353,757,True,True,True,42.3406,42.3406,2.6007887523875,27.65,71.52169069,69.45242823,71.911809,False,268547168.0,10056300.0,tdx,True,known_tdx_yuan_per_share,26.70437119019918,2670
2024-06-26,2024-06-26,300609,356,528,True,True,True,51.5543,51.5543,1.0533327979466,19.43,20.37145631,19.7063308,20.46625626,False,68332984.0,3652500.0,tdx,True,known_tdx_yuan_per_share,18.70855140314853,1870
2024-07-01,2024-07-01,300380,359,317,True,True,True,46.6189,46.6189,2.0673662232369,16.63,33.49133282,33.61169422,34.38030029,True,181602688.0,11169900.0,tdx,True,known_tdx_yuan_per_share,16.25821967967484,1625
2024-07-01,2024-07-01,301507,359,1259,True,True,True,64.0193,64.0193,1.0083963056255,13.31,13.30074727,12.9234527,13.42175483,False,150306816.0,11728200.0,tdx,True,known_tdx_yuan_per_share,12.815846933033201,1281
2024-07-02,2024-07-02,300250,360,211,True,True,True,41.3223,41.3223,4.2043799950987,11.4,47.76175674,47.82713562,47.92993194,True,128904322.0,11331700.0,tdx,True,known_tdx_yuan_per_share,11.375550182232145,1137
2024-07-05,2024-07-05,300879,363,783,True,True,True,72.0639,72.0639,1.0092903591166,14.95,14.86684699,14.41849697,15.08889087,False,88548960.0,6198400.0,tdx,True,known_tdx_yuan_per_share,14.285776974703149,1428
2024-07-16,2024-07-16,300319,370,270,True,True,True,86.0099,86.0099,8.0830792231996,11.14,83.90236234,85.06307614,90.04550255,True,1278552960.0,121493900.0,tdx,True,known_tdx_yuan_per_share,10.52359797487775,1052
2024-07-16,2024-07-16,300433,370,363,True,True,True,78.1204,78.1204,5.9385652027931,20.44,120.6716449,118.7276463,121.3842727,False,1478804224.0,73967400.0,tdx,True,known_tdx_yuan_per_share,19.992648437014143,1999
2024-07-18,2024-07-18,301000,372,898,True,True,True,54.7968,54.7968,4.9645299667784,14.12,69.40412894,67.75962262,70.09916313,False,154204356.0,11298058.0,tdx,True,known_tdx_yuan_per_share,13.64874883807465,1364
2024-07-22,2024-07-22,300551,374,473,True,True,True,70.1834,70.1834,4.0855648868034,6.25,25.37135795,24.8876302,25.53478054,False,262912880.0,43159900.0,tdx,True,known_tdx_yuan_per_share,6.091600768305765,609
2024-07-25,2024-07-25,300551,377,473,True,True,True,38.8672,38.8672,4.0855648868034,6.43,26.22932657,25.46107175,26.27018222,False,316471328.0,50782000.0,tdx,True,known_tdx_yuan_per_share,6.231958725532669,623
2024-07-25,2024-07-25,301266,377,1122,True,True,True,37.7418,37.7418,1.010039805637,31.85,31.81625388,31.68617715,32.16976781,False,206839840.0,6593300.0,tdx,True,known_tdx_yuan_per_share,31.37121623466246,3137
2024-07-29,2024-07-29,300899,379,803,True,True,True,80.848,80.848,1.0516961354718,21.13,22.16975454,21.62675534,22.22233934,False,163487520.0,7950300.0,tdx,True,known_tdx_yuan_per_share,20.563691936153354,2056
2024-07-29,2024-07-29,301178,379,1051,True,True,True,48.1452,48.1452,1.4222806648345,22.67,31.94442373,31.46697331,32.24310267,False,142246016.0,6429400.0,tdx,True,known_tdx_yuan_per_share,22.124306467166456,2212
2024-07-31,2024-07-31,300034,381,27,True,True,True,49.8326,49.8326,6.0848703335566,15.92,96.50604349,95.43365785,96.87113571,False,228730416.0,14583900.0,tdx,True,known_tdx_yuan_per_share,15.683761956678255,1568
2024-07-31,2024-07-31,301000,381,898,True,True,True,60.9383,60.9383,4.9645299667784,14.32,69.45377424,70.26623761,71.09206912,True,113404791.0,8012404.0,tdx,True,known_tdx_yuan_per_share,14.153653635038872,1415
2024-08-12,2024-08-12,301399,389,1231,True,True,True,65.6572,65.6572,1.4937640292845,21.95,32.66861932,32.94774359,32.78812044,False,182842544.0,8289600.0,tdx,True,known_tdx_yuan_per_share,22.05685967959853,2205
2024-08-13,2024-08-13,300432,390,362,True,True,True,48.1641,48.1641,8.1429187023934,6.59,51.4632462,52.485266,53.66183425,True,303994112.0,47163700.0,tdx,True,known_tdx_yuan_per_share,6.4455102547086,644
2024-08-13,2024-08-13,300722,390,636,True,True,True,50.7934,50.7934,3.6379578177514,21.25,77.05194658,76.3547456,77.30660363,False,448260864.0,21357600.0,tdx,True,known_tdx_yuan_per_share,20.98835374761209,2098
2024-08-19,2024-08-19,301314,394,1165,True,True,True,63.4774,63.4774,1.3412024456522,32.99,44.16579654,43.68631418,44.24626868,False,74828800.0,2297300.0,tdx,True,known_tdx_yuan_per_share,32.572498150002176,3257
2024-08-23,2024-08-23,300333,398,281,True,True,True,63.3123,63.3123,3.3372347958454,5.05,16.78629102,16.74547618,16.85303572,False,248460896.0,49516200.0,tdx,True,known_tdx_yuan_per_share,5.017769861176746,501
2024-08-26,2024-08-26,300417,399,350,True,True,True,62.7409,62.7409,3.718582325483,8.41,30.56674672,30.80568009,31.27327736,True,95565496.0,11535800.0,tdx,True,known_tdx_yuan_per_share,8.284253887896808,828
2024-08-29,2024-08-29,300827,402,733,True,True,True,72.6163,72.6163,4.6769082973332,36.5,152.2801342,161.4298084,170.7071529,True,838039744.0,24279500.0,tdx,True,known_tdx_yuan_per_share,34.51635099569596,3451
2024-08-29,2024-08-29,300925,402,827,True,True,True,54.1606,54.1606,2.9290231922465,10.1,29.43668308,29.54734968,29.58313424,True,433314656.0,42954400.0,tdx,True,known_tdx_yuan_per_share,10.087782764978675,1008
2024-08-30,2024-08-30,300094,403,76,True,True,True,64.0316,64.0316,2.4577718704829,2.95,7.152116143,7.054303427,7.250427018,False,514828256.0,179370000.0,tdx,True,known_tdx_yuan_per_share,2.870202687182918,287
2024-08-30,2024-08-30,300465,403,393,True,True,True,61.0251,61.0251,3.2288660349854,7.78,24.92684579,25.04233039,25.12057775,True,309769184.0,39940500.0,tdx,True,known_tdx_yuan_per_share,7.7557663023747825,775
2024-09-10,2024-09-10,300973,410,872,True,True,True,62.9984,62.9984,1.0332862716067,24.91,25.62549954,25.23546259,25.73916103,False,76928520.0,3149900.0,tdx,True,known_tdx_yuan_per_share,24.42252769929204,2442
2024-09-18,2024-09-18,300260,414,221,True,True,True,44.9134,44.9134,5.6313444840676,18.13,98.15433436,100.2234245,102.0962755,True,476629248.0,26780800.0,tdx,True,known_tdx_yuan_per_share,17.797423826024616,1779
2024-09-18,2024-09-18,301021,414,918,True,True,True,34.7177,34.7177,1.0090433120676,17.75,17.5472632,17.90925594,17.91051879,True,206810192.0,11652100.0,tdx,True,known_tdx_yuan_per_share,17.748748465941762,1774
2024-09-19,2024-09-19,300583,415,503,True,True,True,77.1193,77.1193,1.6761203554779,14.34,23.23102813,23.15684955,24.0355659,False,91487856.0,6622000.0,tdx,True,known_tdx_yuan_per_share,13.815743884022954,1381
2024-09-19,2024-09-19,301153,415,1029,True,True,True,62.8292,62.8292,3.3810269367995,20.19,67.5529182,65.51721723,68.26293385,False,346228896.0,17867200.0,tdx,True,known_tdx_yuan_per_share,19.37790454016298,1937
2024-09-23,2024-09-23,301382,417,1217,True,True,True,55.1771,55.1771,1.3076947856229,22.4,28.32466906,27.74557817,29.2923632,False,464066112.0,21872200.0,tdx,True,known_tdx_yuan_per_share,21.21716663161456,2121
2024-09-24,2024-09-24,300308,418,261,True,True,True,93.4382,93.4382,6.5611659809951,122.16,765.68807,761.556023,801.5120362,False,4180930816.0,36020700.0,tdx,True,known_tdx_yuan_per_share,116.07022673074094,11607
2024-09-24,2024-09-24,300502,418,427,True,True,True,84.9074,84.9074,8.498440268563101,105.3,891.4863842,856.75538,894.8857603,False,3232939776.0,32068600.0,tdx,True,known_tdx_yuan_per_share,100.8132495961782,10081
2024-10-18,2024-10-18,300327,431,276,True,True,True,86.5234,86.5234,3.1044954410868,26.06,80.5616567,78.50991434,80.90315119,False,795830464.0,31469300.0,tdx,True,known_tdx_yuan_per_share,25.289106017610813,2528
2024-10-18,2024-10-18,301095,431,984,True,True,True,85.983,85.983,1.0131427485265,51.15,50.21135462,49.71551903,51.82225159,False,537823552.0,10960200.0,tdx,True,known_tdx_yuan_per_share,49.07059652196128,4907
2024-10-24,2024-10-24,301539,435,1280,True,True,True,51.668,51.668,1.0082918739635,20.88,20.86155887,20.62567293,21.05313433,False,125677904.0,6143800.0,tdx,True,known_tdx_yuan_per_share,20.45605390800482,2045
2024-10-25,2024-10-25,300622,436,541,True,True,True,86.8366,86.8366,2.3059910182646,28.07,64.24490977,63.06061835,64.72916788,False,651692736.0,23831000.0,tdx,True,known_tdx_yuan_per_share,27.346428433552934,2734
2024-10-25,2024-10-25,301209,436,1079,True,True,True,83.3084,83.3084,1.0160031152615,28.18,27.99088583,28.01691739,28.63096779,True,139022496.0,5041500.0,tdx,True,known_tdx_yuan_per_share,27.575621541207973,2757
2024-10-31,2024-10-31,300901,440,805,True,True,True,79.3026,79.3026,1.0383803423321,10.93,10.36303582,11.2481543,11.34949714,True,275695488.0,25451000.0,tdx,True,known_tdx_yuan_per_share,10.832402970413737,1083
2024-10-31,2024-10-31,301191,440,1063,True,True,True,79.3106,79.3106,1.3299008517845,91.0,111.5121864,116.4626286,121.0209775,True,769542592.0,8787500.0,tdx,True,known_tdx_yuan_per_share,87.57241445234709,8757
2024-11-01,2024-11-01,300937,441,838,True,True,True,52.1359,52.1359,1.0197818307329,25.35,25.12742431,25.26467107,25.85146941,True,233666448.0,9431700.0,tdx,True,known_tdx_yuan_per_share,24.774584433347115,2477
2024-11-01,2024-11-01,301055,441,948,True,True,True,74.9282,74.9282,1.0540066239526,14.84,15.26201591,15.61196533,15.6414583,True,176094160.0,11888600.0,tdx,True,known_tdx_yuan_per_share,14.812018235957135,1481
2024-11-05,2024-11-05,300457,443,387,True,True,True,67.6312,67.6312,5.8466406642243,25.3,142.6580322,141.8428963,147.9200088,False,1278420992.0,52695400.0,tdx,True,known_tdx_yuan_per_share,24.260580468124353,2426
2024-11-08,2024-11-08,301050,446,944,True,True,True,45.9466,45.9466,2.5529885286756,63.4,157.2130336,161.2075904,161.8594727,True,1751607081.0,27739592.0,tdx,True,known_tdx_yuan_per_share,63.14465912115794,6314
2024-11-08,2024-11-08,301391,446,1224,True,True,True,57.049,57.049,1.4208888867357,43.48,61.56711546,61.90923934,61.7802488,False,200800304.0,4608600.0,tdx,True,known_tdx_yuan_per_share,43.57078158225926,4357
2024-11-11,2024-11-11,300969,447,868,True,True,True,70.9389,70.9389,1.0165204813675,88.2,89.45380236,88.26312759,89.65710646,False,362744160.0,4177700.0,tdx,True,known_tdx_yuan_per_share,86.82867606577783,8682
2024-11-11,2024-11-11,301413,447,1233,True,True,True,75.2175,75.2175,1.3063725490196,52.41,64.7307598,67.04305674,68.46698529,True,244899104.0,4772000.0,tdx,True,known_tdx_yuan_per_share,51.32001341156748,5132
2024-11-13,2024-11-13,300876,449,780,True,True,True,47.0402,47.0402,1.0392677941074,24.85,25.28538543,24.95843419,25.82580468,False,57603344.0,2398600.0,tdx,True,known_tdx_yuan_per_share,24.015402318018843,2401
2024-11-19,2024-11-19,300833,453,738,True,True,True,65.4007,65.4007,1.6037048554361,43.89,68.36593799,68.18603161,70.38660611,False,335741952.0,7896500.0,tdx,True,known_tdx_yuan_per_share,42.51781827391883,4251
2024-11-25,2024-11-25,301525,457,1272,True,True,True,35.8983,35.8983,1.010570064576,60.63,61.22033451,59.91974516,61.27086302,False,204110272.0,3442400.0,tdx,True,known_tdx_yuan_per_share,59.29301417615617,5929
2024-11-28,2024-11-28,300720,460,634,True,True,True,66.0721,66.0721,2.9493314273834,19.29,55.86033723,55.38422667,56.89260323,False,208770752.0,11117500.0,tdx,True,known_tdx_yuan_per_share,18.778570002248706,1877
2024-11-29,2024-11-29,300278,461,237,True,True,True,56.3366,56.3366,4.0596771467121,6.68,26.95625625,26.39025331,27.11864334,False,1057336128.0,162652600.0,tdx,True,known_tdx_yuan_per_share,6.5005793205887885,650
2024-12-02,2024-12-02,300433,462,363,True,True,True,43.1062,43.1062,5.9385652027931,21.71,125.6600397,128.5713745,128.9262506,True,1295277696.0,59827400.0,tdx,True,known_tdx_yuan_per_share,21.65024212986023,2165
2024-12-05,2024-12-05,300559,465,480,True,True,True,72.6327,72.6327,5.8025177814856,13.5,76.18705847,77.31961559,78.33399005,True,336467552.0,25250500.0,tdx,True,known_tdx_yuan_per_share,13.325183738935863,1332
2024-12-05,2024-12-05,301233,465,1101,True,True,True,70.6193,70.6193,1.0299797242036,50.96,50.64410304,51.61996282,52.48776675,True,254145616.0,5071000.0,tdx,True,known_tdx_yuan_per_share,50.1174553342536,5011
2024-12-09,2024-12-09,300403,467,336,True,True,True,74.7458,74.7458,6.0669290814612,11.53,68.37429075,67.35460222,69.95169231,False,1010956992.0,91061400.0,tdx,True,known_tdx_yuan_per_share,11.101926743933214,1110
2024-12-10,2024-12-10,300287,468,244,True,True,True,76.9737,76.9737,12.3874219199087,5.88,69.36956275,70.04581767,72.83804089,True,1698641152.0,300400300.0,tdx,True,known_tdx_yuan_per_share,5.654592062657727,565
2024-12-10,2024-12-10,300894,468,798,True,True,True,75.4347,75.4347,1.0923117078464,16.64,17.85929642,18.32127091,18.17606682,False,659466432.0,39317300.0,tdx,True,known_tdx_yuan_per_share,16.77293283109471,1677
2024-12-11,2024-12-11,300913,469,817,True,True,True,80.0182,80.0182,2.132303042515,37.94,78.29816772,78.77596292,80.89957743,True,784030848.0,21222100.0,tdx,True,known_tdx_yuan_per_share,36.94407471456642,3694
2024-12-13,2024-12-13,300582,471,502,True,True,True,56.6077,56.6077,2.3290793451844,15.14,34.88960859,34.43064354,35.26226129,False,401207552.0,27139900.0,tdx,True,known_tdx_yuan_per_share,14.78294142572375,1478
2024-12-13,2024-12-13,301110,471,998,True,True,True,35.8775,35.8775,1.4692494422208,49.6,72.22830258,72.48826035,72.87477233,True,369652032.0,7492400.0,tdx,True,known_tdx_yuan_per_share,49.3369323581229,4933
2024-12-16,2024-12-16,300488,472,414,True,True,True,78.4179,78.4179,2.78337757087,28.95,75.42953217,79.69727918,80.57878068,True,441857600.0,15431600.0,tdx,True,known_tdx_yuan_per_share,28.633297908188393,2863
2024-12-16,2024-12-16,300563,472,484,True,True,True,27.7622,27.7622,1.9961882652365,56.9,113.1838746,112.6633972,113.5831123,False,1530745728.0,27122000.0,tdx,True,known_tdx_yuan_per_share,56.43926436103532,5643
2024-12-18,2024-12-18,301600,474,1309,True,True,True,78.2203,78.2203,1.0,142.5,132.25,131.784152,142.5,False,615119398.0,4667628.0,tdx,True,known_tdx_yuan_per_share,131.78415203610913,13178
2024-12-19,2024-12-19,301018,475,915,True,True,True,78.2468,78.2468,1.0270608422498,33.85,34.5092443,33.52339014,34.76600951,False,587088064.0,17986700.0,tdx,True,known_tdx_yuan_per_share,32.6401209782784,3264
2024-12-20,2024-12-20,300441,476,371,True,True,True,55.6759,55.6759,7.16606271252,9.71,69.15250518,68.26195155,69.58246894,False,439769440.0,46166500.0,tdx,True,known_tdx_yuan_per_share,9.525726230058591,952
2024-12-26,2024-12-26,300570,480,491,True,True,True,76.6703,76.6703,2.0315670522345,77.22,155.4961422,149.868352,156.8776078,False,2114435072.0,28662600.0,tdx,True,known_tdx_yuan_per_share,73.76982799885565,7376
2024-12-30,2024-12-30,300436,482,366,True,True,True,46.378,46.378,2.0268310079322,33.44,67.59481411,66.58574595,67.77722891,False,237067648.0,7216200.0,tdx,True,known_tdx_yuan_per_share,32.85214489620576,3285
2024-12-30,2024-12-30,301600,482,1309,True,True,True,72.7791,72.7791,1.0,199.26,192.0,189.6200589,199.26,False,860591396.0,4538504.0,tdx,True,known_tdx_yuan_per_share,189.62005894453327,18962
2025-01-02,2025-01-02,301088,484,978,True,True,True,58.3327,58.3327,1.0773118418388,15.36,16.10535175,17.11860711,16.54750989,False,343237568.0,21600700.0,tdx,True,known_tdx_yuan_per_share,15.890113190776225,1589
2025-01-07,2025-01-07,301061,487,954,True,True,True,53.1194,53.1194,2.2581938752212,64.9,141.9952309,143.4549782,146.5567825,True,157151664.0,2473800.0,tdx,True,known_tdx_yuan_per_share,63.52642250788261,6352
2025-01-10,2025-01-10,301203,490,1074,True,True,True,65.6713,65.6713,1.0922012544755,32.6,35.15795838,35.16842627,35.6057609,True,141565472.0,4396500.0,tdx,True,known_tdx_yuan_per_share,32.19958421471625,3219
2025-01-13,2025-01-13,300377,491,315,True,True,True,40.0146,40.0146,10.976483787382898,26.45,282.4249278,276.39195,290.3279962,False,3668702208.0,145696900.0,tdx,True,known_tdx_yuan_per_share,25.18037245816486,2518
2025-01-14,2025-01-14,300426,492,358,True,True,True,52.1563,52.1563,5.0377386181114,10.76,52.03983993,51.50413772,54.20606753,False,193486896.0,18925400.0,tdx,True,known_tdx_yuan_per_share,10.223662168302916,1022
2025-01-14,2025-01-14,301210,492,1080,True,True,True,55.4731,55.4731,1.0137482658437,33.07,32.81503137,32.86435113,33.52465515,True,46040968.0,1420200.0,tdx,True,known_tdx_yuan_per_share,32.41865089424025,3241
2025-01-17,2025-01-17,300852,495,757,True,True,True,77.6012,77.6012,2.6007887523875,29.17,74.61662931,75.42411752,75.86500791,True,269991552.0,9309900.0,tdx,True,known_tdx_yuan_per_share,29.000478200625142,2900
2025-01-17,2025-01-17,301323,495,1174,True,True,True,61.3548,61.3548,1.0124801500602,40.03,39.97271632,40.23241472,40.52958041,True,110018440.0,2768700.0,tdx,True,known_tdx_yuan_per_share,39.73649727308845,3973
2025-01-20,2025-01-20,301328,496,1178,True,True,True,73.801,73.801,1.5296022785851,42.98,64.50332809,64.73316919,65.74230593,True,273947520.0,6473200.0,tdx,True,known_tdx_yuan_per_share,42.320262003336836,4232
2025-01-20,2025-01-20,301591,496,1305,True,True,True,67.77,67.77,1.0063647640157,36.84,36.2492588,36.11689557,37.07447791,False,89057248.0,2481500.0,tdx,True,known_tdx_yuan_per_share,35.888473906911145,3588
2025-01-23,2025-01-23,300248,499,209,True,True,True,69.0792,69.0792,10.3802992976284,10.48,100.8965092,109.1109968,108.7855366,False,464036320.0,44146200.0,tdx,True,known_tdx_yuan_per_share,10.51135363859177,1051
2025-01-23,2025-01-23,301323,499,1174,True,True,True,73.8133,73.8133,1.0124801500602,42.06,41.56231016,42.50715433,42.58491511,True,152218480.0,3625700.0,tdx,True,known_tdx_yuan_per_share,41.98319772733541,4198
2025-01-24,2025-01-24,300556,500,477,True,True,True,61.7596,61.7596,1.0303515569329,19.23,19.54576904,19.0937558,19.81366044,False,331958624.0,17913400.0,tdx,True,known_tdx_yuan_per_share,18.531301930398474,1853
2025-01-24,2025-01-24,301525,500,1272,True,True,True,66.5269,66.5269,1.010570064576,63.59,63.66591407,63.02882411,64.26215041,False,115283920.0,1848400.0,tdx,True,known_tdx_yuan_per_share,62.36957368534949,6236
2025-02-06,2025-02-06,300102,503,84,True,True,True,67.4867,67.4867,5.4343765279371,11.45,61.29976724,60.64642381,62.22361124,False,509964928.0,45696700.0,tdx,True,known_tdx_yuan_per_share,11.159775826263166,1115
2025-02-06,2025-02-06,300916,503,819,True,True,True,63.9647,63.9647,3.4726383696349,30.8,105.8807439,104.9658409,106.9572618,False,122033608.0,4037300.0,tdx,True,known_tdx_yuan_per_share,30.22653951898546,3022
2025-02-12,2025-02-12,300154,507,128,True,True,True,44.1181,44.1181,5.5815322354262,10.78,58.49445783,58.99077879,60.1689175,True,337447712.0,31928300.0,tdx,True,known_tdx_yuan_per_share,10.568921990835717,1056
2025-02-12,2025-02-12,300661,507,578,True,True,True,71.8474,71.8474,7.533417824954,99.3,717.1060428,723.9936568,748.06839,True,1822761728.0,18966500.0,tdx,True,known_tdx_yuan_per_share,96.1042748003058,9610
2025-02-14,2025-02-14,300206,509,172,True,True,True,84.3778,84.3778,6.9656809300593,13.6,92.43458594,93.18642419,94.73326065,True,609888000.0,45589100.0,tdx,True,known_tdx_yuan_per_share,13.377934637884932,1337
2025-02-14,2025-02-14,301060,509,953,True,True,True,87.1651,87.1651,1.026368441084,11.2,10.96161495,11.24657342,11.49532654,True,356187872.0,32505900.0,tdx,True,known_tdx_yuan_per_share,10.957637598097577,1095
2025-02-17,2025-02-17,300115,510,94,True,True,True,81.92,81.92,12.2653746801733,24.2,284.0660776,278.4009839,296.8220673,False,4894251008.0,215623600.0,tdx,True,known_tdx_yuan_per_share,22.698123062596117,2269
2025-02-17,2025-02-17,300918,510,821,True,True,True,81.3157,81.3157,1.0486754832576,13.99,14.38782763,13.75485575,14.67097001,False,525275424.0,40047200.0,tdx,True,known_tdx_yuan_per_share,13.116408238278831,1311
2025-02-19,2025-02-19,300583,512,503,True,True,True,83.1366,83.1366,1.6761203554779,24.11,39.89166446,39.58434583,40.41126177,False,232602736.0,9849100.0,tdx,True,known_tdx_yuan_per_share,23.616648830857642,2361
2025-02-19,2025-02-19,300986,512,884,True,True,True,82.155,82.155,2.1531227794042,15.09,31.13415539,30.91348611,32.49062274,False,156361920.0,10890600.0,tdx,True,known_tdx_yuan_per_share,14.357511982810864,1435
2025-02-24,2025-02-24,300823,515,729,True,True,True,69.9516,69.9516,1.5622679004632,16.57,24.91817301,25.38259707,25.88677911,True,359605824.0,22133300.0,tdx,True,known_tdx_yuan_per_share,16.24727555312583,1624
2025-02-25,2025-02-25,300402,516,335,True,True,True,55.1772,55.1772,1.0602202756279,15.63,16.21076801,16.54327696,16.57124291,True,187216944.0,11998300.0,tdx,True,known_tdx_yuan_per_share,15.603622513189368,1560
2025-02-26,2025-02-26,300258,517,219,True,True,True,75.6807,75.6807,4.6299511574318,14.24,64.26372207,64.18543884,65.93050448,False,1019942336.0,73572500.0,tdx,True,known_tdx_yuan_per_share,13.863091997689354,1386
2025-02-26,2025-02-26,300894,517,798,True,True,True,77.7184,77.7184,1.0923117078464,16.27,17.28037122,17.69728886,17.77191149,True,600508928.0,37064600.0,tdx,True,known_tdx_yuan_per_share,16.201683762943617,1620
2025-03-05,2025-03-05,300857,522,762,True,True,True,76.6182,76.6182,1.009474747791,125.0,119.6227576,119.6210996,126.1843435,False,3450541824.0,29118900.0,tdx,True,known_tdx_yuan_per_share,118.49835756158372,11849
2025-03-06,2025-03-06,300617,523,536,True,True,True,72.0882,72.0882,2.1160007594183,35.84,75.4989071,75.40578306,75.83746722,False,257858464.0,7235900.0,tdx,True,known_tdx_yuan_per_share,35.63599054713305,3563
2025-03-06,2025-03-06,301336,523,1185,True,True,True,75.9477,75.9477,1.0106517157545,91.44,90.15013305,89.00028273,92.41399289,False,450156704.0,5111800.0,tdx,True,known_tdx_yuan_per_share,88.06226847685747,8806
2025-03-10,2025-03-10,300022,525,19,True,True,True,79.4656,79.4656,4.0551764810634,7.27,28.62954596,28.45302029,29.48113302,False,288333376.0,41093800.0,tdx,True,known_tdx_yuan_per_share,7.016469053725866,701
2025-03-10,2025-03-10,301611,525,1316,True,True,True,51.4363,51.4363,1.001497005988,64.68,64.48639222,64.11269595,64.77682635,False,623953152.0,9746700.0,tdx,True,known_tdx_yuan_per_share,64.01686232263228,6401
2025-03-11,2025-03-11,300296,526,251,True,True,True,43.2836,43.2836,19.4357555289235,8.05,149.46096,158.3498173,156.457832,False,5400498176.0,662853700.0,tdx,True,known_tdx_yuan_per_share,8.147345599790723,814
2025-03-12,2025-03-12,300609,527,528,True,True,True,55.3463,55.3463,1.0533327979466,28.79,29.76718487,29.9403176,30.32545125,True,343454464.0,12083100.0,tdx,True,known_tdx_yuan_per_share,28.424366594665276,2842
2025-03-12,2025-03-12,301003,527,901,True,True,True,55.5554,55.5554,1.882854371483,29.6,54.75340512,54.3176039,55.7324894,False,215867872.0,7482800.0,tdx,True,known_tdx_yuan_per_share,28.848542256909177,2884
2025-03-14,2025-03-14,300973,529,872,True,True,True,66.7064,66.7064,1.0384960778178,45.6,45.47574325,46.07033261,47.35542115,True,340349472.0,7672000.0,tdx,True,known_tdx_yuan_per_share,44.36254848800834,4436
2025-03-14,2025-03-14,301008,529,906,True,True,True,73.0099,73.0099,1.7657002921599,25.31,41.77646891,43.05444051,44.68987439,True,245293472.0,10059700.0,tdx,True,known_tdx_yuan_per_share,24.383776056940068,2438
2025-03-17,2025-03-17,300798,530,705,True,True,True,81.5871,81.5871,1.015833292112,7.98,8.035241341,7.940159482,8.106349671,False,363324256.0,46482300.0,tdx,True,known_tdx_yuan_per_share,7.816400135105191,781
2025-03-17,2025-03-17,300956,530,855,True,True,True,88.9908,88.9908,1.2231298609431,25.41,30.35808315,30.39231429,31.07972977,True,495160736.0,19927600.0,tdx,True,known_tdx_yuan_per_share,24.847986511170436,2484
2025-03-19,2025-03-19,301268,532,1124,True,True,True,92.0851,92.0851,1.024696491471,23.02,22.37937137,21.95942459,23.58851323,False,318261664.0,14851100.0,tdx,True,known_tdx_yuan_per_share,21.43017446519113,2143
2025-03-20,2025-03-20,300256,533,217,True,True,True,50.7953,50.7953,4.5976554632453,5.65,24.73538639,26.54369144,25.97675337,False,2833040128.0,490713300.0,tdx,True,known_tdx_yuan_per_share,5.773310256722204,577
2025-03-20,2025-03-20,300766,533,674,True,True,True,43.9011,43.9011,1.0125727695221,52.15,49.36292251,51.23226479,52.80566993,True,8421584384.0,166447200.0,tdx,True,known_tdx_yuan_per_share,50.596131289682255,5059
2025-03-21,2025-03-21,300583,534,503,True,True,True,55.7555,55.7555,1.6761203554779,26.6,44.3333834,43.93334735,44.58480146,False,183754544.0,7010500.0,tdx,True,known_tdx_yuan_per_share,26.21133214464018,2621
2025-03-21,2025-03-21,300778,534,686,True,True,True,69.0649,69.0649,2.2789075107364,11.7,26.6404288,26.39059668,26.66321788,False,157900688.0,13635200.0,tdx,True,known_tdx_yuan_per_share,11.580371978408824,1158
2025-03-24,2025-03-24,300040,535,32,True,True,True,75.3271,75.3271,6.2849393833048,7.52,47.13704537,45.91604644,47.26274416,False,807411328.0,110517600.0,tdx,True,known_tdx_yuan_per_share,7.305726219172331,730
2025-03-25,2025-03-25,300871,536,776,True,True,True,87.2835,87.2835,1.5988419146835,14.58,21.77622688,22.00171545,23.31111512,True,255911168.0,18596800.0,tdx,True,known_tdx_yuan_per_share,13.761032435687861,1376
2025-03-26,2025-03-26,300779,537,687,True,True,True,70.9391,70.9391,1.4292546529545,151.72,215.645942,215.1217116,216.8465159,False,435976576.0,2896600.0,tdx,True,known_tdx_yuan_per_share,150.51321411309812,15051
2025-03-31,2025-03-31,300193,540,162,True,True,True,55.9311,55.9311,3.1129707705287,11.28,32.87297134,35.16705292,35.11431029,False,1024970496.0,90729900.0,tdx,True,known_tdx_yuan_per_share,11.296942860071487,1129
2025-04-17,2025-04-17,300144,552,120,True,True,True,59.5121,59.5121,15.485997037824998,10.22,157.8023098,157.2072255,158.2668897,False,1406726784.0,138572300.0,tdx,True,known_tdx_yuan_per_share,10.15157274577964,1015
2025-04-17,2025-04-17,301092,552,982,True,True,True,59.2387,59.2387,1.0190606755536,29.6,29.88904961,30.33147301,30.164196,False,325348928.0,10930900.0,tdx,True,known_tdx_yuan_per_share,29.76414824030958,2976
2025-04-18,2025-04-18,300252,553,213,True,True,True,42.0699,42.0699,4.9747879069377,10.04,49.39964392,48.3128221,49.94687059,False,664608832.0,68435000.0,tdx,True,known_tdx_yuan_per_share,9.71153403959962,971
2025-04-18,2025-04-18,300492,553,418,True,True,True,53.617,53.617,1.7650987948409,89.35,156.2641963,155.8026581,157.7115773,False,62617688.0,709400.0,tdx,True,known_tdx_yuan_per_share,88.26851987595151,8826
2025-04-21,2025-04-21,300652,554,569,True,True,True,88.8668,88.8668,1.1140433343212,50.29,54.44329775,53.42930645,56.02523928,False,278416288.0,5805200.0,tdx,True,known_tdx_yuan_per_share,47.95980982567353,4795
2025-04-21,2025-04-21,300984,554,882,True,True,True,89.5371,89.5371,1.6714197241346,62.06,102.792313,100.9576894,103.7283081,False,204268688.0,3381800.0,tdx,True,known_tdx_yuan_per_share,60.402356141699684,6040
2025-04-24,2025-04-24,300004,557,3,True,True,True,66.4766,66.4766,4.0759311906073,7.87,31.79226329,31.06712533,32.07757847,False,567848192.0,74500300.0,tdx,True,known_tdx_yuan_per_share,7.622092689559639,762
2025-04-24,2025-04-24,300858,557,763,True,True,True,73.9183,73.9183,2.8524755393864,16.0,45.12616303,44.02030653,45.63960863,False,397078144.0,25730300.0,tdx,True,known_tdx_yuan_per_share,15.432316918185952,1543
2025-04-25,2025-04-25,300986,558,884,True,True,True,75.2341,75.2341,2.1531227794042,19.59,41.9858942,42.08477639,42.17967525,True,381192448.0,19502400.0,tdx,True,known_tdx_yuan_per_share,19.545925014357206,1954
2025-04-28,2025-04-28,300945,559,845,True,True,True,71.9452,71.9452,1.033562312694,14.1,14.46987238,13.95267912,14.57322861,False,592230208.0,43870200.0,tdx,True,known_tdx_yuan_per_share,13.499601278316488,1349
2025-04-29,2025-04-29,301196,560,1067,True,True,True,89.6541,89.6541,1.0865483485388,70.01,69.06101303,70.48279777,76.06924988,True,856264640.0,13200000.0,tdx,True,known_tdx_yuan_per_share,64.86853333333333,6486
2025-04-29,2025-04-29,301413,560,1233,True,True,True,65.23,65.23,1.3063725490196,95.01,124.0923284,122.618756,124.1184559,False,273176000.0,2910400.0,tdx,True,known_tdx_yuan_per_share,93.86201209455744,9386
2025-05-09,2025-05-09,300322,565,273,True,True,True,61.5881,61.5881,4.438994375543,15.45,68.31612344,68.26400895,68.5824631,False,1386959104.0,90189600.0,tdx,True,known_tdx_yuan_per_share,15.378259843707035,1537
2025-05-09,2025-05-09,300740,565,652,True,True,True,70.4089,70.4089,2.6028950404548,13.45,33.60337497,35.19861396,35.00893829,False,575875520.0,42585300.0,tdx,True,known_tdx_yuan_per_share,13.522871037658534,1352
2025-05-12,2025-05-12,301004,566,902,True,True,True,54.167,54.167,1.5610065558278,72.65,111.8617298,112.5937462,113.4071263,True,106094456.0,1470900.0,tdx,True,known_tdx_yuan_per_share,72.12893874498606,7212
2025-05-12,2025-05-12,301151,566,1027,True,True,True,68.8464,68.8464,1.0673462555108,16.3,17.29100934,17.14246717,17.39774396,False,73923184.0,4602700.0,tdx,True,known_tdx_yuan_per_share,16.06083038216699,1606
2025-05-13,2025-05-13,300758,567,667,True,True,True,75.4754,75.4754,3.3105586668896,17.91,58.89483868,55.79997554,59.29210572,False,1316453248.0,78103900.0,tdx,True,known_tdx_yuan_per_share,16.855153814342177,1685
2025-05-13,2025-05-13,301258,567,1115,True,True,True,55.9263,55.9263,1.0476270187946,29.6,30.32880219,30.57125023,31.00975976,True,275706112.0,9448000.0,tdx,True,known_tdx_yuan_per_share,29.181425910245554,2918
2025-05-15,2025-05-15,300119,569,96,True,True,True,83.1908,83.1908,6.26991210455,23.1,140.6968276,143.0087183,144.8349696,True,480919744.0,21084900.0,tdx,True,known_tdx_yuan_per_share,22.808727762521993,2280
2025-05-15,2025-05-15,301448,569,1241,True,True,True,78.4558,78.4558,1.3265534888402,23.95,31.69136285,31.38152623,31.77095606,False,97913984.0,4139000.0,tdx,True,known_tdx_yuan_per_share,23.656434887654022,2365
2025-05-16,2025-05-16,300420,570,352,True,True,True,68.6559,68.6559,9.4067894985825,3.61,32.92376325,33.45014187,33.95851009,True,439360928.0,123556300.0,tdx,True,known_tdx_yuan_per_share,3.555957308530605,355
2025-05-16,2025-05-16,300945,570,845,True,True,True,66.2469,66.2469,1.033562312694,16.5,16.27860642,16.90306508,17.05377816,True,390866560.0,23900100.0,tdx,True,known_tdx_yuan_per_share,16.354180944849602,1635
2025-05-19,2025-05-19,300867,571,772,True,True,True,73.8302,73.8302,1.0218676984052,19.61,18.74105359,19.30836746,20.03882557,True,695361280.0,36801000.0,tdx,True,known_tdx_yuan_per_share,18.895173500720087,1889
2025-05-20,2025-05-20,301263,572,1120,True,True,True,69.5102,69.5102,1.9007019336462,24.35,45.52181131,45.7882257,46.28209208,True,208430528.0,8652100.0,tdx,True,known_tdx_yuan_per_share,24.09016631800372,2409
2025-05-21,2025-05-21,300960,573,859,True,True,True,79.6,79.6,1.5665739639943,22.99,35.20091697,34.92907993,36.01553543,False,198266960.0,8892300.0,tdx,True,known_tdx_yuan_per_share,22.296476727055992,2229
2025-05-29,2025-05-29,301378,579,1213,True,True,True,50.7852,50.7852,2.155830244694,27.29,57.90560037,57.93729543,58.83260738,True,90008752.0,3349200.0,tdx,True,known_tdx_yuan_per_share,26.87470201839245,2687
2025-05-30,2025-05-30,301078,580,969,True,True,True,64.4499,64.4499,1.0174753038827,14.66,14.87552702,14.73540906,14.91618795,False,1249931904.0,86307400.0,tdx,True,known_tdx_yuan_per_share,14.482326011442819,1448
2025-06-03,2025-06-03,300875,581,779,True,True,True,63.5872,63.5872,1.3138193492727,32.02,41.77945531,41.35973699,42.06849556,False,289570560.0,9198400.0,tdx,True,known_tdx_yuan_per_share,31.480535745347016,3148
2025-06-03,2025-06-03,301371,581,1208,True,True,True,69.0523,69.0523,1.3990713930995,27.23,38.05474189,37.3002028,38.09671403,False,213896016.0,8022900.0,tdx,True,known_tdx_yuan_per_share,26.6606857869349,2666
2025-06-04,2025-06-04,300857,582,762,True,True,True,54.6094,54.6094,1.4171605753045,81.81,115.6686462,115.7015215,115.9379067,True,1124912640.0,13778400.0,tdx,True,known_tdx_yuan_per_share,81.64319804912036,8164
2025-06-06,2025-06-06,300191,584,160,True,True,True,58.5464,58.5464,4.0991608725486,17.77,72.3501894,71.87149577,72.84208871,False,188646944.0,10759400.0,tdx,True,known_tdx_yuan_per_share,17.533221555105303,1753
2025-06-06,2025-06-06,300255,584,216,True,True,True,77.6276,77.6276,7.932220499845501,43.41,317.4474644,332.4486364,344.3376919,True,2894884096.0,69071900.0,tdx,True,known_tdx_yuan_per_share,41.911169317768874,4191
2025-06-09,2025-06-09,300834,585,739,True,True,True,76.4522,76.4522,1.0848354956961,24.38,25.07054831,26.41202016,26.44828939,True,391787392.0,16092100.0,tdx,True,known_tdx_yuan_per_share,24.346567073284408,2434
2025-06-09,2025-06-09,301148,585,1024,True,True,True,75.9627,75.9627,1.0835011121957,22.66,24.2595899,23.90638485,24.5521352,False,157111232.0,7120700.0,tdx,True,known_tdx_yuan_per_share,22.064015054699677,2206
2025-06-10,2025-06-10,300743,586,654,True,True,True,88.44,88.44,2.3866589856899,20.28,47.13651497,47.64299167,48.40144423,True,328047008.0,16433400.0,tdx,True,known_tdx_yuan_per_share,19.962211593462097,1996
2025-06-12,2025-06-12,300844,588,749,True,True,True,73.2958,73.2958,2.24,50.83,113.0976,112.6610333,113.8592,False,137843792.0,2740700.0,tdx,True,known_tdx_yuan_per_share,50.2951041704674,5029
2025-06-12,2025-06-12,300906,588,810,True,True,True,63.5088,63.5088,1.0768475726351,27.1,29.06411599,28.96325511,29.18256922,False,82515272.0,3067900.0,tdx,True,known_tdx_yuan_per_share,26.896336907982658,2689
2025-06-20,2025-06-20,300587,594,507,True,True,True,60.8702,60.8702,8.6089910440238,7.01,60.1768474,59.78706356,60.34902722,False,392019232.0,56448500.0,tdx,True,known_tdx_yuan_per_share,6.944723633046051,694
2025-06-23,2025-06-23,300172,595,144,True,True,True,69.5237,69.5237,7.347354985646,6.03,42.98202667,43.99832628,44.30455056,True,992371520.0,165717800.0,tdx,True,known_tdx_yuan_per_share,5.988321833864558,598
2025-06-23,2025-06-23,301219,595,1088,True,True,True,78.3547,78.3547,2.5571474754308,55.01,130.2610924,140.0603375,140.6686826,True,1565961728.0,28590500.0,tdx,True,known_tdx_yuan_per_share,54.772100103181124,5477
