signal_date,decision_date,code,row,col,corrected_candidate,legacy_candidate,legacy_selected,original_score,legacy_score,signal_factor,raw_close,h5_economic,vwap_economic,close_economic,vwap_gate,raw_amount,raw_volume,quote_source,vwap_known,vwap_reason,vwap_raw,limit_cents,label_status,label_reason,label_available_date,entry_date,gross_return_pct,net_return_pct,entry_price,entry_factor,exit_date,exit_price,exit_factor,exit_reason,hold_days,entry_proxy_branch
2024-01-05,2024-01-05,301238,245,1106,True,True,True,75.8718,75.8718,1.0047687172151,19.19,17.72412017,19.23216498,19.28151168,True,524169376.0,27384800.0,tdx,True,known_tdx_yuan_per_share,19.140887499634832,1914,closed,closed,2024-01-11,2024-01-08,1.322051824431525,1.112051824431525,18.91,1.0047687172151,2024-01-11,19.16,1.0047687172151,hold_expired,3,next_open
2024-01-05,2024-01-05,300707,245,623,True,True,True,64.2074,64.2074,2.0381520568262,18.7,38.07268042,38.08806757,38.11344346,True,337207488.0,18044500.0,tdx,True,known_tdx_yuan_per_share,18.687549558037077,1868,closed,closed,2024-01-09,2024-01-08,-6.000000000000005,-6.210000000000005,18.7,2.0381520568262,2024-01-09,17.578,2.0381520568262,stop_loss,1,next_open
2024-01-09,2024-01-09,300763,247,672,True,True,True,50.1746,50.1746,4.5217720040257,72.27,316.0718631,317.8283402,326.7884627,True,1790977792.0,25480400.0,tdx,True,known_tdx_yuan_per_share,70.28844884695688,7028,closed,closed,2024-01-15,2024-01-10,6.125897760878729,5.915897760878729,71.01,4.5217720040257,2024-01-15,75.36,4.5217720040257,hold_expired,3,next_open
2024-01-11,2024-01-11,300862,249,767,True,True,True,48.6108,48.6108,1.0151630022745,42.23,41.37804397,42.17581174,42.87033359,True,162082832.0,3901300.0,tdx,True,known_tdx_yuan_per_share,41.545851895522006,4154,closed,closed,2024-01-17,2024-01-12,-5.30303030303031,-5.51303030303031,42.24,1.0151630022745,2024-01-17,40.0,1.0151630022745,hold_expired,3,next_open
2024-02-21,2024-02-21,300862,272,767,True,True,True,57.4848,57.4848,1.0151630022745,34.28,33.99780895,34.06342472,34.79978772,True,90725024.0,2703800.0,tdx,True,known_tdx_yuan_per_share,33.55463569790665,3355,closed,closed,2024-02-27,2024-02-22,7.3731343283582,7.1631343283582,33.5,1.0151630022745,2024-02-27,35.97,1.0151630022745,hold_expired,3,next_open
2024-02-21,2024-02-21,300973,272,872,True,True,False,38.2344,38.2344,1.0156522187662,35.63,35.71033201,35.93863443,36.18768855,True,149762560.0,4232400.0,tdx,True,known_tdx_yuan_per_share,35.384784046876476,3538,closed,closed,2024-02-27,2024-02-22,6.7811158798283255,6.571115879828326,34.95,1.0156522187662,2024-02-27,37.32,1.0156522187662,hold_expired,3,next_open
2024-02-22,2024-02-22,301165,273,1039,True,True,True,64.6115,64.6115,1.0139982502187,33.85,33.42138233,34.00744214,34.32384077,True,239303472.0,7135300.0,tdx,True,known_tdx_yuan_per_share,33.537969251468056,3353,closed,closed,2024-02-28,2024-02-23,3.833772314896078,3.623772314896078,34.17,1.0139982502187,2024-02-28,35.48,1.0139982502187,hold_expired,3,next_open
2024-02-26,2024-02-26,301015,275,912,True,True,True,77.2213,77.2213,1.0603581725903,33.19,34.21775823,34.84282834,35.19328775,True,144982640.0,4412200.0,tdx,True,known_tdx_yuan_per_share,32.859489597026425,3285,closed,closed,2024-03-01,2024-02-27,3.1354642313546455,2.9254642313546455,32.85,1.0603581725903,2024-03-01,33.88,1.0603581725903,hold_expired,3,next_open
2024-03-08,2024-03-08,300302,284,255,True,True,True,82.4763,82.4763,6.9095020875598,11.56,74.62262255,78.66973611,79.87384413,True,847814592.0,74462900.0,tdx,True,known_tdx_yuan_per_share,11.385731579081664,1138,closed,closed,2024-03-14,2024-03-11,11.440000000000005,11.230000000000004,12.5,6.9095020875598,2024-03-14,13.93,6.9095020875598,hold_expired,3,next_open
2024-03-08,2024-03-08,300136,284,112,True,True,False,69.733,69.733,13.1933622862881,21.84,276.005139,277.016419,288.1430323,True,1243272576.0,59212900.0,tdx,True,known_tdx_yuan_per_share,20.99665066227123,2099,closed,closed,2024-03-14,2024-03-11,-4.166666666666674,-4.376666666666674,21.6,13.1933622862881,2024-03-14,20.7,13.1933622862881,hold_expired,3,next_open
2024-03-11,2024-03-11,300014,285,12,True,True,True,83.8969,83.8969,17.8735369367306,42.5,723.6995106,730.2216541,759.6253198,True,2651262720.0,64894600.0,tdx,True,known_tdx_yuan_per_share,40.85490503061888,4085,closed,closed,2024-03-15,2024-03-12,-6.000000000000005,-6.210000000000005,43.2,17.8735369367306,2024-03-15,40.608000000000004,17.8735369367306,stop_loss,3,next_open
2024-03-15,2024-03-15,300489,289,415,True,True,True,55.3981,55.3981,3.0113855556013,16.71,49.17592612,49.51596918,50.32025263,True,60473768.0,3677800.0,tdx,True,known_tdx_yuan_per_share,16.442919136440263,1644,closed,closed,2024-03-21,2024-03-18,8.100059559261453,7.890059559261453,16.79,3.0113855556013,2024-03-21,18.15,3.0113855556013,hold_expired,3,next_open
2024-03-15,2024-03-15,300403,289,336,True,True,True,51.6949,51.6949,5.7551778468336,8.42,47.3075619,47.42528812,48.45859747,True,420536000.0,51033100.0,tdx,True,known_tdx_yuan_per_share,8.240455704239013,824,closed,closed,2024-03-21,2024-03-18,-1.6686531585220599,-1.8786531585220598,8.39,5.7551778468336,2024-03-21,8.25,5.7551778468336,hold_expired,3,next_open
2024-03-18,2024-03-18,300450,290,380,True,True,True,74.2577,74.2577,20.1961488952548,25.73,485.313458,503.1444877,519.6469111,True,1977156462.0,79362782.0,tdx,True,known_tdx_yuan_per_share,24.912892569718636,2491,closed,closed,2024-03-22,2024-03-19,-6.000000000000005,-6.210000000000005,25.99,20.1961488952548,2024-03-22,24.4306,20.1961488952548,stop_loss,3,next_open
2024-03-18,2024-03-18,301110,290,998,True,True,True,53.7978,53.7978,1.023782660144,37.0,37.16331056,37.5122621,37.87995843,True,35889708.0,979500.0,tdx,True,known_tdx_yuan_per_share,36.640845329249615,3664,closed,closed,2024-03-22,2024-03-19,1.1388286334056197,0.9288286334056197,36.88,1.023782660144,2024-03-22,37.3,1.023782660144,hold_expired,3,next_open
2024-03-21,2024-03-21,301013,293,911,True,True,True,84.8948,84.8948,1.5075949367089,14.4,20.05101266,20.67877136,21.70936709,True,574555200.0,41888200.0,tdx,True,known_tdx_yuan_per_share,13.716397457995331,1371,closed,closed,2024-03-25,2024-03-22,-6.000000000000005,-6.210000000000005,14.74,1.5075949367089,2024-03-25,13.855599999999999,1.5075949367089,stop_loss,1,next_open
2024-03-25,2024-03-25,301210,295,1080,True,True,True,49.3985,49.3985,1.0,37.22,36.5,36.73842864,37.22,True,72852304.0,1983000.0,tdx,True,known_tdx_yuan_per_share,36.73842864346949,3673,closed,closed,2024-03-29,2024-03-26,4.05994550408717,3.84994550408717,36.7,1.0,2024-03-29,38.19,1.0,hold_expired,3,next_open
2024-03-25,2024-03-25,301004,295,902,True,True,True,41.6222,41.6222,1.0541920344182,67.58,70.26189909,70.62322083,71.24229769,True,108112896.0,1613800.0,tdx,True,known_tdx_yuan_per_share,66.99274755236088,6699,closed,closed,2024-03-29,2024-03-26,3.8518518518518396,3.6418518518518397,67.5,1.0541920344182,2024-03-29,70.1,1.0541920344182,hold_expired,3,next_open
2024-03-26,2024-03-26,301349,296,1191,True,True,False,41.4819,41.4819,1.5192529842126,35.45,52.33826531,52.41503464,53.85751829,True,218709216.0,6339300.0,tdx,True,known_tdx_yuan_per_share,34.500530973451326,3450,closed,closed,2024-04-01,2024-03-27,5.285714285714294,5.075714285714294,35.0,1.5192529842126,2024-04-01,36.85,1.5192529842126,hold_expired,3,next_open
2024-04-08,2024-04-08,301046,303,940,True,True,True,47.2987,47.2987,1.0125195618153,22.87,22.08305164,22.71623755,23.15632238,True,119750960.0,5337600.0,tdx,True,known_tdx_yuan_per_share,22.4353567146283,2243,closed,closed,2024-04-12,2024-04-09,-6.000000000000005,-6.210000000000005,22.3,1.0125195618153,2024-04-12,20.962,1.0125195618153,stop_loss,3,next_open
2024-04-12,2024-04-12,300926,307,828,True,True,True,78.9531,78.9531,1.8196571784515,29.45,52.31514388,53.24972972,53.58890391,True,448695936.0,15332900.0,tdx,True,known_tdx_yuan_per_share,29.263605449719233,2926,closed,closed,2024-04-16,2024-04-15,-6.000000000000005,-6.210000000000005,29.48,1.8196571784515,2024-04-16,27.711199999999998,1.8196571784515,stop_loss,1,next_open
2024-04-12,2024-04-12,300894,307,798,True,True,True,68.7655,68.7655,1.05643940217,14.46,14.52604178,14.84191598,15.27611376,True,350650368.0,24959100.0,tdx,True,known_tdx_yuan_per_share,14.048998882171231,1404,closed,closed,2024-04-18,2024-04-15,28.59195402298851,28.38195402298851,13.92,1.05643940217,2024-04-18,17.9,1.05643940217,hold_expired,3,next_open
2024-04-15,2024-04-15,300628,308,547,True,True,True,80.0455,80.0455,18.485856304900494,33.35,582.3044736,611.4420886,616.5033078,True,790008768.0,23884500.0,tdx,True,known_tdx_yuan_per_share,33.076211266721096,3307,closed,closed,2024-04-19,2024-04-16,3.3796016898008263,3.1696016898008263,33.14,18.485856304900494,2024-04-19,34.26,18.485856304900494,hold_expired,3,next_open
2024-04-22,2024-04-22,300636,313,554,True,True,True,85.4563,85.4563,3.9098730913472,10.29,38.23855883,38.87684492,40.23259411,True,170103152.0,17107400.0,tdx,True,known_tdx_yuan_per_share,9.943249821714579,994,closed,closed,2024-04-26,2024-04-23,3.0999999999999917,2.8899999999999917,10.0,3.9098730913472,2024-04-26,10.31,3.9098730913472,hold_expired,3,next_open
2024-04-22,2024-04-22,301101,313,990,True,True,True,49.2102,49.2102,1.5261534975797,27.3,40.41254462,41.21112135,41.66399048,True,51703144.0,1914700.0,tdx,True,known_tdx_yuan_per_share,27.003261085287512,2700,closed,closed,2024-04-26,2024-04-23,1.4683734939759052,1.2583734939759053,26.56,1.5261534975797,2024-04-26,26.95,1.5261534975797,hold_expired,3,next_open
2024-04-23,2024-04-23,300660,314,577,True,True,True,53.1097,53.1097,3.3986110173115,26.94,88.66976144,90.16359178,91.55858081,True,251253328.0,9470700.0,tdx,True,known_tdx_yuan_per_share,26.52954142777197,2652,closed,closed,2024-04-29,2024-04-24,8.63363363363363,8.42363363363363,26.64,3.3986110173115,2024-04-29,28.94,3.3986110173115,hold_expired,3,next_open
2024-04-23,2024-04-23,300947,314,847,True,True,False,45.1867,45.1867,2.9018653321201,10.75,29.54098908,31.1211699,31.19505232,True,77978128.0,7271000.0,tdx,True,known_tdx_yuan_per_share,10.724539678173565,1072,closed,closed,2024-04-29,2024-04-24,26.340996168582386,26.130996168582385,10.44,2.9018653321201,2024-04-29,13.19,2.9018653321201,hold_expired,3,next_open
2024-04-24,2024-04-24,300337,315,284,True,True,True,50.4914,50.4914,4.4667869465361,6.92,29.70413319,29.98744942,30.91016567,True,262968304.0,39170500.0,tdx,True,known_tdx_yuan_per_share,6.713427298604818,671,closed,closed,2024-04-30,2024-04-25,2.6509572901325384,2.4409572901325385,6.79,4.4667869465361,2024-04-30,6.97,4.4667869465361,hold_expired,3,next_open
2024-04-29,2024-04-29,300596,318,515,True,True,True,81.3258,81.3258,1.5586717721254,30.4,46.44841881,46.48929541,47.38362187,True,361654912.0,12125400.0,tdx,True,known_tdx_yuan_per_share,29.82622527916605,2982,closed,closed,2024-05-08,2024-04-30,15.284280936454863,15.074280936454862,29.9,1.5586717721254,2024-05-08,34.47,1.5586717721254,hold_expired,3,next_open
2024-05-09,2024-05-09,300457,323,387,True,True,True,81.7474,81.7474,5.7861413239305,17.36,98.48012533,99.51096656,100.4474134,True,589066112.0,34251700.0,tdx,True,known_tdx_yuan_per_share,17.19815693819577,1719,closed,closed,2024-05-15,2024-05-10,-2.20289855072463,-2.41289855072463,17.25,5.7861413239305,2024-05-15,16.87,5.7861413239305,hold_expired,3,next_open
2024-05-09,2024-05-09,300890,323,794,True,True,True,81.6036,81.6036,1.001992825827,36.08,34.50863292,35.04643964,36.15190116,True,947670208.0,27094300.0,tdx,True,known_tdx_yuan_per_share,34.976737099685174,3497,closed,closed,2024-05-13,2024-05-10,-5.999999999999995,-6.209999999999995,34.7,1.001992825827,2024-05-13,32.618,1.001992825827,stop_loss,1,next_open
2024-05-14,2024-05-14,301011,326,909,True,True,True,75.1368,75.1368,1.7009385113269,17.35,29.018011,29.3942153,29.51128317,True,75919656.0,4393200.0,tdx,True,known_tdx_yuan_per_share,17.281174542474734,1728,closed,closed,2024-05-20,2024-05-15,-1.1574074074074292,-1.3674074074074292,17.28,1.7009385113269,2024-05-20,17.08,1.7009385113269,hold_expired,3,next_open
2024-05-22,2024-05-22,301459,332,1244,True,True,True,65.8039,65.8039,1.0,46.85,45.58,45.75499665,46.85,True,150122144.0,3281000.0,tdx,True,known_tdx_yuan_per_share,45.75499664736361,4575,closed,closed,2024-05-27,2024-05-23,-6.000000000000005,-6.210000000000005,46.8,1.0,2024-05-27,43.992,1.0,stop_loss,2,next_open
2024-05-22,2024-05-22,301161,332,1036,True,True,True,51.1261,51.1261,1.0077590141488,17.94,17.43423094,17.76260958,18.07919671,True,102259896.0,5801700.0,tdx,True,known_tdx_yuan_per_share,17.625850354206527,1762,closed,closed,2024-05-24,2024-05-23,-6.000000000000005,-6.210000000000005,17.71,1.0077590141488,2024-05-24,16.6474,1.0077590141488,stop_loss,1,next_open
2024-05-24,2024-05-24,300880,334,784,True,True,True,59.5032,59.5032,1.5023387315393,20.35,28.52941251,30.17588585,30.57259319,True,480779072.0,23936100.0,tdx,True,known_tdx_yuan_per_share,20.085940148979994,2008,closed,closed,2024-05-30,2024-05-27,0.3940886699507429,0.18408866995074288,20.3,1.5023387315393,2024-05-30,20.38,1.5023387315393,hold_expired,3,next_open
2024-06-03,2024-06-03,300814,340,720,True,True,True,76.3609,76.3609,1.0156141327753,32.51,30.84420121,32.34118699,33.01761546,True,585075648.0,18373200.0,tdx,True,known_tdx_yuan_per_share,31.843971001240938,3184,closed,closed,2024-06-07,2024-06-04,-0.9606147934678289,-1.1706147934678288,31.23,1.0156141327753,2024-06-07,30.93,1.0156141327753,hold_expired,3,next_open
2024-06-05,2024-06-05,300083,342,69,True,True,True,37.4033,37.4033,8.232232505427,6.74,55.07363546,55.18759683,55.48524709,True,764102720.0,113979800.0,tdx,True,known_tdx_yuan_per_share,6.703843312586967,670,closed,closed,2024-06-11,2024-06-06,-6.000000000000005,-6.210000000000005,6.69,8.232232505427,2024-06-11,6.2886,8.232232505427,stop_loss,2,next_open
2024-06-17,2024-06-17,300025,349,21,True,True,True,68.681,68.681,7.9543341965544,10.85,82.48644562,84.55772507,86.30452603,True,306118208.0,28796500.0,tdx,True,known_tdx_yuan_per_share,10.630396332887678,1063,closed,closed,2024-06-21,2024-06-18,-4.704797047970488,-4.914797047970488,10.84,7.9543341965544,2024-06-21,10.33,7.9543341965544,hold_expired,3,next_open
2024-06-18,2024-06-18,301539,350,1280,True,True,True,58.7367,58.7367,1.0082918739635,27.6,27.2238806,27.46310606,27.82885572,True,271830560.0,9980100.0,tdx,True,known_tdx_yuan_per_share,27.237258143705976,2723,closed,closed,2024-06-20,2024-06-19,-6.000000000000005,-6.210000000000005,27.2,1.0082918739635,2024-06-20,25.567999999999994,1.0082918739635,stop_loss,1,next_open
2024-06-18,2024-06-18,301055,350,948,True,True,True,57.4408,57.4408,1.042063703605,12.41,11.87952622,12.67416263,12.93201056,True,42506932.0,3494900.0,tdx,True,known_tdx_yuan_per_share,12.162560302154569,1216,closed,closed,2024-06-24,2024-06-19,1.065360386079628,0.8553603860796279,12.53,1.042063703605,2024-06-24,12.52,1.0540066239526,hold_expired,3,next_open
2024-06-21,2024-06-21,300779,353,687,True,True,True,81.8167,81.8167,1.4292546529545,55.52,77.16545871,77.24864738,79.35221833,True,420041024.0,7771600.0,tdx,True,known_tdx_yuan_per_share,54.048204230789025,5404,closed,closed,2024-06-25,2024-06-24,-5.999999999999995,-6.209999999999995,54.6,1.4292546529545,2024-06-25,51.324,1.4292546529545,stop_loss,1,next_open
2024-07-01,2024-07-01,300380,359,317,True,True,True,46.6189,46.6189,2.0673662232369,16.63,33.49133282,33.61169422,34.38030029,True,181602688.0,11169900.0,tdx,True,known_tdx_yuan_per_share,16.25821967967484,1625,closed,closed,2024-07-05,2024-07-02,-6.000000000000016,-6.210000000000016,16.57,2.0673662232369,2024-07-05,15.575799999999997,2.0673662232369,stop_loss,3,next_open
2024-07-02,2024-07-02,300250,360,211,True,True,True,41.3223,41.3223,4.2043799950987,11.4,47.76175674,47.82713562,47.92993194,True,128904322.0,11331700.0,tdx,True,known_tdx_yuan_per_share,11.375550182232145,1137,closed,closed,2024-07-08,2024-07-03,10.707964601769904,10.497964601769903,11.3,4.2043799950987,2024-07-08,12.51,4.2043799950987,hold_expired,3,next_open
2024-07-16,2024-07-16,300319,370,270,True,True,True,86.0099,86.0099,8.0830792231996,11.14,83.90236234,85.06307614,90.04550255,True,1278552960.0,121493900.0,tdx,True,known_tdx_yuan_per_share,10.52359797487775,1052,closed,closed,2024-07-18,2024-07-17,-6.000000000000005,-6.210000000000005,11.09,8.0830792231996,2024-07-18,10.424599999999998,8.0830792231996,stop_loss,1,next_open
2024-07-16,2024-07-16,300701,370,618,True,True,False,54.002,54.002,3.5793741941913,8.95,31.06896801,31.62848816,32.03539904,True,153336624.0,17353000.0,tdx,True,known_tdx_yuan_per_share,8.836317870108914,883,closed,closed,2024-07-18,2024-07-17,-6.000000000000005,-6.210000000000005,8.8,3.5793741941913,2024-07-18,8.272,3.5793741941913,stop_loss,1,next_open
2024-07-25,2024-07-25,301199,377,1070,True,True,False,35.7397,35.7397,1.0092804034706,24.31,24.30347212,24.33587739,24.53560661,True,157112080.0,6515900.0,tdx,True,known_tdx_yuan_per_share,24.11210730674197,2411,closed,closed,2024-07-31,2024-07-26,7.316053511705678,7.106053511705678,23.92,1.0092804034706,2024-07-31,25.67,1.0092804034706,hold_expired,3,next_open
2024-07-31,2024-07-31,301000,381,898,True,True,True,60.9383,60.9383,4.9645299667784,14.32,69.45377424,70.26623761,71.09206912,True,113404791.0,8012404.0,tdx,True,known_tdx_yuan_per_share,14.153653635038872,1415,closed,closed,2024-08-05,2024-08-01,-6.000000000000005,-6.210000000000005,14.4,4.9645299667784,2024-08-05,13.536000000000001,4.9645299667784,stop_loss,2,next_open
2024-07-31,2024-07-31,300441,381,371,True,True,False,44.2447,44.2447,7.0118432854212,6.37,43.9642574,44.07391543,44.66544173,True,127719784.0,20319300.0,tdx,True,known_tdx_yuan_per_share,6.285638973783546,628,closed,closed,2024-08-06,2024-08-01,-3.622047244094473,-3.832047244094473,6.35,7.0118432854212,2024-08-06,6.12,7.0118432854212,hold_expired,3,next_open
2024-08-13,2024-08-13,300432,390,362,True,True,True,48.1641,48.1641,8.1429187023934,6.59,51.4632462,52.485266,53.66183425,True,303994112.0,47163700.0,tdx,True,known_tdx_yuan_per_share,6.4455102547086,644,closed,closed,2024-08-19,2024-08-14,-1.538461538461533,-1.748461538461533,6.5,8.1429187023934,2024-08-19,6.4,8.1429187023934,hold_expired,3,next_open
2024-08-26,2024-08-26,300417,399,350,True,True,True,62.7409,62.7409,3.718582325483,8.41,30.56674672,30.80568009,31.27327736,True,95565496.0,11535800.0,tdx,True,known_tdx_yuan_per_share,8.284253887896808,828,closed,closed,2024-08-30,2024-08-27,3.4688995215311103,3.2588995215311103,8.36,3.718582325483,2024-08-30,8.65,3.718582325483,hold_expired,3,next_open
2024-08-29,2024-08-29,300827,402,733,True,True,True,72.6163,72.6163,4.6769082973332,36.5,152.2801342,161.4298084,170.7071529,True,838039744.0,24279500.0,tdx,True,known_tdx_yuan_per_share,34.51635099569596,3451,closed,closed,2024-09-04,2024-08-30,-6.000000000000016,-6.210000000000016,35.98,4.6769082973332,2024-09-04,33.82119999999999,4.6769082973332,stop_loss,3,next_open
2024-08-29,2024-08-29,300925,402,827,True,True,True,54.1606,54.1606,2.9290231922465,10.1,29.43668308,29.54734968,29.58313424,True,433314656.0,42954400.0,tdx,True,known_tdx_yuan_per_share,10.087782764978675,1008,closed,closed,2024-09-04,2024-08-30,3.0753968253968367,2.8653968253968367,10.08,2.9290231922465,2024-09-04,10.39,2.9290231922465,hold_expired,3,next_open
2024-08-30,2024-08-30,300465,403,393,True,True,True,61.0251,61.0251,3.2288660349854,7.78,24.92684579,25.04233039,25.12057775,True,309769184.0,39940500.0,tdx,True,known_tdx_yuan_per_share,7.7557663023747825,775,closed,closed,2024-09-05,2024-09-02,-0.3865979381443063,-0.5965979381443063,7.76,3.2288660349854,2024-09-05,7.73,3.2288660349854,hold_expired,3,next_open
2024-09-18,2024-09-18,300260,414,221,True,True,True,44.9134,44.9134,5.6313444840676,18.13,98.15433436,100.2234245,102.0962755,True,476629248.0,26780800.0,tdx,True,known_tdx_yuan_per_share,17.797423826024616,1779,closed,closed,2024-09-24,2024-09-19,2.1727019498607225,1.9627019498607226,17.95,5.6313444840676,2024-09-24,18.34,5.6313444840676,hold_expired,3,next_open
2024-09-18,2024-09-18,301021,414,918,True,True,True,34.7177,34.7177,1.0090433120676,17.75,17.5472632,17.90925594,17.91051879,True,206810192.0,11652100.0,tdx,True,known_tdx_yuan_per_share,17.748748465941762,1774,closed,closed,2024-09-24,2024-09-19,-0.40022870211547934,-0.6102287021154793,17.49,1.0090433120676,2024-09-24,17.42,1.0090433120676,hold_expired,3,next_open
2024-09-19,2024-09-19,300598,415,517,True,True,False,62.5455,62.5455,2.5575458134809,33.98,82.35297519,84.37831515,86.90540674,True,1052280192.0,31895100.0,tdx,True,known_tdx_yuan_per_share,32.99190759709172,3299,closed,closed,2024-09-25,2024-09-20,2.3933102652825777,2.1833102652825778,34.68,2.5575458134809,2024-09-25,35.51,2.5575458134809,hold_expired,3,next_open
2024-09-24,2024-09-24,300783,418,691,True,True,False,55.4138,55.4138,1.0364541152054,18.0,17.96174982,18.0870072,18.65617407,True,248702560.0,14251600.0,tdx,True,known_tdx_yuan_per_share,17.45085183418002,1745,closed,closed,2024-09-30,2024-09-25,39.42731277533038,39.21731277533038,18.16,1.0364541152054,2024-09-30,25.32,1.0364541152054,hold_expired,3,next_open
2024-09-24,2024-09-24,300374,418,312,True,True,False,55.3141,55.3141,2.207644874819,13.48,29.18506525,29.4190865,29.75905291,True,225627920.0,16931400.0,tdx,True,known_tdx_yuan_per_share,13.326004937571613,1332,closed,closed,2024-09-30,2024-09-25,25.574499629355095,25.364499629355095,13.49,2.207644874819,2024-09-30,16.94,2.207644874819,hold_expired,3,next_open
2024-10-18,2024-10-18,301348,431,1190,True,True,False,85.2696,85.2696,1.0129689671144,28.73,27.84651691,28.27298086,29.10259843,True,622404224.0,22299600.0,tdx,True,known_tdx_yuan_per_share,27.911003964196667,2791,closed,closed,2024-10-24,2024-10-21,6.962244544509866,6.752244544509866,28.87,1.0129689671144,2024-10-24,30.88,1.0129689671144,hold_expired,3,next_open
2024-10-18,2024-10-18,301265,431,1121,True,True,False,75.6949,75.6949,1.017094017094,9.65,9.428461538,9.593939305,9.814957265,True,89768144.0,9516700.0,tdx,True,known_tdx_yuan_per_share,9.432696628032826,943,closed,closed,2024-10-24,2024-10-21,-1.5544041450777146,-1.7644041450777146,9.65,1.017094017094,2024-10-24,9.5,1.017094017094,hold_expired,3,next_open
2024-10-25,2024-10-25,301209,436,1079,True,True,True,83.3084,83.3084,1.0160031152615,28.18,27.99088583,28.01691739,28.63096779,True,139022496.0,5041500.0,tdx,True,known_tdx_yuan_per_share,27.575621541207973,2757,closed,closed,2024-10-29,2024-10-28,-6.000000000000005,-6.210000000000005,28.48,1.0160031152615,2024-10-29,26.771199999999997,1.0160031152615,stop_loss,1,next_open
2024-10-25,2024-10-25,300901,436,805,True,True,False,79.3855,79.3855,1.0383803423321,9.49,9.553099149,9.599580214,9.854229449,True,101262512.0,10953500.0,tdx,True,known_tdx_yuan_per_share,9.244763043775961,924,closed,closed,2024-10-31,2024-10-28,15.295358649789016,15.085358649789015,9.48,1.0383803423321,2024-10-31,10.93,1.0383803423321,hold_expired,3,next_open
2024-10-31,2024-10-31,301191,440,1063,True,True,True,79.3106,79.3106,1.3299008517845,91.0,111.5121864,116.4626286,121.0209775,True,769542592.0,8787500.0,tdx,True,known_tdx_yuan_per_share,87.57241445234709,8757,closed,closed,2024-11-04,2024-11-01,-6.000000000000005,-6.210000000000005,90.87,1.3299008517845,2024-11-04,85.4178,1.3299008517845,stop_loss,1,next_open
2024-10-31,2024-10-31,300901,440,805,True,True,True,79.3026,79.3026,1.0383803423321,10.93,10.36303582,11.2481543,11.34949714,True,275695488.0,25451000.0,tdx,True,known_tdx_yuan_per_share,10.832402970413737,1083,closed,closed,2024-11-06,2024-11-01,7.962962962962972,7.752962962962972,10.8,1.0383803423321,2024-11-06,11.66,1.0383803423321,hold_expired,3,next_open
2024-11-01,2024-11-01,301055,441,948,True,True,True,74.9282,74.9282,1.0540066239526,14.84,15.26201591,15.61196533,15.6414583,True,176094160.0,11888600.0,tdx,True,known_tdx_yuan_per_share,14.812018235957135,1481,closed,closed,2024-11-05,2024-11-04,-6.000000000000005,-6.210000000000005,14.9,1.0540066239526,2024-11-05,14.006,1.0540066239526,stop_loss,1,next_open
2024-11-01,2024-11-01,300937,441,838,True,True,True,52.1359,52.1359,1.0197818307329,25.35,25.12742431,25.26467107,25.85146941,True,233666448.0,9431700.0,tdx,True,known_tdx_yuan_per_share,24.774584433347115,2477,closed,closed,2024-11-07,2024-11-04,12.297350731514435,12.087350731514434,25.29,1.0197818307329,2024-11-07,28.4,1.0197818307329,hold_expired,3,next_open
2024-11-08,2024-11-08,301050,446,944,True,True,True,45.9466,45.9466,2.5529885286756,63.4,157.2130336,161.2075904,161.8594727,True,1751607081.0,27739592.0,tdx,True,known_tdx_yuan_per_share,63.14465912115794,6314,closed,closed,2024-11-13,2024-11-11,-6.000000000000005,-6.210000000000005,63.53,2.5529885286756,2024-11-13,59.718199999999996,2.5529885286756,stop_loss,2,next_open
2024-11-11,2024-11-11,301413,447,1233,True,True,True,75.2175,75.2175,1.3063725490196,52.41,64.7307598,67.04305674,68.46698529,True,244899104.0,4772000.0,tdx,True,known_tdx_yuan_per_share,51.32001341156748,5132,closed,closed,2024-11-13,2024-11-12,-6.000000000000005,-6.210000000000005,52.0,1.3063725490196,2024-11-13,48.879999999999995,1.3063725490196,stop_loss,1,next_open
2024-12-02,2024-12-02,300433,462,363,True,True,True,43.1062,43.1062,5.9385652027931,21.71,125.6600397,128.5713745,128.9262506,True,1295277696.0,59827400.0,tdx,True,known_tdx_yuan_per_share,21.65024212986023,2165,closed,closed,2024-12-06,2024-12-03,1.1054813450023016,0.8954813450023016,21.71,5.9385652027931,2024-12-06,21.95,5.9385652027931,hold_expired,3,next_open
2024-12-05,2024-12-05,300559,465,480,True,True,True,72.6327,72.6327,5.8025177814856,13.5,76.18705847,77.31961559,78.33399005,True,336467552.0,25250500.0,tdx,True,known_tdx_yuan_per_share,13.325183738935863,1332,closed,closed,2024-12-11,2024-12-06,-0.8836524300441684,-1.0936524300441683,13.58,5.8025177814856,2024-12-11,13.46,5.8025177814856,hold_expired,3,next_open
2024-12-05,2024-12-05,301233,465,1101,True,True,True,70.6193,70.6193,1.0299797242036,50.96,50.64410304,51.61996282,52.48776675,True,254145616.0,5071000.0,tdx,True,known_tdx_yuan_per_share,50.1174553342536,5011,closed,closed,2024-12-11,2024-12-06,-0.4945598417408492,-0.7045598417408492,50.55,1.0299797242036,2024-12-11,50.3,1.0299797242036,hold_expired,3,next_open
2024-12-10,2024-12-10,300287,468,244,True,True,True,76.9737,76.9737,12.3874219199087,5.88,69.36956275,70.04581767,72.83804089,True,1698641152.0,300400300.0,tdx,True,known_tdx_yuan_per_share,5.654592062657727,565,closed,closed,2024-12-12,2024-12-11,-7.580645161290322,-7.790645161290322,6.2,12.3874219199087,2024-12-12,5.73,12.3874219199087,stop_loss,1,next_open
2024-12-10,2024-12-10,301510,468,1262,True,True,False,74.2526,74.2526,1.0014488554042,31.15,29.9232918,31.16137634,31.19513185,True,801188544.0,25748200.0,tdx,True,known_tdx_yuan_per_share,31.116293333126197,3111,closed,closed,2024-12-16,2024-12-11,-5.096774193548381,-5.306774193548381,31.0,1.0014488554042,2024-12-16,29.42,1.0014488554042,hold_expired,3,next_open
2024-12-11,2024-12-11,300913,469,817,True,True,True,80.0182,80.0182,2.132303042515,37.94,78.29816772,78.77596292,80.89957743,True,784030848.0,21222100.0,tdx,True,known_tdx_yuan_per_share,36.94407471456642,3694,closed,closed,2024-12-17,2024-12-12,13.199577613516356,12.989577613516355,37.88,2.132303042515,2024-12-17,42.88,2.132303042515,hold_expired,3,next_open
2024-12-13,2024-12-13,301110,471,998,True,True,True,35.8775,35.8775,1.4692494422208,49.6,72.22830258,72.48826035,72.87477233,True,369652032.0,7492400.0,tdx,True,known_tdx_yuan_per_share,49.3369323581229,4933,closed,closed,2024-12-17,2024-12-16,-6.000000000000005,-6.210000000000005,50.1,1.4692494422208,2024-12-17,47.094,1.4692494422208,stop_loss,1,next_open
2024-12-16,2024-12-16,300488,472,414,True,True,True,78.4179,78.4179,2.78337757087,28.95,75.42953217,79.69727918,80.57878068,True,441857600.0,15431600.0,tdx,True,known_tdx_yuan_per_share,28.633297908188393,2863,closed,closed,2024-12-18,2024-12-17,-6.000000000000016,-6.210000000000016,27.94,2.78337757087,2024-12-18,26.263599999999997,2.78337757087,stop_loss,1,next_open
2025-01-07,2025-01-07,301061,487,954,True,True,True,53.1194,53.1194,2.2581938752212,64.9,141.9952309,143.4549782,146.5567825,True,157151664.0,2473800.0,tdx,True,known_tdx_yuan_per_share,63.52642250788261,6352,closed,closed,2025-01-13,2025-01-08,2.4640342822160877,2.2540342822160877,65.34,2.2581938752212,2025-01-13,66.95,2.2581938752212,hold_expired,3,next_open
2025-01-10,2025-01-10,301203,490,1074,True,True,True,65.6713,65.6713,1.0922012544755,32.6,35.15795838,35.16842627,35.6057609,True,141565472.0,4396500.0,tdx,True,known_tdx_yuan_per_share,32.19958421471625,3219,closed,closed,2025-01-16,2025-01-13,-0.6461538461538407,-0.8561538461538407,32.5,1.0922012544755,2025-01-16,32.29,1.0922012544755,hold_expired,3,next_open
2025-01-14,2025-01-14,301210,492,1080,True,True,True,55.4731,55.4731,1.0137482658437,33.07,32.81503137,32.86435113,33.52465515,True,46040968.0,1420200.0,tdx,True,known_tdx_yuan_per_share,32.41865089424025,3241,closed,closed,2025-01-20,2025-01-15,12.029850746268655,11.819850746268655,33.5,1.0137482658437,2025-01-20,37.53,1.0137482658437,hold_expired,3,next_open
2025-01-14,2025-01-14,300789,492,697,True,True,False,44.4186,44.4186,3.2108059304424,15.85,48.41895343,49.28719921,50.891274,True,78039968.0,5083900.0,tdx,True,known_tdx_yuan_per_share,15.350413658805248,1535,closed,closed,2025-01-20,2025-01-15,-1.072555205047332,-1.282555205047332,15.85,3.2108059304424,2025-01-20,15.68,3.2108059304424,hold_expired,3,next_open
2025-01-17,2025-01-17,300852,495,757,True,True,True,77.6012,77.6012,2.6007887523875,29.17,74.61662931,75.42411752,75.86500791,True,269991552.0,9309900.0,tdx,True,known_tdx_yuan_per_share,29.000478200625142,2900,closed,closed,2025-01-23,2025-01-20,-1.7820424948594926,-1.9920424948594926,29.18,2.6007887523875,2025-01-23,28.66,2.6007887523875,hold_expired,3,next_open
2025-01-17,2025-01-17,301323,495,1174,True,True,True,61.3548,61.3548,1.0124801500602,40.03,39.97271632,40.23241472,40.52958041,True,110018440.0,2768700.0,tdx,True,known_tdx_yuan_per_share,39.73649727308845,3973,closed,closed,2025-01-23,2025-01-20,4.212091179385524,4.002091179385524,40.36,1.0124801500602,2025-01-23,42.06,1.0124801500602,hold_expired,3,next_open
2025-01-20,2025-01-20,301328,496,1178,True,True,True,73.801,73.801,1.5296022785851,42.98,64.50332809,64.73316919,65.74230593,True,273947520.0,6473200.0,tdx,True,known_tdx_yuan_per_share,42.320262003336836,4232,closed,closed,2025-01-24,2025-01-21,4.904503654798398,4.694503654798398,42.41,1.5296022785851,2025-01-24,44.49,1.5296022785851,hold_expired,3,next_open
2025-01-20,2025-01-20,300827,496,733,True,True,False,62.3091,62.3091,4.6769082973332,47.6,212.7057894,220.043754,222.620835,True,621836928.0,13216800.0,tdx,True,known_tdx_yuan_per_share,47.048977664790264,4704,closed,closed,2025-01-22,2025-01-21,-6.000000000000005,-6.210000000000005,47.56,4.6769082973332,2025-01-22,44.7064,4.6769082973332,stop_loss,1,next_open
2025-01-23,2025-01-23,301323,499,1174,True,True,True,73.8133,73.8133,1.0124801500602,42.06,41.56231016,42.50715433,42.58491511,True,152218480.0,3625700.0,tdx,True,known_tdx_yuan_per_share,41.98319772733541,4198,closed,closed,2025-02-06,2025-01-24,-0.3832335329341241,-0.5932335329341241,41.75,1.0124801500602,2025-02-06,41.59,1.0124801500602,hold_expired,3,next_open
2025-01-23,2025-01-23,300987,499,885,True,True,False,67.4193,67.4193,1.3406068063611,15.37,19.34495622,20.45000858,20.60512661,True,280024576.0,18357100.0,tdx,True,known_tdx_yuan_per_share,15.2542926715004,1525,closed,closed,2025-02-06,2025-01-24,2.881466928618215,2.671466928618215,15.27,1.3406068063611,2025-02-06,15.71,1.3406068063611,hold_expired,3,next_open
2025-01-24,2025-01-24,300969,500,868,True,True,False,61.545,61.545,1.0165204813675,99.35,98.60248669,98.9278987,100.9913098,True,214493552.0,2204000.0,tdx,True,known_tdx_yuan_per_share,97.32012341197822,9732,closed,closed,2025-02-07,2025-01-27,5.103700691337942,4.893700691337942,98.36,1.0165204813675,2025-02-07,103.38,1.0165204813675,hold_expired,3,next_open
2025-02-06,2025-02-06,300585,503,505,True,True,False,46.9971,46.9971,2.0498937852819,15.81,31.56836429,31.78194584,32.40882075,True,122272256.0,7886400.0,tdx,True,known_tdx_yuan_per_share,15.504191519578008,1550,closed,closed,2025-02-12,2025-02-07,3.166561114629496,2.956561114629496,15.79,2.0498937852819,2025-02-12,16.29,2.0498937852819,hold_expired,3,next_open
2025-02-12,2025-02-12,300661,507,578,True,True,True,71.8474,71.8474,7.533417824954,99.3,717.1060428,723.9936568,748.06839,True,1822761728.0,18966500.0,tdx,True,known_tdx_yuan_per_share,96.1042748003058,9610,closed,closed,2025-02-18,2025-02-13,-4.5657921496847775,-4.7757921496847775,98.34,7.533417824954,2025-02-18,93.85,7.533417824954,hold_expired,3,next_open
2025-02-12,2025-02-12,300154,507,128,True,True,True,44.1181,44.1181,5.5815322354262,10.78,58.49445783,58.99077879,60.1689175,True,337447712.0,31928300.0,tdx,True,known_tdx_yuan_per_share,10.568921990835717,1056,closed,closed,2025-02-17,2025-02-13,-6.000000000000005,-6.210000000000005,10.68,5.5815322354262,2025-02-17,10.0392,5.5815322354262,stop_loss,2,next_open
2025-02-14,2025-02-14,301060,509,953,True,True,True,87.1651,87.1651,1.026368441084,11.2,10.96161495,11.24657342,11.49532654,True,356187872.0,32505900.0,tdx,True,known_tdx_yuan_per_share,10.957637598097577,1095,closed,closed,2025-02-19,2025-02-17,-6.000000000000005,-6.210000000000005,11.75,1.026368441084,2025-02-19,11.045,1.026368441084,stop_loss,2,next_open
2025-02-14,2025-02-14,300206,509,172,True,True,True,84.3778,84.3778,6.9656809300593,13.6,92.43458594,93.18642419,94.73326065,True,609888000.0,45589100.0,tdx,True,known_tdx_yuan_per_share,13.377934637884932,1337,closed,closed,2025-02-18,2025-02-17,-6.000000000000005,-6.210000000000005,14.2,6.9656809300593,2025-02-18,13.347999999999999,6.9656809300593,stop_loss,1,next_open
2025-02-17,2025-02-17,301366,510,1203,True,True,False,55.086,55.086,1.8437427689001,50.96,90.74901909,92.17597336,93.9571315,True,572815616.0,11457700.0,tdx,True,known_tdx_yuan_per_share,49.99394433437775,4999,closed,closed,2025-02-21,2025-02-18,9.80431309904155,9.59431309904155,50.08,1.8437427689001,2025-02-21,54.99,1.8437427689001,hold_expired,3,next_open
2025-02-17,2025-02-17,301018,510,915,True,True,False,42.5961,42.5961,1.0270608422498,45.19,43.63981519,45.43468189,46.41287946,True,1265570688.0,28608500.0,tdx,True,known_tdx_yuan_per_share,44.237575825366584,4423,closed,closed,2025-02-19,2025-02-18,-7.647058823529418,-7.857058823529418,44.2,1.0270608422498,2025-02-19,40.82,1.0270608422498,stop_loss,1,next_open
2025-02-24,2025-02-24,300823,515,729,True,True,True,69.9516,69.9516,1.5622679004632,16.57,24.91817301,25.38259707,25.88677911,True,359605824.0,22133300.0,tdx,True,known_tdx_yuan_per_share,16.24727555312583,1624,closed,closed,2025-02-28,2025-02-25,-6.000000000000005,-6.210000000000005,15.88,1.5622679004632,2025-02-28,14.9272,1.5622679004632,stop_loss,3,next_open
2025-02-25,2025-02-25,300402,516,335,True,True,True,55.1772,55.1772,1.0602202756279,15.63,16.21076801,16.54327696,16.57124291,True,187216944.0,11998300.0,tdx,True,known_tdx_yuan_per_share,15.603622513189368,1560,closed,closed,2025-02-28,2025-02-26,-6.000000000000005,-6.210000000000005,15.81,1.0602202756279,2025-02-28,14.8614,1.0602202756279,stop_loss,2,next_open
2025-02-26,2025-02-26,300894,517,798,True,True,True,77.7184,77.7184,1.0923117078464,16.27,17.28037122,17.69728886,17.77191149,True,600508928.0,37064600.0,tdx,True,known_tdx_yuan_per_share,16.201683762943617,1620,closed,closed,2025-03-03,2025-02-27,-6.000000000000005,-6.210000000000005,15.94,1.0923117078464,2025-03-03,14.9836,1.0923117078464,stop_loss,2,next_open
2025-02-26,2025-02-26,301029,517,926,True,True,False,73.0381,73.0381,1.477404889039,31.8,46.03593634,46.31644152,46.98147547,True,756907968.0,24143900.0,tdx,True,known_tdx_yuan_per_share,31.349863443768406,3134,closed,closed,2025-02-28,2025-02-27,-6.000000000000005,-6.210000000000005,31.45,1.477404889039,2025-02-28,29.563,1.477404889039,stop_loss,1,next_open
2025-03-06,2025-03-06,301381,523,1216,True,True,False,33.9288,33.9288,1.0308323149346,23.91,24.20394275,24.50476619,24.64720065,True,207385408.0,8724000.0,tdx,True,known_tdx_yuan_per_share,23.771825767996333,2377,closed,closed,2025-03-12,2025-03-07,-1.5546218487395125,-1.7646218487395124,23.8,1.0308323149346,2025-03-12,23.43,1.0308323149346,hold_expired,3,next_open
2025-03-12,2025-03-12,300609,527,528,True,True,True,55.3463,55.3463,1.0533327979466,28.79,29.76718487,29.9403176,30.32545125,True,343454464.0,12083100.0,tdx,True,known_tdx_yuan_per_share,28.424366594665276,2842,closed,closed,2025-03-18,2025-03-13,2.6129943502824826,2.4029943502824826,28.32,1.0533327979466,2025-03-18,29.06,1.0533327979466,hold_expired,3,next_open
2025-03-14,2025-03-14,301008,529,906,True,True,True,73.0099,73.0099,1.7657002921599,25.31,41.77646891,43.05444051,44.68987439,True,245293472.0,10059700.0,tdx,True,known_tdx_yuan_per_share,24.383776056940068,2438,closed,closed,2025-03-20,2025-03-17,11.377245508982025,11.167245508982024,25.05,1.7657002921599,2025-03-20,27.9,1.7657002921599,hold_expired,3,next_open
2025-03-14,2025-03-14,300973,529,872,True,True,True,66.7064,66.7064,1.0384960778178,45.6,45.47574325,46.07033261,47.35542115,True,340349472.0,7672000.0,tdx,True,known_tdx_yuan_per_share,44.36254848800834,4436,closed,closed,2025-03-20,2025-03-17,-5.714285714285716,-5.924285714285716,45.5,1.0384960778178,2025-03-20,42.9,1.0384960778178,hold_expired,3,next_open
2025-03-17,2025-03-17,300956,530,855,True,True,True,88.9908,88.9908,1.2231298609431,25.41,30.35808315,30.39231429,31.07972977,True,495160736.0,19927600.0,tdx,True,known_tdx_yuan_per_share,24.847986511170436,2484,closed,closed,2025-03-21,2025-03-18,-0.9141494435612185,-1.1241494435612185,25.16,1.2231298609431,2025-03-21,24.93,1.2231298609431,hold_expired,3,next_open
2025-03-20,2025-03-20,300766,533,674,True,True,True,43.9011,43.9011,1.0125727695221,52.15,49.36292251,51.23226479,52.80566993,True,8421584384.0,166447200.0,tdx,True,known_tdx_yuan_per_share,50.596131289682255,5059,closed,closed,2025-03-24,2025-03-21,-6.000000000000016,-6.210000000000016,49.39,1.0125727695221,2025-03-24,46.42659999999999,1.0125727695221,stop_loss,1,next_open
2025-03-25,2025-03-25,300871,536,776,True,True,True,87.2835,87.2835,1.5988419146835,14.58,21.77622688,22.00171545,23.31111512,True,255911168.0,18596800.0,tdx,True,known_tdx_yuan_per_share,13.761032435687861,1376,closed,closed,2025-03-31,2025-03-26,33.68983957219254,33.47983957219254,16.83,1.5988419146835,2025-03-31,22.5,1.5988419146835,hold_expired,3,next_open
2025-04-17,2025-04-17,300327,552,276,True,True,False,53.2732,53.2732,3.1044954410868,24.37,73.17295755,75.14501952,75.6565539,True,675265344.0,27897500.0,tdx,True,known_tdx_yuan_per_share,24.20522785195806,2420,closed,closed,2025-04-23,2025-04-18,-2.3947151114781073,-2.6047151114781073,24.22,3.1044954410868,2025-04-23,23.64,3.1044954410868,hold_expired,3,next_open
2025-04-17,2025-04-17,300985,552,883,True,True,False,43.4884,43.4884,1.4286821989124,16.18,21.64453531,22.77528084,23.11607798,True,107710072.0,6756600.0,tdx,True,known_tdx_yuan_per_share,15.94146049788355,1594,closed,closed,2025-04-23,2025-04-18,1.5286624203821653,1.3186624203821653,15.7,1.4286821989124,2025-04-23,15.94,1.4286821989124,hold_expired,3,next_open
2025-04-21,2025-04-21,300261,554,222,True,True,False,84.8632,84.8632,9.3869743611286,6.48,59.60728719,60.08090199,60.82759386,True,207307520.0,32389500.0,tdx,True,known_tdx_yuan_per_share,6.400454468269038,640,closed,closed,2025-04-25,2025-04-22,-3.0581039755351758,-3.2681039755351757,6.54,9.3869743611286,2025-04-25,6.34,9.3869743611286,hold_expired,3,next_open
2025-04-24,2025-04-24,300119,557,96,True,True,False,39.4544,39.4544,6.26991210455,18.08,110.7893469,112.6413628,113.3600109,True,259484784.0,14443600.0,tdx,True,known_tdx_yuan_per_share,17.965381483840595,1796,closed,closed,2025-04-30,2025-04-25,13.783482142857139,13.573482142857138,17.92,6.26991210455,2025-04-30,20.39,6.26991210455,hold_expired,3,next_open
2025-04-25,2025-04-25,300986,558,884,True,True,True,75.2341,75.2341,2.1531227794042,19.59,41.9858942,42.08477639,42.17967525,True,381192448.0,19502400.0,tdx,True,known_tdx_yuan_per_share,19.545925014357206,1954,closed,closed,2025-05-06,2025-04-28,4.489795918367334,4.279795918367334,19.6,2.1531227794042,2025-05-06,20.48,2.1531227794042,hold_expired,3,next_open
2025-04-29,2025-04-29,301196,560,1067,True,True,True,89.6541,89.6541,1.0865483485388,70.01,69.06101303,70.48279777,76.06924988,True,856264640.0,13200000.0,tdx,True,known_tdx_yuan_per_share,64.86853333333333,6486,closed,closed,2025-05-06,2025-04-30,-6.000000000000016,-6.210000000000016,70.37,1.0865483485388,2025-05-06,66.14779999999999,1.0865483485388,stop_loss,1,next_open
2025-04-29,2025-04-29,301526,560,1273,True,True,False,63.4223,63.4223,1.0092307692308,3.73,3.572676923,3.713116553,3.764430769,True,376242176.0,102263200.0,tdx,True,known_tdx_yuan_per_share,3.679155121294855,367,closed,closed,2025-05-08,2025-04-30,1.6172506738544534,1.4072506738544535,3.71,1.0092307692308,2025-05-08,3.77,1.0092307692308,hold_expired,3,next_open
2025-05-09,2025-05-09,301259,565,1116,True,True,False,54.7175,54.7175,1.3195756247011,38.14,47.97976971,48.26839967,50.32861433,True,319028704.0,8721700.0,tdx,True,known_tdx_yuan_per_share,36.57872937615373,3657,closed,closed,2025-05-15,2025-05-12,9.590120861797157,9.380120861797156,38.06,1.3195756247011,2025-05-15,41.71,1.3195756247011,hold_expired,3,next_open
2025-05-12,2025-05-12,301004,566,902,True,True,True,54.167,54.167,1.5610065558278,72.65,111.8617298,112.5937462,113.4071263,True,106094456.0,1470900.0,tdx,True,known_tdx_yuan_per_share,72.12893874498606,7212,closed,closed,2025-05-16,2025-05-13,0.3208127255714288,0.11081272557142882,74.81,1.5610065558278,2025-05-16,75.05,1.5610065558278,hold_expired,3,next_open
2025-05-13,2025-05-13,301258,567,1115,True,True,True,55.9263,55.9263,1.0476270187946,29.6,30.32880219,30.57125023,31.00975976,True,275706112.0,9448000.0,tdx,True,known_tdx_yuan_per_share,29.181425910245554,2918,closed,closed,2025-05-19,2025-05-14,5.358361774744025,5.148361774744025,29.3,1.0476270187946,2025-05-19,30.87,1.0476270187946,hold_expired,3,next_open
2025-05-15,2025-05-15,300119,569,96,True,True,True,83.1908,83.1908,6.26991210455,23.1,140.6968276,143.0087183,144.8349696,True,480919744.0,21084900.0,tdx,True,known_tdx_yuan_per_share,22.808727762521993,2280,closed,closed,2025-05-21,2025-05-16,11.338842622140199,11.128842622140198,23.12,6.26991210455,2025-05-21,25.46,6.3392457122152,hold_expired,3,next_open
2025-05-16,2025-05-16,300420,570,352,True,True,True,68.6559,68.6559,9.4067894985825,3.61,32.92376325,33.45014187,33.95851009,True,439360928.0,123556300.0,tdx,True,known_tdx_yuan_per_share,3.555957308530605,355,closed,closed,2025-05-22,2025-05-19,-1.0810810810810811,-1.291081081081081,3.7,9.4067894985825,2025-05-22,3.66,9.4067894985825,hold_expired,3,next_open
2025-05-16,2025-05-16,300945,570,845,True,True,True,66.2469,66.2469,1.033562312694,16.5,16.27860642,16.90306508,17.05377816,True,390866560.0,23900100.0,tdx,True,known_tdx_yuan_per_share,16.354180944849602,1635,closed,closed,2025-05-22,2025-05-19,24.0,23.79,16.5,1.033562312694,2025-05-22,20.46,1.033562312694,hold_expired,3,next_open
2025-05-19,2025-05-19,300867,571,772,True,True,True,73.8302,73.8302,1.0218676984052,19.61,18.74105359,19.30836746,20.03882557,True,695361280.0,36801000.0,tdx,True,known_tdx_yuan_per_share,18.895173500720087,1889,closed,closed,2025-05-22,2025-05-20,-5.999999999999995,-6.209999999999995,19.49,1.0218676984052,2025-05-22,18.3206,1.0218676984052,stop_loss,2,next_open
2025-05-20,2025-05-20,301263,572,1120,True,True,True,69.5102,69.5102,1.9007019336462,24.35,45.52181131,45.7882257,46.28209208,True,208430528.0,8652100.0,tdx,True,known_tdx_yuan_per_share,24.09016631800372,2409,closed,closed,2025-05-26,2025-05-21,9.975062344139651,9.76506234413965,24.06,1.9007019336462,2025-05-26,26.46,1.9007019336462,hold_expired,3,next_open
2025-05-29,2025-05-29,300826,579,732,True,False,False,61.0221,,1.9361467831701,17.27,32.54662743,32.83381696,33.43725495,True,92392376.0,5448200.0,tdx,True,known_tdx_yuan_per_share,16.958330457765868,1695,closed,closed,2025-06-05,2025-05-30,-0.5827505827505908,-0.7927505827505907,17.16,1.9361467831701,2025-06-05,17.06,1.9361467831701,hold_expired,3,next_open
2025-05-29,2025-05-29,301378,579,1213,True,True,True,50.7852,50.7852,2.155830244694,27.29,57.90560037,57.93729543,58.83260738,True,90008752.0,3349200.0,tdx,True,known_tdx_yuan_per_share,26.87470201839245,2687,closed,closed,2025-06-05,2025-05-30,-1.6087751371115178,-1.8187751371115177,27.35,2.155830244694,2025-06-05,26.91,2.155830244694,hold_expired,3,next_open
2025-06-04,2025-06-04,300857,582,762,True,True,True,54.6094,54.6094,1.4171605753045,81.81,115.6686462,115.7015215,115.9379067,True,1124912640.0,13778400.0,tdx,True,known_tdx_yuan_per_share,81.64319804912036,8164,closed,closed,2025-06-10,2025-06-05,2.8480625840361817,2.6380625840361818,81.81,1.4171605753045,2025-06-10,84.14,1.4171605753045,hold_expired,3,next_open
2025-06-06,2025-06-06,300255,584,216,True,True,True,77.6276,77.6276,7.932220499845501,43.41,317.4474644,332.4486364,344.3376919,True,2894884096.0,69071900.0,tdx,True,known_tdx_yuan_per_share,41.911169317768874,4191,closed,closed,2025-06-12,2025-06-09,17.903733693207393,17.693733693207392,44.46,7.932220499845501,2025-06-12,52.42,7.932220499845501,hold_expired,3,next_open
2025-06-09,2025-06-09,300834,585,739,True,True,True,76.4522,76.4522,1.0848354956961,24.38,25.07054831,26.41202016,26.44828939,True,391787392.0,16092100.0,tdx,True,known_tdx_yuan_per_share,24.346567073284408,2434,closed,closed,2025-06-13,2025-06-10,3.6549086272843034,3.4449086272843035,23.53,1.0848354956961,2025-06-13,24.39,1.0848354956961,hold_expired,3,next_open
2025-06-09,2025-06-09,300363,585,304,True,True,False,61.5502,61.5502,4.1008719767978,16.99,67.86943122,69.48289393,69.67381489,True,339438176.0,20033600.0,tdx,True,known_tdx_yuan_per_share,16.94344381439182,1694,closed,closed,2025-06-13,2025-06-10,-3.4157832744405203,-3.6257832744405203,16.98,4.1008719767978,2025-06-13,16.4,4.1008719767978,hold_expired,3,next_open
2025-06-10,2025-06-10,300743,586,654,True,True,True,88.44,88.44,2.3866589856899,20.28,47.13651497,47.64299167,48.40144423,True,328047008.0,16433400.0,tdx,True,known_tdx_yuan_per_share,19.962211593462097,1996,closed,closed,2025-06-16,2025-06-11,13.72549019607845,13.51549019607845,19.89,2.3866589856899,2025-06-16,22.62,2.3866589856899,hold_expired,3,next_open
2025-06-23,2025-06-23,301219,595,1088,True,True,True,78.3547,78.3547,2.5571474754308,55.01,130.2610924,140.0603375,140.6686826,True,1565961728.0,28590500.0,tdx,True,known_tdx_yuan_per_share,54.772100103181124,5477,closed,closed,2025-06-27,2025-06-24,-3.305785123966931,-3.515785123966931,54.45,2.5571474754308,2025-06-27,52.65,2.5571474754308,hold_expired,3,next_open
2025-06-23,2025-06-23,300172,595,144,True,True,True,69.5237,69.5237,7.347354985646,6.03,42.98202667,43.99832628,44.30455056,True,992371520.0,165717800.0,tdx,True,known_tdx_yuan_per_share,5.988321833864558,598,closed,closed,2025-06-27,2025-06-24,-2.491103202846956,-2.701103202846956,5.62,7.347354985646,2025-06-27,5.48,7.347354985646,hold_expired,3,next_open
