group_id,signal_date,code,entry_date,entry_price_raw,entry_factor,stop_economic,trigger_lower_limit_raw,old_exit_date,old_exit_price,old_exit_factor,old_exit_reason,old_hold_days,old_gross_return_pct,old_net_return_pct,new_exit_date,new_exit_price,new_exit_factor,new_exit_reason,new_hold_days,new_gross_return_pct,new_net_return_pct,delta_gross_return_pct,delta_net_return_pct
contraction_sampled/train/original_eod,2025-03-31,300193,2025-04-01,11.36,3.1129707705287,33.24154707601367,8.79,2025-04-08,8.96,3.1129707705287,stop_loss,4.0,-21.126760563380266,-21.336760563380267,2025-04-07,9.7,3.1129707705287,stop_loss,3,-14.612676056338024,-14.822676056338025,6.5140845070422415,6.5140845070422415
contraction_sampled/train/sampled_next_open,2025-03-31,300193,2025-04-01,11.36,3.1129707705287,33.24154707601367,8.79,2025-04-08,8.96,3.1129707705287,stop_loss,4.0,-21.126760563380266,-21.336760563380267,2025-04-07,9.7,3.1129707705287,stop_loss,3,-14.612676056338024,-14.822676056338025,6.5140845070422415,6.5140845070422415
double_yin_sampled/observed_2026/corrected_low_open,2026-03-20,603387,2026-03-20,10.03,4.3969761473149,41.45557051211434,8.69,2026-03-24,9.01,4.3969761473149,stop_loss,2.0,-10.169491525423735,-10.379491525423736,2026-03-23,9.25,4.3969761473149,stop_loss,1,-7.776669990029916,-7.986669990029916,2.3928215353938196,2.3928215353938205
double_yin_sampled/observed_2026/corrected_low_open,2026-07-14,600118,2026-07-14,82.13,16.9386755783653,1307.7030197360734,73.92,2026-07-16,69.16,16.9386755783653,stop_loss,2.0,-15.792037014489225,-16.002037014489225,2026-07-15,77.09,16.9386755783653,stop_loss,1,-6.136612687203213,-6.346612687203213,9.655424327286012,9.655424327286013
double_yin_sampled/observed_2026/corrected_low_open,2026-07-28,600539,2026-07-28,17.25,1.2139169579948,19.68366347388568,14.4,2026-07-30,14.76,1.2139169579948,stop_loss,2.0,-14.43478260869565,-14.644782608695651,2026-07-29,14.86,1.2139169579948,stop_loss,1,-13.855072463768126,-14.065072463768127,0.5797101449275246,0.5797101449275246
double_yin_sampled/observed_2026/corrected_low_open,2026-09-14,600712,2026-09-14,6.04,6.3647687659775,36.13661114571385,5.43,2026-09-16,4.96,6.3647687659775,stop_loss,2.0,-17.88079470198676,-18.09079470198676,2026-09-15,5.65,6.3647687659775,stop_loss,1,-6.4569536423841,-6.6669536423841,11.423841059602658,11.423841059602658
double_yin_sampled/train/corrected_low_open,2024-01-19,002090,2024-01-19,10.06,5.8141465257168,54.98089520578834,8.65,2024-01-23,8.47,5.8141465257168,stop_loss,2.0,-15.805168986083483,-16.015168986083484,2024-01-22,9.31,5.8141465257168,stop_loss,1,-7.455268389662029,-7.665268389662029,8.349900596421454,8.349900596421456
double_yin_sampled/train/corrected_low_open,2024-04-12,000017,2024-04-12,9.73,3.2524649369423,29.747694806261666,8.98,2024-04-17,7.85,3.2524649369423,stop_loss,3.0,-19.321685508735875,-19.531685508735876,2024-04-15,9.06,3.2524649369423,stop_loss,1,-6.885919835560128,-7.095919835560128,12.435765673175748,12.435765673175748
double_yin_sampled/train/corrected_low_open,2025-01-02,600602,2025-01-02,15.4,572.0490549261581,8280.982119111064,13.28,2025-01-07,13.34,572.0490549261581,stop_loss,3.0,-13.376623376623375,-13.586623376623375,2025-01-06,14.04,572.0490549261581,stop_loss,2,-8.831168831168835,-9.041168831168836,4.54545454545454,4.54545454545454
double_yin_sampled/train/corrected_low_open,2025-01-03,002350,2025-01-03,7.04,4.9142415440845,32.520484842133584,6.14,2025-01-07,6.25,4.9142415440845,stop_loss,2.0,-11.221590909090907,-11.431590909090907,2025-01-06,6.3,4.9142415440845,stop_loss,1,-10.511363636363635,-10.721363636363636,0.7102272727272716,0.7102272727272716
double_yin_sampled/train/corrected_low_open,2025-05-30,600192,2025-05-30,9.06,1.7775301006026,15.138157348771985,8.37,2025-06-04,7.91,1.7775301006026,stop_loss,2.0,-12.693156732891842,-12.903156732891842,2025-06-03,8.5,1.7775301006026,stop_loss,1,-6.181015452538641,-6.391015452538641,6.512141280353201,6.512141280353202
double_yin_sampled/train/yin_close_and_open_above_vwap,2024-10-08,001212,2024-10-08,25.22,1.333626889416,31.616025942007226,21.65,2024-10-10,21.41,1.333626889416,stop_loss,2.0,-15.107057890563047,-15.317057890563047,2024-10-09,22.8,1.333626889416,stop_loss,1,-9.595559080095162,-9.805559080095163,5.511498810467884,5.511498810467884
