signal_date,code,decision_time,order_mode,order_target,status,entry_date,entry_price,exit_date,exit_price,exit_reason,opportunity_net_pct,entry_session,entry_open,entry_high,entry_low,fill_assumption,source_factor_ratio,touch_margin_ticks
2024-01-02,002347,opening,open,,closed,2024-01-02,6.2,2024-01-05,6.11,hold_expired,-1.6616129032257962,2024-01-02,6.2,6.47,6.19,daily_open_proxy,,
2024-01-03,000705,opening,open,,closed,2024-01-03,10.69,2024-01-08,11.08,hold_expired,3.4382694106641623,2024-01-03,10.69,11.5,10.61,daily_open_proxy,,
2024-01-03,603711,opening,open,,closed,2024-01-03,16.43,2024-01-08,16.04,hold_expired,-2.58370663420573,2024-01-03,16.43,17.0,16.33,daily_open_proxy,,
2024-01-04,600592,opening,open,,closed,2024-01-04,12.56,2024-01-05,11.8064,stop_loss,-6.210000000000005,2024-01-04,12.56,12.69,12.12,daily_open_proxy,,
2024-01-04,603586,opening,open,,closed,2024-01-04,17.03,2024-01-09,17.48,hold_expired,2.4323957721667613,2024-01-04,17.03,17.96,16.8,daily_open_proxy,,
2024-01-05,600088,opening,open,,closed,2024-01-05,15.66,2024-01-10,14.720400000000001,stop_loss,-6.209999999999995,2024-01-05,15.66,16.24,14.93,daily_open_proxy,,
2024-01-05,605488,opening,open,,closed,2024-01-05,17.77,2024-01-08,15.91,stop_loss,-10.677079347214393,2024-01-05,17.77,18.12,16.49,daily_open_proxy,,
2024-01-08,603048,opening,open,,closed,2024-01-08,19.38,2024-01-11,18.0,stop_loss,-7.330743034055721,2024-01-08,19.38,20.26,19.05,daily_open_proxy,,
2024-01-08,603908,opening,open,,closed,2024-01-08,38.62,2024-01-11,40.5,hold_expired,4.6579440704298305,2024-01-08,38.62,40.33,37.42,daily_open_proxy,,
2024-01-09,000590,opening,open,,closed,2024-01-09,9.83,2024-01-10,9.240199999999998,stop_loss,-6.210000000000016,2024-01-09,9.83,9.98,9.47,daily_open_proxy,,
2024-01-10,600234,opening,open,,closed,2024-01-10,8.34,2024-01-15,8.29,hold_expired,-0.8095203836930418,2024-01-10,8.34,8.44,7.99,daily_open_proxy,,
2024-01-10,600775,opening,open,,closed,2024-01-10,11.6,2024-01-15,11.83,hold_expired,1.772758620689662,2024-01-10,11.6,11.9,10.88,daily_open_proxy,,
2024-01-11,002527,opening,open,,closed,2024-01-11,9.71,2024-01-16,9.37,hold_expired,-3.711544799176115,2024-01-11,9.71,10.14,9.71,daily_open_proxy,,
2024-01-11,603211,opening,open,,closed,2024-01-11,19.13,2024-01-16,21.04,hold_expired,9.774317825405141,2024-01-11,19.13,20.57,18.67,daily_open_proxy,,
2024-01-12,600628,opening,open,,closed,2024-01-12,7.7,2024-01-17,7.238,stop_loss,-6.210000000000005,2024-01-12,7.7,7.73,7.48,daily_open_proxy,,
2024-01-12,603085,opening,open,,closed,2024-01-12,10.39,2024-01-15,9.766599999999999,stop_loss,-6.210000000000005,2024-01-12,10.39,10.39,9.85,daily_open_proxy,,
2024-01-15,000032,opening,open,,closed,2024-01-15,17.69,2024-01-18,17.78,hold_expired,0.29876201243641454,2024-01-15,17.69,18.47,17.47,daily_open_proxy,,
2024-01-15,003032,opening,open,,closed,2024-01-15,15.0,2024-01-18,13.68,stop_loss,-9.009999999999998,2024-01-15,15.0,15.41,14.98,daily_open_proxy,,
2024-01-16,002651,opening,open,,closed,2024-01-16,7.04,2024-01-17,6.6175999999999995,stop_loss,-6.210000000000016,2024-01-16,7.04,7.08,6.84,daily_open_proxy,,
2024-01-16,003022,opening,open,,closed,2024-01-16,18.61,2024-01-19,18.4,hold_expired,-1.3384255776464302,2024-01-16,18.61,19.58,18.51,daily_open_proxy,,
2024-01-17,001209,opening,open,,closed,2024-01-17,19.8,2024-01-18,18.612000000000002,stop_loss,-6.210000000000005,2024-01-17,19.8,20.46,19.34,daily_open_proxy,,
2024-01-17,603192,opening,open,,closed,2024-01-17,21.45,2024-01-18,20.0,stop_loss,-6.9699067599067535,2024-01-17,21.45,21.45,20.21,daily_open_proxy,,
2024-01-18,605303,opening,open,,closed,2024-01-18,13.01,2024-01-23,10.27,stop_loss,-21.27072252113759,2024-01-18,13.01,13.01,12.17,daily_open_proxy,,
2024-01-19,002090,opening,open,,closed,2024-01-19,10.13,2024-01-23,8.47,stop_loss,-16.59696939782822,2024-01-19,10.13,10.14,9.61,daily_open_proxy,,
2024-01-19,605155,opening,open,,closed,2024-01-19,16.5,2024-01-23,14.05,stop_loss,-15.058484848484845,2024-01-19,16.5,16.54,15.67,daily_open_proxy,,
2024-01-22,001212,opening,open,,closed,2024-01-22,27.02,2024-01-23,25.2,stop_loss,-6.945751295336801,2024-01-22,27.02,27.39,25.57,daily_open_proxy,,
2024-01-22,603679,opening,open,,closed,2024-01-22,14.13,2024-01-24,12.47,stop_loss,-11.95805378627034,2024-01-22,14.13,14.13,14.13,daily_open_proxy,,
2024-01-23,002033,opening,open,,closed,2024-01-23,8.85,2024-01-26,9.1,hold_expired,2.614858757062132,2024-01-23,8.85,9.15,8.44,daily_open_proxy,,
2024-01-23,603600,opening,open,,closed,2024-01-23,11.3,2024-01-26,12.16,hold_expired,7.400619469026569,2024-01-23,11.3,11.86,11.3,daily_open_proxy,,
2024-01-24,000020,opening,open,,closed,2024-01-24,14.18,2024-02-02,15.04,hold_expired,5.854880112834992,2024-01-24,14.18,17.22,14.18,daily_open_proxy,,
2024-01-25,000936,opening,open,,closed,2024-01-25,8.57,2024-01-30,7.03,stop_loss,-18.179661610268372,2024-01-25,8.57,9.36,8.42,daily_open_proxy,,
2024-01-26,600689,opening,open,,closed,2024-01-26,12.01,2024-01-31,11.72,hold_expired,-2.6246544546211457,2024-01-26,12.01,13.49,12.01,daily_open_proxy,,
2024-01-29,002902,opening,open,,closed,2024-01-29,20.5,2024-01-30,19.02,stop_loss,-7.429512195121958,2024-01-29,20.5,20.67,19.06,daily_open_proxy,,
2024-01-29,605277,opening,open,,closed,2024-01-29,14.01,2024-01-30,13.1694,stop_loss,-6.210000000000005,2024-01-29,14.01,14.12,13.14,daily_open_proxy,,
2024-01-30,000014,opening,open,,closed,2024-01-30,12.37,2024-02-02,11.56,stop_loss,-6.758100242522203,2024-01-30,12.37,13.6,12.24,daily_open_proxy,,
2024-01-31,600189,opening,open,,closed,2024-01-31,8.63,2024-02-01,8.112200000000001,stop_loss,-6.210000000000005,2024-01-31,8.63,9.03,8.33,daily_open_proxy,,
2024-02-01,000899,opening,open,,closed,2024-02-01,7.21,2024-02-02,6.7774,stop_loss,-6.210000000000005,2024-02-01,7.21,7.69,7.21,daily_open_proxy,,
2024-02-02,002590,opening,open,,closed,2024-02-02,10.71,2024-02-06,10.01,stop_loss,-6.745947712418311,2024-02-02,10.71,11.23,10.44,daily_open_proxy,,
2024-02-02,603230,opening,open,,closed,2024-02-02,14.41,2024-02-08,11.63,stop_loss,-19.502158223455925,2024-02-02,14.41,16.06,14.22,daily_open_proxy,,
2024-02-05,603779,opening,open,,closed,2024-02-05,8.76,2024-02-06,7.52,stop_loss,-14.365251141552516,2024-02-05,8.76,8.87,8.34,daily_open_proxy,,
2024-02-05,603990,opening,open,,closed,2024-02-05,10.87,2024-02-06,9.03,stop_loss,-17.13732290708371,2024-02-05,10.87,10.99,10.03,daily_open_proxy,,
2024-02-06,600446,opening,open,,closed,2024-02-06,10.54,2024-02-19,12.85,hold_expired,21.706508538899435,2024-02-06,10.54,12.74,10.54,daily_open_proxy,,
2024-02-08,600060,opening,open,,closed,2024-02-08,24.27,2024-02-21,24.28,hold_expired,-0.1687968685620387,2024-02-08,24.27,26.1,24.12,daily_open_proxy,,
2024-02-19,600259,opening,open,,closed,2024-02-19,28.7,2024-02-22,29.17,hold_expired,1.427630662020917,2024-02-19,28.7,29.29,28.44,daily_open_proxy,,
2024-02-20,002669,opening,open,,closed,2024-02-20,8.18,2024-02-23,9.07,hold_expired,10.670195599022023,2024-02-20,8.18,8.66,8.17,daily_open_proxy,,
2024-02-20,603301,opening,open,,closed,2024-02-20,20.52,2024-02-23,21.06,hold_expired,2.421578947368407,2024-02-20,20.52,20.62,19.86,daily_open_proxy,,
2024-02-21,603015,opening,open,,closed,2024-02-21,6.44,2024-02-26,7.75,hold_expired,20.131614906832283,2024-02-21,6.44,6.94,6.44,daily_open_proxy,,
2024-02-21,603041,opening,open,,closed,2024-02-21,9.46,2024-02-26,10.58,hold_expired,11.62932346723042,2024-02-21,9.46,10.01,9.35,daily_open_proxy,,
2024-02-22,003005,opening,open,,closed,2024-02-22,23.03,2024-02-27,26.69,hold_expired,15.682314372557514,2024-02-22,23.03,25.0,22.85,daily_open_proxy,,
2024-02-22,603139,opening,open,,closed,2024-02-22,11.92,2024-02-27,13.72,hold_expired,14.890671140939602,2024-02-22,11.92,13.09,11.89,daily_open_proxy,,
2024-02-26,000586,opening,open,,closed,2024-02-26,9.05,2024-02-29,11.8,hold_expired,30.176740331491736,2024-02-26,9.05,9.2,8.82,daily_open_proxy,,
2024-02-26,603860,opening,open,,closed,2024-02-26,28.71,2024-02-29,30.5,hold_expired,6.0247614071752045,2024-02-26,28.71,28.98,28.0,daily_open_proxy,,
2024-02-27,002725,opening,open,,closed,2024-02-27,8.67,2024-02-29,7.84,stop_loss,-9.783241061130346,2024-02-27,8.67,9.18,8.57,daily_open_proxy,,
2024-02-27,002868,opening,open,,closed,2024-02-27,18.82,2024-02-29,17.6908,stop_loss,-6.210000000000016,2024-02-27,18.82,19.24,18.5,daily_open_proxy,,
2024-02-28,002903,opening,open,,closed,2024-02-28,19.43,2024-02-29,17.03,stop_loss,-12.562032938754498,2024-02-28,19.43,19.87,17.73,daily_open_proxy,,
2024-02-28,603897,opening,open,,closed,2024-02-28,17.76,2024-02-29,16.01,stop_loss,-10.063603603603601,2024-02-28,17.76,17.98,16.35,daily_open_proxy,,
2024-03-04,000550,opening,open,,closed,2024-03-04,26.87,2024-03-07,26.18,hold_expired,-2.7779196129512638,2024-03-04,26.87,27.3,26.5,daily_open_proxy,,
2024-03-05,603200,opening,open,,closed,2024-03-05,18.89,2024-03-08,18.4,hold_expired,-2.803965060878778,2024-03-05,18.89,19.27,18.17,daily_open_proxy,,
2024-03-05,605277,opening,open,,closed,2024-03-05,13.49,2024-03-08,13.24,hold_expired,-2.0632246108228345,2024-03-05,13.49,13.95,13.26,daily_open_proxy,,
2024-03-06,000504,opening,open,,closed,2024-03-06,8.57,2024-03-07,8.0558,stop_loss,-6.210000000000016,2024-03-06,8.57,8.57,8.17,daily_open_proxy,,
2024-03-06,603191,opening,open,,closed,2024-03-06,15.82,2024-03-11,18.0,hold_expired,13.570025284450058,2024-03-06,15.82,17.44,15.47,daily_open_proxy,,
2024-03-08,001332,opening,open,,closed,2024-03-08,27.52,2024-03-13,27.64,hold_expired,0.22604651162789666,2024-03-08,27.52,28.15,27.18,daily_open_proxy,,
2024-03-08,002380,opening,open,,closed,2024-03-08,15.7,2024-03-13,15.79,hold_expired,0.3632484076433009,2024-03-08,15.7,16.01,15.31,daily_open_proxy,,
2024-03-11,002972,opening,open,,closed,2024-03-11,9.0,2024-03-14,9.06,hold_expired,0.4566666666666599,2024-03-11,9.0,9.59,9.0,daily_open_proxy,,
2024-03-11,603332,opening,open,,closed,2024-03-11,7.7,2024-03-14,7.68,hold_expired,-0.4697402597402598,2024-03-11,7.7,7.75,7.55,daily_open_proxy,,
2024-03-12,000504,opening,open,,closed,2024-03-12,8.8,2024-03-15,9.28,hold_expired,5.244545454545445,2024-03-12,8.8,8.89,8.62,daily_open_proxy,,
2024-03-12,003004,opening,open,,closed,2024-03-12,22.65,2024-03-15,24.06,hold_expired,6.015165562913904,2024-03-12,22.65,22.84,22.25,daily_open_proxy,,
2024-03-13,002715,opening,open,,closed,2024-03-13,11.67,2024-03-18,12.46,hold_expired,6.559494430162815,2024-03-13,11.67,11.78,11.36,daily_open_proxy,,
2024-03-13,605218,opening,open,,closed,2024-03-13,21.43,2024-03-18,22.55,hold_expired,5.016318245450301,2024-03-13,21.43,23.87,21.43,daily_open_proxy,,
2024-03-14,603800,opening,open,,closed,2024-03-14,23.04,2024-03-19,24.7,hold_expired,6.994861111111116,2024-03-14,23.04,25.27,23.03,daily_open_proxy,,
2024-03-14,603982,opening,open,,closed,2024-03-14,11.53,2024-03-19,11.48,hold_expired,-0.6436513443191636,2024-03-14,11.53,11.59,11.02,daily_open_proxy,,
2024-03-18,001229,opening,open,,closed,2024-03-18,38.06,2024-03-21,38.25,hold_expired,0.28921177088807504,2024-03-18,38.06,39.1,36.3,daily_open_proxy,,
2024-03-18,600241,opening,open,,closed,2024-03-18,7.5,2024-03-21,7.27,hold_expired,-3.276666666666673,2024-03-18,7.5,8.2,7.36,daily_open_proxy,,
2024-03-20,002981,opening,open,,closed,2024-03-20,32.6,2024-03-25,31.1,hold_expired,-4.811226993865026,2024-03-20,32.6,32.99,32.0,daily_open_proxy,,
2024-03-20,603139,opening,open,,closed,2024-03-20,14.8,2024-03-25,14.73,hold_expired,-0.6829729729729737,2024-03-20,14.8,16.38,14.58,daily_open_proxy,,
2024-03-21,001366,opening,open,,closed,2024-03-21,13.66,2024-03-26,14.04,hold_expired,2.5718448023426035,2024-03-21,13.66,13.98,13.38,daily_open_proxy,,
2024-03-21,002869,opening,open,,closed,2024-03-21,18.6,2024-03-26,18.89,hold_expired,1.3491397849462397,2024-03-21,18.6,20.1,18.5,daily_open_proxy,,
2024-03-22,002980,opening,open,,closed,2024-03-22,24.25,2024-03-27,26.03,hold_expired,7.130206185567011,2024-03-22,24.25,26.71,23.44,daily_open_proxy,,
2024-03-22,603848,opening,open,,closed,2024-03-22,14.9,2024-03-27,14.16,hold_expired,-5.176442953020134,2024-03-22,14.9,15.0,14.4,daily_open_proxy,,
2024-03-25,600990,opening,open,,closed,2024-03-25,18.91,2024-03-26,17.775399999999998,stop_loss,-6.210000000000005,2024-03-25,18.91,19.7,18.0,daily_open_proxy,,
2024-03-25,603383,opening,open,,closed,2024-03-25,42.63,2024-03-26,40.0722,stop_loss,-6.210000000000005,2024-03-25,42.63,43.38,40.6,daily_open_proxy,,
2024-03-27,002725,opening,open,,closed,2024-03-27,10.53,2024-03-28,9.19,stop_loss,-12.935546058879389,2024-03-27,10.53,10.6,9.7,daily_open_proxy,,
2024-03-27,600793,opening,open,,closed,2024-03-27,10.76,2024-04-01,10.68,hold_expired,-0.9534944237918128,2024-03-27,10.76,11.6,10.76,daily_open_proxy,,
2024-03-28,605069,opening,open,,closed,2024-03-28,7.22,2024-04-02,8.12,hold_expired,12.255373961218828,2024-03-28,7.22,8.2,7.15,daily_open_proxy,,
2024-03-28,605378,opening,open,,closed,2024-03-28,20.95,2024-04-02,25.79,hold_expired,22.892625298329335,2024-03-28,20.95,24.07,20.78,daily_open_proxy,,
2024-03-29,002626,opening,open,,closed,2024-03-29,15.0,2024-04-03,14.95,hold_expired,-0.5433333333333299,2024-03-29,15.0,16.23,14.95,daily_open_proxy,,
2024-03-29,603895,opening,open,,closed,2024-03-29,23.3,2024-04-02,21.901999999999997,stop_loss,-6.210000000000005,2024-03-29,23.3,23.6,21.9,daily_open_proxy,,
2024-04-01,002636,opening,open,,closed,2024-04-01,7.21,2024-04-08,6.777400000000001,stop_loss,-6.210000000000005,2024-04-01,7.21,7.24,7.08,daily_open_proxy,,
2024-04-01,603607,opening,open,,closed,2024-04-01,15.88,2024-04-08,15.4,hold_expired,-3.2326700251889116,2024-04-01,15.88,16.64,15.88,daily_open_proxy,,
2024-04-02,002660,opening,open,,closed,2024-04-02,9.24,2024-04-09,8.65,stop_loss,-6.595281385281393,2024-04-02,9.24,9.85,9.23,daily_open_proxy,,
2024-04-02,600992,opening,open,,closed,2024-04-02,13.5,2024-04-09,13.42,hold_expired,-0.802592592592589,2024-04-02,13.5,13.84,13.32,daily_open_proxy,,
2024-04-03,002778,opening,open,,closed,2024-04-03,11.7,2024-04-10,10.997999999999996,stop_loss,-6.210000000000005,2024-04-03,11.7,13.46,11.7,daily_open_proxy,,
2024-04-03,600592,opening,open,,closed,2024-04-03,10.45,2024-04-10,9.822999999999999,stop_loss,-6.210000000000005,2024-04-03,10.45,10.54,10.08,daily_open_proxy,,
2024-04-08,002748,opening,open,,closed,2024-04-08,8.6,2024-04-11,8.56,hold_expired,-0.6751162790697549,2024-04-08,8.6,9.16,8.41,daily_open_proxy,,
2024-04-08,603978,opening,open,,closed,2024-04-08,13.48,2024-04-09,12.671199999999999,stop_loss,-6.210000000000005,2024-04-08,13.48,13.62,12.59,daily_open_proxy,,
2024-04-09,002023,opening,open,,closed,2024-04-09,10.19,2024-04-12,9.578599999999998,stop_loss,-6.210000000000005,2024-04-09,10.19,11.09,10.11,daily_open_proxy,,
2024-04-09,603216,opening,open,,closed,2024-04-09,10.6,2024-04-10,9.964,stop_loss,-6.210000000000005,2024-04-09,10.6,10.76,10.4,daily_open_proxy,,
2024-04-10,002403,opening,open,,closed,2024-04-10,9.12,2024-04-11,8.572799999999999,stop_loss,-6.210000000000005,2024-04-10,9.12,9.33,8.7,daily_open_proxy,,
2024-04-10,600505,opening,open,,closed,2024-04-10,8.82,2024-04-11,8.290799999999999,stop_loss,-6.210000000000005,2024-04-10,8.82,10.19,8.82,daily_open_proxy,,
2024-04-11,000590,opening,open,,closed,2024-04-11,7.57,2024-04-12,7.1158,stop_loss,-6.210000000000005,2024-04-11,7.57,7.62,7.35,daily_open_proxy,,
2024-04-11,002846,opening,open,,closed,2024-04-11,8.96,2024-04-12,8.4224,stop_loss,-6.210000000000016,2024-04-11,8.96,9.46,8.96,daily_open_proxy,,
2024-04-12,000017,opening,open,,closed,2024-04-12,9.65,2024-04-17,7.85,stop_loss,-18.862849740932653,2024-04-12,9.65,10.26,9.35,daily_open_proxy,,
2024-04-15,600444,opening,open,,closed,2024-04-15,13.66,2024-04-17,12.59,stop_loss,-8.043089311859454,2024-04-15,13.66,14.99,13.38,daily_open_proxy,,
2024-04-15,603016,opening,open,,closed,2024-04-15,17.75,2024-04-17,16.41,stop_loss,-7.759295774647902,2024-04-15,17.75,17.99,17.0,daily_open_proxy,,
2024-04-16,002828,opening,open,,closed,2024-04-16,9.6,2024-04-19,11.69,hold_expired,21.56083333333334,2024-04-16,9.6,11.06,9.33,daily_open_proxy,,
2024-04-17,002987,opening,open,,closed,2024-04-17,15.63,2024-04-22,16.06,hold_expired,2.541119641714639,2024-04-17,15.63,16.75,15.61,daily_open_proxy,,
2024-04-18,603968,opening,open,,closed,2024-04-18,12.56,2024-04-23,11.8064,stop_loss,-6.210000000000005,2024-04-18,12.56,14.2,12.2,daily_open_proxy,,
2024-04-19,605068,opening,open,,closed,2024-04-19,14.75,2024-04-24,15.64,hold_expired,5.8238983050847395,2024-04-19,14.75,14.99,14.56,daily_open_proxy,,
2024-04-19,605258,opening,open,,closed,2024-04-19,18.52,2024-04-24,19.66,hold_expired,5.945507559395246,2024-04-19,18.52,18.85,18.04,daily_open_proxy,,
2024-04-22,003021,opening,open,,closed,2024-04-22,58.11,2024-04-25,56.48,hold_expired,-3.015024952675972,2024-04-22,58.11,59.2,56.05,daily_open_proxy,,
2024-04-22,600379,opening,open,,closed,2024-04-22,8.99,2024-04-23,8.4506,stop_loss,-6.210000000000016,2024-04-22,8.99,9.2,8.47,daily_open_proxy,,
2024-04-23,002992,opening,open,,closed,2024-04-23,44.58,2024-04-26,45.59,hold_expired,2.0555899506505373,2024-04-23,44.58,47.19,43.36,daily_open_proxy,,
2024-04-23,603500,opening,open,,closed,2024-04-23,11.22,2024-04-26,11.62,hold_expired,3.3550623885918,2024-04-23,11.22,11.7,11.2,daily_open_proxy,,
2024-04-24,002730,opening,open,,closed,2024-04-24,7.38,2024-04-29,7.67,hold_expired,3.7195392953929476,2024-04-24,7.38,7.45,7.19,daily_open_proxy,,
2024-04-24,603848,opening,open,,closed,2024-04-24,14.26,2024-04-29,14.98,hold_expired,4.839088359046272,2024-04-24,14.26,14.35,13.9,daily_open_proxy,,
2024-04-25,002805,opening,open,,closed,2024-04-25,12.56,2024-04-30,12.8,hold_expired,1.7008280254777066,2024-04-25,12.56,13.08,12.38,daily_open_proxy,,
2024-04-25,605169,opening,open,,closed,2024-04-25,8.78,2024-04-26,8.25,stop_loss,-6.246446469248268,2024-04-25,8.78,8.97,8.5,daily_open_proxy,,
2024-04-26,603110,opening,open,,closed,2024-04-26,15.0,2024-05-06,17.95,hold_expired,19.456666666666653,2024-04-26,15.0,16.95,15.0,daily_open_proxy,,
2024-04-26,605228,opening,open,,closed,2024-04-26,10.24,2024-05-06,11.15,hold_expired,8.67671875,2024-04-26,10.24,10.53,10.14,daily_open_proxy,,
2024-04-29,000710,opening,open,,closed,2024-04-29,8.1,2024-05-07,9.23,hold_expired,13.740617283950616,2024-04-29,8.1,8.71,8.08,daily_open_proxy,,
2024-04-29,002996,opening,open,,closed,2024-04-29,8.7,2024-05-07,9.26,hold_expired,6.226781609195408,2024-04-29,8.7,9.01,8.62,daily_open_proxy,,
2024-04-30,002979,opening,open,,closed,2024-04-30,19.77,2024-05-08,19.93,hold_expired,0.5993070308548223,2024-04-30,19.77,20.49,19.77,daily_open_proxy,,
2024-04-30,605333,opening,open,,closed,2024-04-30,27.65,2024-05-08,30.26,hold_expired,9.229421338155518,2024-04-30,27.65,29.78,27.5,daily_open_proxy,,
2024-05-06,605288,opening,open,,closed,2024-05-06,37.0,2024-05-09,36.69,hold_expired,-1.0478378378378403,2024-05-06,37.0,37.53,36.6,daily_open_proxy,,
2024-05-07,002365,opening,open,,closed,2024-05-07,8.21,2024-05-10,8.11,hold_expired,-1.4280267965895441,2024-05-07,8.21,8.28,8.06,daily_open_proxy,,
2024-05-08,002910,opening,open,,closed,2024-05-08,7.96,2024-05-13,7.4824,stop_loss,-6.210000000000005,2024-05-08,7.96,8.05,7.74,daily_open_proxy,,
2024-05-08,002968,opening,open,,closed,2024-05-08,9.68,2024-05-13,10.1,hold_expired,4.128842975206614,2024-05-08,9.68,9.72,9.46,daily_open_proxy,,
2024-05-09,603261,opening,open,,closed,2024-05-09,38.11,2024-05-13,35.82339999999999,stop_loss,-6.210000000000005,2024-05-09,38.11,39.76,36.64,daily_open_proxy,,
2024-05-13,001316,opening,open,,closed,2024-05-13,33.0,2024-05-16,34.37,hold_expired,3.9415151515151505,2024-05-13,33.0,35.39,32.63,daily_open_proxy,,
2024-05-13,002805,opening,open,,closed,2024-05-13,13.97,2024-05-15,13.131799999999998,stop_loss,-6.210000000000005,2024-05-13,13.97,14.22,13.3,daily_open_proxy,,
2024-05-16,603221,opening,open,,closed,2024-05-16,11.05,2024-05-21,10.82,hold_expired,-2.2914479638009198,2024-05-16,11.05,11.67,11.05,daily_open_proxy,,
2024-05-17,002868,opening,open,,closed,2024-05-17,17.74,2024-05-22,17.86,hold_expired,0.46643742953777956,2024-05-17,17.74,17.77,17.04,daily_open_proxy,,
2024-05-17,603332,opening,open,,closed,2024-05-17,8.58,2024-05-22,9.46,hold_expired,10.046410256410264,2024-05-17,8.58,9.85,8.58,daily_open_proxy,,
2024-05-21,600876,opening,open,,closed,2024-05-21,12.41,2024-05-24,12.35,hold_expired,-0.6934810636583641,2024-05-21,12.41,13.06,12.26,daily_open_proxy,,
2024-05-22,603991,opening,open,,closed,2024-05-22,30.52,2024-05-27,36.06,hold_expired,17.942031454783745,2024-05-22,30.52,31.94,29.36,daily_open_proxy,,
2024-05-22,605567,opening,open,,closed,2024-05-22,9.69,2024-05-27,9.49,hold_expired,-2.273983488132093,2024-05-22,9.69,9.95,9.52,daily_open_proxy,,
2024-05-27,002669,opening,open,,closed,2024-05-27,10.1,2024-05-30,9.8,hold_expired,-2.4877822695097427,2024-05-27,10.1,10.13,9.54,daily_open_proxy,,
2024-05-28,000722,opening,open,,closed,2024-05-28,11.42,2024-05-31,10.7,stop_loss,-6.514728546409821,2024-05-28,11.42,12.31,11.2,daily_open_proxy,,
2024-05-29,002769,opening,open,,closed,2024-05-29,6.33,2024-06-03,5.9502,stop_loss,-6.210000000000005,2024-05-29,6.33,6.58,6.18,daily_open_proxy,,
2024-05-29,603016,opening,open,,closed,2024-05-29,17.79,2024-06-03,17.43,hold_expired,-2.23360876897133,2024-05-29,17.79,18.24,17.52,daily_open_proxy,,
2024-06-03,603177,opening,open,,closed,2024-06-03,8.65,2024-06-05,7.87,stop_loss,-9.227341040462434,2024-06-03,8.65,8.9,8.65,daily_open_proxy,,
2024-06-04,603890,opening,open,,closed,2024-06-04,10.77,2024-06-05,9.99,stop_loss,-7.452339832869082,2024-06-04,10.77,10.91,10.31,daily_open_proxy,,
2024-06-06,603709,opening,open,,closed,2024-06-06,13.4,2024-06-07,12.06,stop_loss,-10.21000000000001,2024-06-06,13.4,13.7,13.4,daily_open_proxy,,
2024-06-06,603767,opening,open,,closed,2024-06-06,13.37,2024-06-07,12.567799999999998,stop_loss,-6.210000000000005,2024-06-06,13.37,13.48,12.38,daily_open_proxy,,
2024-06-07,603528,opening,open,,closed,2024-06-07,6.03,2024-06-11,5.6682,stop_loss,-6.210000000000005,2024-06-07,6.03,6.44,6.03,daily_open_proxy,,
2024-06-14,000901,opening,open,,closed,2024-06-14,8.65,2024-06-19,9.3,hold_expired,7.304450867052025,2024-06-14,8.65,8.72,8.54,daily_open_proxy,,
2024-06-17,002119,opening,open,,closed,2024-06-17,12.24,2024-06-20,12.42,hold_expired,1.4987821043934693,2024-06-17,12.24,13.56,11.9,daily_open_proxy,,
2024-06-17,002632,opening,open,,closed,2024-06-17,7.9,2024-06-20,7.77,hold_expired,-1.8555696202531733,2024-06-17,7.9,8.15,7.77,daily_open_proxy,,
2024-06-18,002937,opening,open,,closed,2024-06-18,23.15,2024-06-20,21.72,stop_loss,-6.387105831533492,2024-06-18,23.15,23.49,22.33,daily_open_proxy,,
2024-06-19,002963,opening,open,,closed,2024-06-19,10.8,2024-06-21,10.152,stop_loss,-6.210000000000005,2024-06-19,10.8,11.0,10.46,daily_open_proxy,,
2024-06-19,603261,opening,open,,closed,2024-06-19,30.8,2024-06-24,28.951999999999998,stop_loss,-6.210000000000005,2024-06-19,30.8,31.87,30.56,daily_open_proxy,,
2024-06-20,002871,opening,open,,closed,2024-06-20,8.8,2024-06-21,8.05,stop_loss,-8.732727272727283,2024-06-20,8.8,8.81,8.18,daily_open_proxy,,
2024-06-20,603268,opening,open,,closed,2024-06-20,13.59,2024-06-25,13.13,hold_expired,-3.5948417954378096,2024-06-20,13.59,15.0,13.01,daily_open_proxy,,
2024-06-21,603005,opening,open,,closed,2024-06-21,21.0,2024-06-26,19.74,stop_loss,-6.210000000000005,2024-06-21,21.0,22.75,20.73,daily_open_proxy,,
2024-06-21,603171,opening,open,,closed,2024-06-21,23.1,2024-06-24,21.714,stop_loss,-6.210000000000005,2024-06-21,23.1,23.46,22.22,daily_open_proxy,,
2024-06-25,002887,opening,open,,closed,2024-06-25,6.84,2024-06-27,6.4296,stop_loss,-6.210000000000005,2024-06-25,6.84,7.23,6.84,daily_open_proxy,,
2024-06-26,002331,opening,open,,closed,2024-06-26,7.18,2024-07-01,7.14,hold_expired,-0.7671030640668661,2024-06-26,7.18,7.26,6.95,daily_open_proxy,,
2024-06-26,605158,opening,open,,closed,2024-06-26,6.5,2024-07-01,6.49,hold_expired,-0.3638461538461599,2024-06-26,6.5,6.59,6.28,daily_open_proxy,,
2024-06-27,002232,opening,open,,closed,2024-06-27,12.5,2024-07-02,12.73,hold_expired,1.6300000000000194,2024-06-27,12.5,13.35,12.45,daily_open_proxy,,
2024-06-27,002903,opening,open,,closed,2024-06-27,17.0,2024-07-02,17.1,hold_expired,0.3782352941176672,2024-06-27,17.0,17.75,17.0,daily_open_proxy,,
2024-06-28,001278,opening,open,,closed,2024-06-28,15.93,2024-07-03,15.96,hold_expired,-0.021676082862521567,2024-06-28,15.93,16.06,15.22,daily_open_proxy,,
2024-06-28,600571,opening,open,,closed,2024-06-28,9.97,2024-07-03,9.75,hold_expired,-2.416619859578751,2024-06-28,9.97,10.8,9.97,daily_open_proxy,,
2024-07-02,000049,opening,open,,closed,2024-07-02,23.81,2024-07-05,24.9,hold_expired,4.367908441831169,2024-07-02,23.81,25.94,23.67,daily_open_proxy,,
2024-07-04,000668,opening,open,,closed,2024-07-04,6.47,2024-07-05,5.97,stop_loss,-7.937975270479137,2024-07-04,6.47,6.68,6.41,daily_open_proxy,,
2024-07-04,603918,opening,open,,closed,2024-07-04,11.55,2024-07-05,10.856999999999998,stop_loss,-6.210000000000005,2024-07-04,11.55,11.68,11.1,daily_open_proxy,,
2024-07-05,002741,opening,open,,closed,2024-07-05,9.47,2024-07-10,11.12,hold_expired,17.213442449841597,2024-07-05,9.47,10.54,9.12,daily_open_proxy,,
2024-07-08,002527,opening,open,,closed,2024-07-08,6.55,2024-07-09,6.157,stop_loss,-6.210000000000016,2024-07-08,6.55,6.58,6.2,daily_open_proxy,,
2024-07-09,000017,opening,open,,closed,2024-07-09,6.04,2024-07-12,5.93,hold_expired,-2.031192052980136,2024-07-09,6.04,6.09,5.76,daily_open_proxy,,
2024-07-09,002995,opening,open,,closed,2024-07-09,14.27,2024-07-12,14.11,hold_expired,-1.3312333566923749,2024-07-09,14.27,14.34,13.81,daily_open_proxy,,
2024-07-11,002888,opening,open,,closed,2024-07-11,13.08,2024-07-16,14.07,hold_expired,7.358807339449535,2024-07-11,13.08,13.69,13.08,daily_open_proxy,,
2024-07-11,605068,opening,open,,closed,2024-07-11,14.73,2024-07-16,14.61,hold_expired,-1.0246639511201758,2024-07-11,14.73,15.55,14.45,daily_open_proxy,,
2024-07-15,002729,opening,open,,closed,2024-07-15,9.61,2024-07-18,9.033399999999999,stop_loss,-6.210000000000005,2024-07-15,9.61,10.08,9.4,daily_open_proxy,,
2024-07-15,603127,opening,open,,closed,2024-07-15,13.95,2024-07-18,14.22,hold_expired,1.725483870967758,2024-07-15,13.95,14.19,13.7,daily_open_proxy,,
2024-07-17,002905,opening,open,,closed,2024-07-17,6.08,2024-07-22,5.97,hold_expired,-2.0192105263157965,2024-07-17,6.08,6.11,5.92,daily_open_proxy,,
2024-07-18,002861,opening,open,,closed,2024-07-18,9.16,2024-07-23,9.73,hold_expired,6.012707423580776,2024-07-18,9.16,9.52,8.75,daily_open_proxy,,
2024-07-19,600822,opening,open,,closed,2024-07-19,9.0,2024-07-22,8.28,stop_loss,-8.210000000000008,2024-07-19,9.0,9.0,8.27,daily_open_proxy,,
2024-07-19,605186,opening,open,,closed,2024-07-19,21.3,2024-07-24,20.022,stop_loss,-6.210000000000005,2024-07-19,21.3,21.81,20.69,daily_open_proxy,,
2024-07-23,002576,opening,open,,closed,2024-07-23,11.19,2024-07-26,11.55,hold_expired,3.007158176943702,2024-07-23,11.19,11.46,11.09,daily_open_proxy,,
2024-07-23,603121,opening,open,,closed,2024-07-23,7.0,2024-07-26,7.14,hold_expired,1.7900000000000018,2024-07-23,7.0,7.46,7.0,daily_open_proxy,,
2024-07-24,603535,opening,open,,closed,2024-07-24,14.9,2024-07-29,14.82,hold_expired,-0.7469127516778538,2024-07-24,14.9,16.54,14.55,daily_open_proxy,,
2024-07-24,603863,opening,open,,closed,2024-07-24,19.48,2024-07-29,21.15,hold_expired,8.362895277207393,2024-07-24,19.48,19.69,18.7,daily_open_proxy,,
2024-07-25,000503,opening,open,,closed,2024-07-25,7.14,2024-07-30,7.04,hold_expired,-1.610560224089642,2024-07-25,7.14,7.27,6.88,daily_open_proxy,,
2024-07-26,001239,opening,open,,closed,2024-07-26,15.1,2024-07-31,15.51,hold_expired,2.505231788079464,2024-07-26,15.1,15.59,14.91,daily_open_proxy,,
2024-07-29,002868,opening,open,,closed,2024-07-29,13.11,2024-08-01,13.27,hold_expired,1.0104424103737566,2024-07-29,13.11,13.15,12.78,daily_open_proxy,,
2024-07-30,000921,opening,open,,closed,2024-07-30,28.49,2024-08-02,28.38,hold_expired,-0.5961003861003964,2024-07-30,28.49,29.1,26.8,daily_open_proxy,,
2024-07-30,600444,opening,open,,closed,2024-07-30,12.16,2024-08-02,12.86,hold_expired,5.546578947368407,2024-07-30,12.16,13.41,12.16,daily_open_proxy,,
2024-07-31,002952,opening,open,,closed,2024-07-31,19.45,2024-08-05,18.282999999999998,stop_loss,-6.210000000000005,2024-07-31,19.45,19.93,19.45,daily_open_proxy,,
2024-08-01,605008,opening,open,,closed,2024-08-01,12.13,2024-08-06,11.76,hold_expired,-3.2602885408079216,2024-08-01,12.13,12.23,12.04,daily_open_proxy,,
2024-08-01,605198,opening,open,,closed,2024-08-01,24.23,2024-08-05,22.7762,stop_loss,-6.210000000000005,2024-08-01,24.23,24.98,24.02,daily_open_proxy,,
2024-08-02,603082,opening,open,,closed,2024-08-02,32.26,2024-08-07,32.86,hold_expired,1.6498884066955979,2024-08-02,32.26,34.95,32.25,daily_open_proxy,,
2024-08-02,603721,opening,open,,closed,2024-08-02,21.87,2024-08-07,21.57,hold_expired,-1.5817421124828543,2024-08-02,21.87,24.0,21.78,daily_open_proxy,,
2024-08-05,002703,opening,open,,closed,2024-08-05,11.7,2024-08-08,10.998,stop_loss,-6.210000000000005,2024-08-05,11.7,12.18,11.26,daily_open_proxy,,
2024-08-05,002760,opening,open,,closed,2024-08-05,13.1,2024-08-08,13.53,hold_expired,3.0724427480915963,2024-08-05,13.1,13.26,12.75,daily_open_proxy,,
2024-08-06,603158,opening,open,,closed,2024-08-06,7.31,2024-08-09,6.8713999999999995,stop_loss,-6.210000000000005,2024-08-06,7.31,7.45,7.09,daily_open_proxy,,
2024-08-07,603978,opening,open,,closed,2024-08-07,9.35,2024-08-12,10.83,hold_expired,15.618877005347606,2024-08-07,9.35,10.36,8.98,daily_open_proxy,,
2024-08-08,002209,opening,open,,closed,2024-08-08,7.93,2024-08-13,7.75,hold_expired,-2.479861286254715,2024-08-08,7.93,7.94,7.69,daily_open_proxy,,
2024-08-08,603212,opening,open,,closed,2024-08-08,10.65,2024-08-13,10.43,hold_expired,-2.2757276995305173,2024-08-08,10.65,10.78,10.43,daily_open_proxy,,
2024-08-09,603042,opening,open,,closed,2024-08-09,9.6,2024-08-14,9.59,hold_expired,-0.3141666666666718,2024-08-09,9.6,9.95,9.5,daily_open_proxy,,
2024-08-09,603768,opening,open,,closed,2024-08-09,11.17,2024-08-14,10.91,hold_expired,-2.537663384064438,2024-08-09,11.17,11.24,10.94,daily_open_proxy,,
2024-08-13,603121,opening,open,,closed,2024-08-13,7.32,2024-08-16,7.64,hold_expired,4.161584699453535,2024-08-13,7.32,7.47,7.25,daily_open_proxy,,
2024-08-13,603375,opening,open,,closed,2024-08-13,38.96,2024-08-16,38.77,hold_expired,-0.6976796714578857,2024-08-13,38.96,41.88,37.71,daily_open_proxy,,
2024-08-14,000710,opening,open,,closed,2024-08-14,7.8,2024-08-19,7.59,hold_expired,-2.902307692307694,2024-08-14,7.8,8.56,7.63,daily_open_proxy,,
2024-08-14,605255,opening,open,,closed,2024-08-14,12.66,2024-08-19,12.37,hold_expired,-2.500679304897325,2024-08-14,12.66,12.66,12.24,daily_open_proxy,,
2024-08-15,002729,opening,open,,closed,2024-08-15,10.1,2024-08-20,10.11,hold_expired,-0.1109900990099009,2024-08-15,10.1,11.26,9.99,daily_open_proxy,,
2024-08-15,603966,opening,open,,closed,2024-08-15,6.92,2024-08-20,6.78,hold_expired,-2.233121387283233,2024-08-15,6.92,7.14,6.77,daily_open_proxy,,
2024-08-19,603917,opening,open,,closed,2024-08-19,11.34,2024-08-22,10.71,hold_expired,-5.765555555555546,2024-08-19,11.34,11.36,11.08,daily_open_proxy,,
2024-08-20,002888,opening,open,,closed,2024-08-20,15.33,2024-08-23,16.6,hold_expired,8.074409654272683,2024-08-20,15.33,17.02,15.33,daily_open_proxy,,
2024-08-21,002987,opening,open,,closed,2024-08-21,9.88,2024-08-26,10.63,hold_expired,7.381093117408931,2024-08-21,9.88,10.73,9.88,daily_open_proxy,,
2024-08-21,605398,opening,open,,closed,2024-08-21,15.3,2024-08-22,14.382,stop_loss,-6.210000000000005,2024-08-21,15.3,15.34,14.3,daily_open_proxy,,
2024-08-23,000020,opening,open,,closed,2024-08-23,10.2,2024-08-28,10.82,hold_expired,5.86843137254902,2024-08-23,10.2,11.97,10.2,daily_open_proxy,,
2024-08-23,605177,opening,open,,closed,2024-08-23,20.67,2024-08-26,18.09,stop_loss,-12.691857764876648,2024-08-23,20.67,20.68,18.87,daily_open_proxy,,
2024-08-26,000561,opening,open,,closed,2024-08-26,6.72,2024-08-27,6.3168,stop_loss,-6.210000000000005,2024-08-26,6.72,6.86,6.56,daily_open_proxy,,
2024-08-27,603038,opening,open,,closed,2024-08-27,7.58,2024-08-30,8.05,hold_expired,5.990527704485492,2024-08-27,7.58,8.46,7.5,daily_open_proxy,,
2024-08-29,603038,opening,open,,closed,2024-08-29,7.86,2024-09-03,7.85,hold_expired,-0.33722646310433513,2024-08-29,7.86,8.0,7.76,daily_open_proxy,,
2024-08-30,002933,opening,open,,closed,2024-08-30,25.74,2024-09-04,24.7,hold_expired,-4.250404040404033,2024-08-30,25.74,26.03,25.4,daily_open_proxy,,
2024-09-02,002843,opening,open,,closed,2024-09-02,13.65,2024-09-05,12.831000000000001,stop_loss,-6.210000000000005,2024-09-02,13.65,13.96,13.42,daily_open_proxy,,
2024-09-03,002384,opening,open,,closed,2024-09-03,22.65,2024-09-06,21.290999999999997,stop_loss,-6.210000000000005,2024-09-03,22.65,23.2,22.16,daily_open_proxy,,
2024-09-03,002889,opening,open,,closed,2024-09-03,16.5,2024-09-06,15.57,hold_expired,-5.846363636363628,2024-09-03,16.5,16.75,16.17,daily_open_proxy,,
2024-09-04,603726,opening,open,,closed,2024-09-04,14.95,2024-09-06,14.052999999999995,stop_loss,-6.210000000000016,2024-09-04,14.95,15.51,14.54,daily_open_proxy,,
2024-09-06,603978,opening,open,,closed,2024-09-06,11.04,2024-09-09,10.2,stop_loss,-7.818695652173914,2024-09-06,11.04,11.16,10.19,daily_open_proxy,,
2024-09-09,002383,opening,open,,closed,2024-09-09,6.12,2024-09-12,5.94,hold_expired,-3.151176470588236,2024-09-09,6.12,6.34,6.01,daily_open_proxy,,
2024-09-09,002931,opening,open,,closed,2024-09-09,8.62,2024-09-12,8.16,hold_expired,-5.546426914153125,2024-09-09,8.62,8.63,8.32,daily_open_proxy,,
2024-09-11,600148,opening,open,,closed,2024-09-11,13.46,2024-09-18,14.47,hold_expired,7.293714710252596,2024-09-11,13.46,14.48,13.46,daily_open_proxy,,
2024-09-12,002058,opening,open,,closed,2024-09-12,7.77,2024-09-19,7.91,hold_expired,1.5918018018018056,2024-09-12,7.77,7.89,7.63,daily_open_proxy,,
2024-09-13,603399,opening,open,,closed,2024-09-13,6.63,2024-09-18,6.232199999999999,stop_loss,-6.210000000000016,2024-09-13,6.63,6.71,6.34,daily_open_proxy,,
2024-09-18,002265,opening,open,,closed,2024-09-18,8.79,2024-09-23,9.27,hold_expired,5.2507508532423355,2024-09-18,8.79,8.95,8.62,daily_open_proxy,,
2024-09-18,600178,opening,open,,closed,2024-09-18,8.6,2024-09-23,9.16,hold_expired,6.301627906976769,2024-09-18,8.6,9.15,8.48,daily_open_proxy,,
2024-09-19,600449,opening,open,,closed,2024-09-19,9.78,2024-09-24,11.17,hold_expired,14.002678936605315,2024-09-19,9.78,10.52,9.78,daily_open_proxy,,
2024-09-23,002848,opening,open,,closed,2024-09-23,7.1,2024-09-26,7.71,hold_expired,8.381549295774636,2024-09-23,7.1,7.3,6.93,daily_open_proxy,,
2024-09-24,002313,opening,open,,closed,2024-09-24,6.51,2024-09-27,7.05,hold_expired,8.084930875576022,2024-09-24,6.51,6.68,6.46,daily_open_proxy,,
2024-09-25,002268,opening,open,,closed,2024-09-25,14.18,2024-09-30,16.9,hold_expired,18.97194640338504,2024-09-25,14.18,14.62,14.16,daily_open_proxy,,
2024-09-26,001206,opening,open,,closed,2024-09-26,12.71,2024-10-08,15.24,hold_expired,19.695586152635713,2024-09-26,12.71,12.99,12.44,daily_open_proxy,,
2024-09-26,002952,opening,open,,closed,2024-09-26,21.56,2024-10-08,26.79,hold_expired,24.047884972170696,2024-09-26,21.56,21.95,21.38,daily_open_proxy,,
2024-09-27,002790,opening,open,,closed,2024-09-27,7.67,2024-10-10,7.71,hold_expired,0.3115123859191762,2024-09-27,7.67,8.3,7.55,daily_open_proxy,,
2024-10-09,003037,opening,open,,closed,2024-10-09,6.35,2024-10-10,5.96,stop_loss,-6.351732283464563,2024-10-09,6.35,6.59,5.95,daily_open_proxy,,
2024-10-09,603507,opening,open,,closed,2024-10-09,25.49,2024-10-11,23.960599999999992,stop_loss,-6.210000000000005,2024-10-09,25.49,25.5,23.62,daily_open_proxy,,
2024-10-14,000151,opening,open,,closed,2024-10-14,12.38,2024-10-17,12.04,hold_expired,-2.956365105008086,2024-10-14,12.38,13.38,12.06,daily_open_proxy,,
2024-10-14,002989,opening,open,,closed,2024-10-14,21.8,2024-10-17,22.9,hold_expired,4.835871559633008,2024-10-14,21.8,24.05,21.8,daily_open_proxy,,
2024-10-16,003042,opening,open,,closed,2024-10-16,14.35,2024-10-21,14.25,hold_expired,-0.906864111498241,2024-10-16,14.35,14.96,14.08,daily_open_proxy,,
2024-10-22,603011,opening,open,,closed,2024-10-22,7.1,2024-10-25,7.36,hold_expired,3.451971830985933,2024-10-22,7.1,7.77,7.1,daily_open_proxy,,
2024-10-22,603212,opening,open,,closed,2024-10-22,11.9,2024-10-25,12.74,hold_expired,6.848823529411762,2024-10-22,11.9,12.35,11.9,daily_open_proxy,,
2024-10-23,002085,opening,open,,closed,2024-10-23,16.69,2024-10-28,17.93,hold_expired,7.219598562013173,2024-10-23,16.69,18.87,16.69,daily_open_proxy,,
2024-10-23,600855,opening,open,,closed,2024-10-23,12.0,2024-10-28,12.67,hold_expired,5.373333333333318,2024-10-23,12.0,12.88,12.0,daily_open_proxy,,
2024-10-24,001202,opening,open,,closed,2024-10-24,13.07,2024-10-29,12.99,hold_expired,-0.8220887528691776,2024-10-24,13.07,13.56,12.76,daily_open_proxy,,
2024-10-24,603630,opening,open,,closed,2024-10-24,11.75,2024-10-29,12.08,hold_expired,2.5985106382978564,2024-10-24,11.75,12.68,11.7,daily_open_proxy,,
2024-10-25,002846,opening,open,,closed,2024-10-25,7.85,2024-10-30,7.75,hold_expired,-1.48388535031846,2024-10-25,7.85,8.5,7.78,daily_open_proxy,,
2024-10-28,002728,opening,open,,closed,2024-10-28,9.05,2024-10-31,8.99,hold_expired,-0.872983425414354,2024-10-28,9.05,9.59,8.98,daily_open_proxy,,
2024-10-29,000009,opening,open,,closed,2024-10-29,10.09,2024-10-30,9.484599999999999,stop_loss,-6.210000000000016,2024-10-29,10.09,10.2,9.57,daily_open_proxy,,
2024-10-29,603028,opening,open,,closed,2024-10-29,7.49,2024-10-30,6.89,stop_loss,-8.220680907877167,2024-10-29,7.49,7.8,7.12,daily_open_proxy,,
2024-10-30,603788,opening,open,,closed,2024-10-30,15.01,2024-11-04,14.91,hold_expired,-0.8762225183211245,2024-10-30,15.01,15.67,14.71,daily_open_proxy,,
2024-10-30,603790,opening,open,,closed,2024-10-30,11.6,2024-10-31,10.903999999999998,stop_loss,-6.210000000000005,2024-10-30,11.6,11.69,10.85,daily_open_proxy,,
2024-10-31,001283,opening,open,,closed,2024-10-31,45.9,2024-11-01,43.146,stop_loss,-6.209999999999995,2024-10-31,45.9,46.79,44.35,daily_open_proxy,,
2024-10-31,002153,opening,open,,closed,2024-10-31,7.68,2024-11-04,7.219199999999999,stop_loss,-6.210000000000005,2024-10-31,7.68,7.86,7.43,daily_open_proxy,,
2024-11-01,000948,opening,open,,closed,2024-11-01,21.4,2024-11-04,19.11,stop_loss,-10.910934579439248,2024-11-01,21.4,21.43,20.16,daily_open_proxy,,
2024-11-01,603330,opening,open,,closed,2024-11-01,6.46,2024-11-04,6.072399999999999,stop_loss,-6.210000000000016,2024-11-01,6.46,6.61,6.19,daily_open_proxy,,
2024-11-04,600686,opening,open,,closed,2024-11-04,13.61,2024-11-07,13.9,hold_expired,1.9207861866274758,2024-11-04,13.61,14.75,13.61,daily_open_proxy,,
2024-11-04,600864,opening,open,,closed,2024-11-04,7.05,2024-11-07,7.8,hold_expired,10.428297872340451,2024-11-04,7.05,7.31,6.86,daily_open_proxy,,
2024-11-05,000831,opening,open,,closed,2024-11-05,32.48,2024-11-08,34.52,hold_expired,6.070788177339924,2024-11-05,32.48,37.3,32.48,daily_open_proxy,,
2024-11-06,002979,opening,open,,closed,2024-11-06,30.17,2024-11-11,30.46,hold_expired,0.7512197547232304,2024-11-06,30.17,32.98,29.89,daily_open_proxy,,
2024-11-06,605218,opening,open,,closed,2024-11-06,25.9,2024-11-11,32.33,hold_expired,24.616254826254824,2024-11-06,25.9,27.88,25.5,daily_open_proxy,,
2024-11-07,000007,opening,open,,closed,2024-11-07,7.7,2024-11-12,7.7,hold_expired,-0.2099999999999778,2024-11-07,7.7,7.78,7.41,daily_open_proxy,,
2024-11-07,002560,opening,open,,closed,2024-11-07,6.77,2024-11-12,6.74,hold_expired,-0.6531314623338123,2024-11-07,6.77,6.83,6.65,daily_open_proxy,,
2024-11-08,002617,opening,open,,closed,2024-11-08,7.4,2024-11-13,7.35,hold_expired,-0.8856756756756909,2024-11-08,7.4,8.22,7.34,daily_open_proxy,,
2024-11-11,000798,opening,open,,closed,2024-11-11,8.04,2024-11-14,7.68,hold_expired,-4.687611940298498,2024-11-11,8.04,8.1,7.82,daily_open_proxy,,
2024-11-11,603006,opening,open,,closed,2024-11-11,11.73,2024-11-14,11.82,hold_expired,0.5572634271099766,2024-11-11,11.73,11.9,11.45,daily_open_proxy,,
2024-11-12,002796,opening,open,,closed,2024-11-12,12.65,2024-11-13,11.891,stop_loss,-6.210000000000005,2024-11-12,12.65,12.82,12.0,daily_open_proxy,,
2024-11-13,603928,opening,open,,closed,2024-11-13,10.09,2024-11-15,9.4846,stop_loss,-6.210000000000005,2024-11-13,10.09,10.9,9.71,daily_open_proxy,,
2024-11-13,603956,opening,open,,closed,2024-11-13,6.03,2024-11-15,5.668200000000001,stop_loss,-6.209999999999995,2024-11-13,6.03,6.19,5.82,daily_open_proxy,,
2024-11-14,002857,opening,open,,closed,2024-11-14,13.0,2024-11-15,12.22,stop_loss,-6.210000000000016,2024-11-14,13.0,13.32,12.41,daily_open_proxy,,
2024-11-14,600857,opening,open,,closed,2024-11-14,7.52,2024-11-18,7.068799999999998,stop_loss,-6.210000000000005,2024-11-14,7.52,7.67,7.2,daily_open_proxy,,
2024-11-15,002400,opening,open,,closed,2024-11-15,7.59,2024-11-19,7.1346,stop_loss,-6.210000000000005,2024-11-15,7.59,8.39,7.41,daily_open_proxy,,
2024-11-15,603535,opening,open,,closed,2024-11-15,11.7,2024-11-20,12.19,hold_expired,3.9780341880341954,2024-11-15,11.7,12.4,11.7,daily_open_proxy,,
2024-11-19,605577,opening,open,,closed,2024-11-19,16.36,2024-11-22,16.77,hold_expired,2.296112469437638,2024-11-19,16.36,18.19,16.36,daily_open_proxy,,
2024-11-20,002140,opening,open,,closed,2024-11-20,11.0,2024-11-22,10.339999999999998,stop_loss,-6.210000000000016,2024-11-20,11.0,11.98,11.0,daily_open_proxy,,
2024-11-21,002905,opening,open,,closed,2024-11-21,7.61,2024-11-25,7.1534,stop_loss,-6.210000000000005,2024-11-21,7.61,8.28,7.48,daily_open_proxy,,
2024-11-22,002848,opening,open,,closed,2024-11-22,10.02,2024-11-25,9.4188,stop_loss,-6.209999999999995,2024-11-22,10.02,10.1,9.46,daily_open_proxy,,
2024-11-22,603662,opening,open,,closed,2024-11-22,45.0,2024-11-27,46.84,hold_expired,3.8788888888888975,2024-11-22,45.0,49.45,44.08,daily_open_proxy,,
2024-11-25,002734,opening,open,,closed,2024-11-25,8.28,2024-11-28,8.91,hold_expired,7.398695652173925,2024-11-25,8.28,8.43,8.04,daily_open_proxy,,
2024-11-25,002950,opening,open,,closed,2024-11-25,9.91,2024-11-26,9.23,stop_loss,-7.071755802219982,2024-11-25,9.91,10.03,9.11,daily_open_proxy,,
2024-11-27,002576,opening,open,,closed,2024-11-27,14.5,2024-12-02,14.82,hold_expired,1.9968965517241468,2024-11-27,14.5,15.36,14.26,daily_open_proxy,,
2024-11-27,603758,opening,open,,closed,2024-11-27,8.8,2024-12-02,9.1,hold_expired,3.199090909090895,2024-11-27,8.8,8.85,8.43,daily_open_proxy,,
2024-11-29,002527,opening,open,,closed,2024-11-29,9.4,2024-12-04,10.38,hold_expired,10.215531914893614,2024-11-29,9.4,10.82,9.1,daily_open_proxy,,
2024-11-29,603706,opening,open,,closed,2024-11-29,21.83,2024-12-02,20.3,stop_loss,-7.218703618873113,2024-11-29,21.83,21.83,19.94,daily_open_proxy,,
2024-12-02,000058,opening,open,,closed,2024-12-02,9.11,2024-12-05,9.7,hold_expired,6.266399560922053,2024-12-02,9.11,10.33,9.11,daily_open_proxy,,
2024-12-03,002870,opening,open,,closed,2024-12-03,34.71,2024-12-06,33.87,hold_expired,-2.630051858254113,2024-12-03,34.71,35.27,33.88,daily_open_proxy,,
2024-12-03,605300,opening,open,,closed,2024-12-03,15.88,2024-12-04,14.5,stop_loss,-8.900176322418154,2024-12-03,15.88,16.24,15.08,daily_open_proxy,,
2024-12-04,002036,opening,open,,closed,2024-12-04,10.5,2024-12-09,10.9,hold_expired,3.5995238095238182,2024-12-04,10.5,10.58,10.13,daily_open_proxy,,
2024-12-04,600579,opening,open,,closed,2024-12-04,7.59,2024-12-09,7.5,hold_expired,-1.3957707509881465,2024-12-04,7.59,7.79,7.43,daily_open_proxy,,
2024-12-05,002279,opening,open,,closed,2024-12-05,7.28,2024-12-10,7.83,hold_expired,7.34494505494505,2024-12-05,7.28,7.59,7.19,daily_open_proxy,,
2024-12-05,603949,opening,open,,closed,2024-12-05,14.32,2024-12-10,14.4,hold_expired,0.34865921787709997,2024-12-05,14.32,14.68,13.92,daily_open_proxy,,
2024-12-06,002516,opening,open,,closed,2024-12-06,6.02,2024-12-11,5.95,hold_expired,-1.3727906976744095,2024-12-06,6.02,6.31,5.91,daily_open_proxy,,
2024-12-06,600841,opening,open,,closed,2024-12-06,6.01,2024-12-11,6.07,hold_expired,0.788336106489206,2024-12-06,6.01,6.03,5.76,daily_open_proxy,,
2024-12-09,002313,opening,open,,closed,2024-12-09,9.29,2024-12-12,11.17,hold_expired,20.02681377825619,2024-12-09,9.29,9.65,9.17,daily_open_proxy,,
2024-12-09,002529,opening,open,,closed,2024-12-09,9.31,2024-12-12,9.3,hold_expired,-0.3174113856068703,2024-12-09,9.31,9.57,9.19,daily_open_proxy,,
2024-12-11,003037,opening,open,,closed,2024-12-11,6.97,2024-12-16,7.32,hold_expired,4.811520803443336,2024-12-11,6.97,7.59,6.97,daily_open_proxy,,
2024-12-11,600967,opening,open,,closed,2024-12-11,8.75,2024-12-16,8.65,hold_expired,-1.3528571428571343,2024-12-11,8.75,9.33,8.68,daily_open_proxy,,
2024-12-12,001318,opening,open,,closed,2024-12-12,13.3,2024-12-17,12.501999999999999,stop_loss,-6.210000000000005,2024-12-12,13.3,14.91,13.21,daily_open_proxy,,
2024-12-12,002474,opening,open,,closed,2024-12-12,7.78,2024-12-17,7.313199999999999,stop_loss,-6.210000000000005,2024-12-12,7.78,8.57,7.73,daily_open_proxy,,
2024-12-13,002861,opening,open,,closed,2024-12-13,13.57,2024-12-18,15.3,hold_expired,12.538710390567442,2024-12-13,13.57,14.58,13.54,daily_open_proxy,,
2024-12-13,605338,opening,open,,closed,2024-12-13,20.34,2024-12-17,19.1196,stop_loss,-6.210000000000005,2024-12-13,20.34,22.78,19.66,daily_open_proxy,,
2024-12-16,603123,opening,open,,closed,2024-12-16,10.34,2024-12-17,9.7196,stop_loss,-6.210000000000005,2024-12-16,10.34,10.48,9.9,daily_open_proxy,,
2024-12-16,603326,opening,open,,closed,2024-12-16,7.62,2024-12-18,6.78,stop_loss,-11.233622047244097,2024-12-16,7.62,7.87,7.43,daily_open_proxy,,
2024-12-17,002576,opening,open,,closed,2024-12-17,16.24,2024-12-20,16.09,hold_expired,-1.1336453201970307,2024-12-17,16.24,16.42,15.14,daily_open_proxy,,
2024-12-17,603999,opening,open,,closed,2024-12-17,7.56,2024-12-18,7.05,stop_loss,-6.956031746031733,2024-12-17,7.56,7.79,6.99,daily_open_proxy,,
2024-12-18,600158,opening,open,,closed,2024-12-18,9.8,2024-12-19,9.212000000000002,stop_loss,-6.210000000000005,2024-12-18,9.8,10.47,9.52,daily_open_proxy,,
2024-12-20,600775,opening,open,,closed,2024-12-20,11.82,2024-12-23,11.110800000000001,stop_loss,-6.209999999999995,2024-12-20,11.82,12.08,11.53,daily_open_proxy,,
2024-12-20,603048,opening,open,,closed,2024-12-20,16.86,2024-12-24,14.96,stop_loss,-11.47927639383154,2024-12-20,16.86,17.1,16.34,daily_open_proxy,,
2024-12-23,001266,opening,open,,closed,2024-12-23,23.99,2024-12-26,25.34,hold_expired,5.417344726969574,2024-12-23,23.99,24.19,22.38,daily_open_proxy,,
2024-12-23,002404,opening,open,,closed,2024-12-23,6.95,2024-12-25,6.5329999999999995,stop_loss,-6.210000000000005,2024-12-23,6.95,7.18,6.7,daily_open_proxy,,
2024-12-24,603518,opening,open,,closed,2024-12-24,9.69,2024-12-27,9.96,hold_expired,2.576377708978338,2024-12-24,9.69,10.47,9.35,daily_open_proxy,,
2024-12-25,002918,opening,open,,closed,2024-12-25,10.8,2024-12-30,11.35,hold_expired,4.882592592592582,2024-12-25,10.8,11.01,10.2,daily_open_proxy,,
2024-12-26,603350,opening,open,,closed,2024-12-26,35.71,2024-12-31,36.5,hold_expired,2.0022654718566226,2024-12-26,35.71,38.36,35.71,daily_open_proxy,,
2024-12-26,603767,opening,open,,closed,2024-12-26,12.59,2024-12-31,11.834599999999998,stop_loss,-6.210000000000005,2024-12-26,12.59,12.98,12.37,daily_open_proxy,,
2024-12-30,603042,opening,open,,closed,2024-12-30,15.07,2025-01-02,14.165799999999999,stop_loss,-6.210000000000005,2024-12-30,15.07,16.54,14.73,daily_open_proxy,,
2024-12-30,603166,opening,open,,closed,2024-12-30,7.36,2025-01-03,6.918399999999999,stop_loss,-6.210000000000005,2024-12-30,7.36,7.6,7.21,daily_open_proxy,,
2024-12-31,002746,opening,open,,closed,2024-12-31,6.53,2025-01-02,6.138199999999999,stop_loss,-6.210000000000005,2024-12-31,6.53,6.68,6.29,daily_open_proxy,,
2024-12-31,603950,opening,open,,closed,2024-12-31,18.58,2025-01-02,17.4652,stop_loss,-6.210000000000005,2024-12-31,18.58,18.85,17.57,daily_open_proxy,,
2025-01-02,600602,opening,open,,closed,2025-01-02,15.59,2025-01-07,13.34,stop_loss,-14.642328415651075,2025-01-02,15.59,17.39,14.93,daily_open_proxy,,
2025-01-02,600830,opening,open,,closed,2025-01-02,11.1,2025-01-06,9.15,stop_loss,-17.777567567567566,2025-01-02,11.1,11.55,10.54,daily_open_proxy,,
2025-01-03,002350,opening,open,,closed,2025-01-03,7.21,2025-01-07,6.25,stop_loss,-13.524840499306514,2025-01-03,7.21,7.28,6.82,daily_open_proxy,,
2025-01-03,605580,opening,open,,closed,2025-01-03,10.87,2025-01-08,12.31,hold_expired,13.037470101195979,2025-01-03,10.87,11.83,10.62,daily_open_proxy,,
2025-01-06,000017,opening,open,,closed,2025-01-06,6.22,2025-01-09,6.19,hold_expired,-0.6923151125401992,2025-01-06,6.22,6.41,6.07,daily_open_proxy,,
2025-01-08,605208,opening,open,,closed,2025-01-08,8.51,2025-01-09,7.96,stop_loss,-6.672984723854282,2025-01-08,8.51,8.79,8.28,daily_open_proxy,,
2025-01-09,600793,opening,open,,closed,2025-01-09,19.95,2025-01-14,21.45,hold_expired,7.308796992481214,2025-01-09,19.95,20.61,19.7,daily_open_proxy,,
2025-01-13,002815,opening,open,,closed,2025-01-13,9.73,2025-01-16,10.63,hold_expired,9.039743062692704,2025-01-13,9.73,9.96,9.68,daily_open_proxy,,
2025-01-13,600241,opening,open,,closed,2025-01-13,6.61,2025-01-16,7.06,hold_expired,6.597866868381218,2025-01-13,6.61,6.79,6.44,daily_open_proxy,,
2025-01-15,002725,opening,open,,closed,2025-01-15,11.76,2025-01-20,11.71,hold_expired,-0.635170068027203,2025-01-15,11.76,11.95,11.46,daily_open_proxy,,
2025-01-16,002605,opening,open,,closed,2025-01-16,27.74,2025-01-21,27.55,hold_expired,-0.8949315068493067,2025-01-16,27.74,31.0,26.66,daily_open_proxy,,
2025-01-16,003003,opening,open,,closed,2025-01-16,9.84,2025-01-21,10.0,hold_expired,1.4160162601626105,2025-01-16,9.84,10.14,9.62,daily_open_proxy,,
2025-01-17,002967,opening,open,,closed,2025-01-17,18.31,2025-01-22,18.93,hold_expired,3.176127799016947,2025-01-17,18.31,18.9,18.26,daily_open_proxy,,
2025-01-17,603600,opening,open,,closed,2025-01-17,13.27,2025-01-22,12.473800000000002,stop_loss,-6.210000000000005,2025-01-17,13.27,13.42,12.42,daily_open_proxy,,
2025-01-20,002677,opening,open,,closed,2025-01-20,7.7,2025-01-23,7.31,hold_expired,-5.274935064935083,2025-01-20,7.7,7.81,7.6,daily_open_proxy,,
2025-01-20,603758,opening,open,,closed,2025-01-20,9.0,2025-01-23,9.0,hold_expired,2.9049301826042697,2025-01-20,9.0,9.19,8.82,daily_open_proxy,,
2025-01-22,600592,opening,open,,closed,2025-01-22,10.86,2025-01-27,10.4,hold_expired,-4.445727440147318,2025-01-22,10.86,10.88,10.4,daily_open_proxy,,
2025-01-24,001208,opening,open,,closed,2025-01-24,9.51,2025-02-06,9.61,hold_expired,0.841524710830698,2025-01-24,9.51,9.95,9.46,daily_open_proxy,,
2025-01-24,002148,opening,open,,closed,2025-01-24,6.94,2025-02-06,7.33,hold_expired,5.409596541786764,2025-01-24,6.94,7.05,6.71,daily_open_proxy,,
2025-01-27,603089,opening,open,,closed,2025-01-27,10.66,2025-02-05,10.0,stop_loss,-6.401369606003749,2025-01-27,10.66,10.77,9.98,daily_open_proxy,,
2025-01-27,603687,opening,open,,closed,2025-01-27,7.1,2025-02-05,6.6739999999999995,stop_loss,-6.209999999999995,2025-01-27,7.1,7.1,7.1,daily_open_proxy,,
2025-02-06,600191,opening,open,,closed,2025-02-06,7.98,2025-02-11,8.34,hold_expired,4.3012781954887105,2025-02-06,7.98,8.68,7.88,daily_open_proxy,,
2025-02-10,002576,opening,open,,closed,2025-02-10,15.91,2025-02-13,15.66,hold_expired,-1.7813387806411183,2025-02-10,15.91,16.2,15.55,daily_open_proxy,,
2025-02-10,603578,opening,open,,closed,2025-02-10,12.79,2025-02-13,13.07,hold_expired,1.9792103205629399,2025-02-10,12.79,13.07,12.49,daily_open_proxy,,
2025-02-11,603618,opening,open,,closed,2025-02-11,6.4,2025-02-14,6.12,hold_expired,-4.5849999999999955,2025-02-11,6.4,6.55,6.13,daily_open_proxy,,
2025-02-11,605255,opening,open,,closed,2025-02-11,14.06,2025-02-14,13.65,hold_expired,-3.126073968705557,2025-02-11,14.06,14.17,13.84,daily_open_proxy,,
2025-02-12,002173,opening,open,,closed,2025-02-12,9.86,2025-02-17,10.37,hold_expired,4.9624137931034475,2025-02-12,9.86,10.3,9.7,daily_open_proxy,,
2025-02-12,002229,opening,open,,closed,2025-02-12,13.22,2025-02-17,13.8,hold_expired,4.177291981845687,2025-02-12,13.22,13.63,13.11,daily_open_proxy,,
2025-02-13,002441,opening,open,,closed,2025-02-13,9.66,2025-02-14,9.0804,stop_loss,-6.210000000000016,2025-02-13,9.66,9.84,9.2,daily_open_proxy,,
2025-02-13,603660,opening,open,,closed,2025-02-13,8.13,2025-02-18,7.6422,stop_loss,-6.210000000000005,2025-02-13,8.13,8.36,7.99,daily_open_proxy,,
2025-02-14,002272,opening,open,,closed,2025-02-14,9.89,2025-02-19,9.97,hold_expired,0.5988978766430888,2025-02-14,9.89,10.13,9.4,daily_open_proxy,,
2025-02-14,003016,opening,open,,closed,2025-02-14,7.7,2025-02-19,7.48,hold_expired,-3.067142857142847,2025-02-14,7.7,7.7,7.5,daily_open_proxy,,
2025-02-18,002326,opening,open,,closed,2025-02-18,9.4,2025-02-21,9.67,hold_expired,2.662340425531905,2025-02-18,9.4,10.45,9.4,daily_open_proxy,,
2025-02-18,603085,opening,open,,closed,2025-02-18,11.53,2025-02-21,11.87,hold_expired,2.738829141370335,2025-02-18,11.53,12.49,11.46,daily_open_proxy,,
2025-02-19,001324,opening,open,,closed,2025-02-19,18.0,2025-02-24,19.36,hold_expired,7.34555555555556,2025-02-19,18.0,19.2,17.51,daily_open_proxy,,
2025-02-19,603717,opening,open,,closed,2025-02-19,8.23,2025-02-24,7.99,hold_expired,-3.1261603888213982,2025-02-19,8.23,8.35,8.11,daily_open_proxy,,
2025-02-21,002908,opening,open,,closed,2025-02-21,10.25,2025-02-26,10.56,hold_expired,2.8143902439024417,2025-02-21,10.25,11.05,10.12,daily_open_proxy,,
2025-02-21,603011,opening,open,,closed,2025-02-21,8.0,2025-02-26,8.09,hold_expired,0.9149999999999983,2025-02-21,8.0,8.09,7.85,daily_open_proxy,,
2025-02-24,000590,opening,open,,closed,2025-02-24,7.7,2025-02-27,8.07,hold_expired,4.595194805194812,2025-02-24,7.7,7.95,7.64,daily_open_proxy,,
2025-02-24,605366,opening,open,,closed,2025-02-24,6.02,2025-02-27,6.15,hold_expired,1.9494684385382035,2025-02-24,6.02,6.25,6.01,daily_open_proxy,,
2025-02-25,002347,opening,open,,closed,2025-02-25,9.16,2025-02-28,8.610399999999998,stop_loss,-6.210000000000016,2025-02-25,9.16,9.45,9.1,daily_open_proxy,,
2025-02-25,600198,opening,open,,closed,2025-02-25,9.82,2025-02-28,9.230799999999999,stop_loss,-6.210000000000016,2025-02-25,9.82,10.3,9.82,daily_open_proxy,,
2025-02-26,603115,opening,open,,closed,2025-02-26,14.76,2025-03-03,14.64,hold_expired,-1.023008130081283,2025-02-26,14.76,15.05,14.64,daily_open_proxy,,
2025-02-27,002097,opening,open,,closed,2025-02-27,8.83,2025-02-28,8.3002,stop_loss,-6.210000000000005,2025-02-27,8.83,9.15,8.57,daily_open_proxy,,
2025-02-28,603320,opening,open,,closed,2025-02-28,18.5,2025-03-03,17.39,stop_loss,-6.210000000000005,2025-02-28,18.5,18.83,17.63,daily_open_proxy,,
2025-03-05,000619,opening,open,,closed,2025-03-05,6.42,2025-03-10,6.45,hold_expired,0.25728971962617386,2025-03-05,6.42,6.46,6.19,daily_open_proxy,,
2025-03-05,603978,opening,open,,closed,2025-03-05,14.0,2025-03-10,14.75,hold_expired,5.14714285714286,2025-03-05,14.0,14.03,13.61,daily_open_proxy,,
2025-03-06,002313,opening,open,,closed,2025-03-06,11.23,2025-03-11,11.55,hold_expired,2.639510240427433,2025-03-06,11.23,11.91,11.22,daily_open_proxy,,
2025-03-06,603123,opening,open,,closed,2025-03-06,8.65,2025-03-11,8.7,hold_expired,0.36803468208093015,2025-03-06,8.65,9.34,8.55,daily_open_proxy,,
2025-03-07,603985,opening,open,,closed,2025-03-07,14.4,2025-03-12,14.45,hold_expired,0.1372222222222099,2025-03-07,14.4,15.36,14.06,daily_open_proxy,,
2025-03-10,002657,opening,open,,closed,2025-03-10,21.11,2025-03-13,20.67,hold_expired,-2.294320227380354,2025-03-10,21.11,21.6,20.6,daily_open_proxy,,
2025-03-10,603219,opening,open,,closed,2025-03-10,19.4,2025-03-13,18.235999999999997,stop_loss,-6.210000000000005,2025-03-10,19.4,20.25,19.35,daily_open_proxy,,
2025-03-11,001268,opening,open,,closed,2025-03-11,21.28,2025-03-14,21.51,hold_expired,0.8708270676691656,2025-03-11,21.28,22.3,21.21,daily_open_proxy,,
2025-03-11,603158,opening,open,,closed,2025-03-11,10.14,2025-03-14,10.19,hold_expired,0.28309664694279224,2025-03-11,10.14,10.62,10.14,daily_open_proxy,,
2025-03-13,003025,opening,open,,closed,2025-03-13,18.5,2025-03-14,17.39,stop_loss,-6.210000000000005,2025-03-13,18.5,18.85,17.4,daily_open_proxy,,
2025-03-18,002923,opening,open,,closed,2025-03-18,11.22,2025-03-21,12.55,hold_expired,11.643832442067746,2025-03-18,11.22,12.49,11.19,daily_open_proxy,,
2025-03-18,002946,opening,open,,closed,2025-03-18,16.0,2025-03-19,15.04,stop_loss,-6.210000000000005,2025-03-18,16.0,16.14,15.4,daily_open_proxy,,
2025-03-19,601798,opening,open,,closed,2025-03-19,7.21,2025-03-24,8.54,hold_expired,18.23660194174754,2025-03-19,7.21,7.59,7.0,daily_open_proxy,,
2025-03-21,002838,opening,open,,closed,2025-03-21,16.19,2025-03-24,15.2186,stop_loss,-6.210000000000005,2025-03-21,16.19,16.72,15.6,daily_open_proxy,,
2025-03-24,000595,opening,open,,closed,2025-03-24,7.22,2025-03-25,6.29,stop_loss,-13.090886426592798,2025-03-24,7.22,7.35,6.99,daily_open_proxy,,
2025-03-24,603355,opening,open,,closed,2025-03-24,28.78,2025-03-27,28.03,hold_expired,-2.8159763724808893,2025-03-24,28.78,30.4,27.88,daily_open_proxy,,
2025-03-25,601798,opening,open,,closed,2025-03-25,7.69,2025-03-26,7.18,stop_loss,-6.841989596879073,2025-03-25,7.69,8.08,7.69,daily_open_proxy,,
2025-03-27,002255,opening,open,,closed,2025-03-27,7.92,2025-03-28,7.4448,stop_loss,-6.210000000000005,2025-03-27,7.92,8.82,7.73,daily_open_proxy,,
2025-03-27,603585,opening,open,,closed,2025-03-27,14.95,2025-04-01,14.81,hold_expired,-1.1464548494983249,2025-03-27,14.95,16.47,14.95,daily_open_proxy,,
2025-03-28,603353,opening,open,,closed,2025-03-28,15.34,2025-04-08,13.87,hold_expired,-9.79279009126467,2025-03-28,15.34,17.38,15.34,daily_open_proxy,,
2025-03-28,603657,opening,open,,closed,2025-03-28,16.93,2025-04-02,18.04,hold_expired,6.346408741878328,2025-03-28,16.93,17.63,16.6,daily_open_proxy,,
2025-03-31,600746,opening,open,,closed,2025-03-31,8.27,2025-04-03,8.49,hold_expired,2.450217654171726,2025-03-31,8.27,8.84,8.0,daily_open_proxy,,
2025-03-31,603078,opening,open,,closed,2025-03-31,19.05,2025-04-03,19.28,hold_expired,0.9973490813648391,2025-03-31,19.05,19.64,18.33,daily_open_proxy,,
2025-04-03,603192,opening,open,,closed,2025-04-03,17.83,2025-04-08,16.27,stop_loss,-8.959298934380246,2025-04-03,17.83,18.95,17.5,daily_open_proxy,,
2025-04-08,603313,opening,open,,closed,2025-04-08,6.61,2025-04-11,7.63,hold_expired,15.221164901664139,2025-04-08,6.61,7.47,6.58,daily_open_proxy,,
2025-04-10,601038,opening,open,,closed,2025-04-10,13.62,2025-04-15,13.46,hold_expired,-1.3847430249632762,2025-04-10,13.62,14.49,13.62,daily_open_proxy,,
2025-04-11,000697,opening,open,,closed,2025-04-11,7.75,2025-04-16,7.92,hold_expired,1.9835483870967776,2025-04-11,7.75,8.37,7.75,daily_open_proxy,,
2025-04-14,001317,opening,open,,closed,2025-04-14,37.0,2025-04-17,37.51,hold_expired,1.1683783783783754,2025-04-14,37.0,39.86,36.88,daily_open_proxy,,
2025-04-14,600859,opening,open,,closed,2025-04-14,15.9,2025-04-16,14.946000000000002,stop_loss,-6.209999999999995,2025-04-14,15.9,16.84,15.86,daily_open_proxy,,
2025-04-15,600192,opening,open,,closed,2025-04-15,6.4,2025-04-18,6.38,hold_expired,-0.5224999999999933,2025-04-15,6.4,6.55,6.32,daily_open_proxy,,
2025-04-15,603933,opening,open,,closed,2025-04-15,15.01,2025-04-18,15.45,hold_expired,2.721379080612917,2025-04-15,15.01,15.15,14.62,daily_open_proxy,,
2025-04-16,002103,opening,open,,closed,2025-04-16,9.12,2025-04-21,8.94,hold_expired,-2.1836842105263163,2025-04-16,9.12,9.5,8.72,daily_open_proxy,,
2025-04-16,603917,opening,open,,closed,2025-04-16,12.61,2025-04-21,12.31,hold_expired,-2.5890642347343293,2025-04-16,12.61,12.65,11.92,daily_open_proxy,,
2025-04-17,002279,opening,open,,closed,2025-04-17,6.67,2025-04-18,6.2698,stop_loss,-6.210000000000005,2025-04-17,6.67,7.1,6.38,daily_open_proxy,,
2025-04-17,600128,opening,open,,closed,2025-04-17,10.2,2025-04-22,10.35,hold_expired,1.2605882352941125,2025-04-17,10.2,10.75,9.61,daily_open_proxy,,
2025-04-18,600629,opening,open,,closed,2025-04-18,8.11,2025-04-23,8.38,hold_expired,3.1192231812577234,2025-04-18,8.11,8.34,8.02,daily_open_proxy,,
2025-04-21,001300,opening,open,,closed,2025-04-21,11.9,2025-04-24,12.33,hold_expired,3.4034453781512477,2025-04-21,11.9,12.41,11.9,daily_open_proxy,,
2025-04-21,600250,opening,open,,closed,2025-04-21,9.49,2025-04-24,8.9206,stop_loss,-6.210000000000005,2025-04-21,9.49,10.32,9.48,daily_open_proxy,,
2025-04-22,002446,opening,open,,closed,2025-04-22,6.35,2025-04-25,6.55,hold_expired,2.939606299212593,2025-04-22,6.35,6.38,6.12,daily_open_proxy,,
2025-04-23,002279,opening,open,,closed,2025-04-23,6.72,2025-04-28,6.39,hold_expired,-5.120714285714269,2025-04-23,6.72,6.84,6.57,daily_open_proxy,,
2025-04-23,002651,opening,open,,closed,2025-04-23,6.71,2025-04-28,6.4,hold_expired,-4.8299701937406745,2025-04-23,6.71,6.8,6.6,daily_open_proxy,,
2025-04-24,600571,opening,open,,closed,2025-04-24,17.59,2025-04-25,16.05,stop_loss,-8.964974417282548,2025-04-24,17.59,17.94,16.02,daily_open_proxy,,
2025-04-24,603676,opening,open,,closed,2025-04-24,10.8,2025-04-29,10.39,hold_expired,-4.006296296296309,2025-04-24,10.8,12.1,10.8,daily_open_proxy,,
2025-04-25,003018,opening,open,,closed,2025-04-25,10.91,2025-04-30,11.2,hold_expired,2.448111824014653,2025-04-25,10.91,12.07,10.91,daily_open_proxy,,
2025-04-25,605018,opening,open,,closed,2025-04-25,11.0,2025-04-28,10.34,stop_loss,-6.210000000000005,2025-04-25,11.0,11.32,10.79,daily_open_proxy,,
2025-04-28,000953,opening,open,,closed,2025-04-28,6.17,2025-04-30,5.799799999999999,stop_loss,-6.210000000000005,2025-04-28,6.17,6.6,5.86,daily_open_proxy,,
2025-04-29,002095,opening,open,,closed,2025-04-29,18.06,2025-05-07,19.49,hold_expired,7.7080509413067535,2025-04-29,18.06,19.59,18.06,daily_open_proxy,,
2025-04-29,603280,opening,open,,closed,2025-04-29,23.03,2025-05-07,25.41,hold_expired,10.124346504559266,2025-04-29,23.03,24.46,23.03,daily_open_proxy,,
2025-05-08,002790,opening,open,,closed,2025-05-08,7.22,2025-05-13,7.28,hold_expired,0.6210249307479145,2025-05-08,7.22,7.28,7.1,daily_open_proxy,,
2025-05-08,603011,opening,open,,closed,2025-05-08,11.2,2025-05-13,11.9,hold_expired,6.040000000000022,2025-05-08,11.2,11.66,10.93,daily_open_proxy,,
2025-05-09,002975,opening,open,,closed,2025-05-09,32.12,2025-05-14,32.0,hold_expired,-0.5835990037359804,2025-05-09,32.12,32.16,31.22,daily_open_proxy,,
2025-05-12,002158,opening,open,,closed,2025-05-12,18.9,2025-05-15,18.48,hold_expired,-2.4322222222222143,2025-05-12,18.9,19.19,18.65,daily_open_proxy,,
2025-05-12,002560,opening,open,,closed,2025-05-12,7.17,2025-05-15,8.26,hold_expired,14.992231520223152,2025-05-12,7.17,7.95,7.05,daily_open_proxy,,
2025-05-13,600156,opening,open,,closed,2025-05-13,6.25,2025-05-14,5.82,stop_loss,-7.0899999999999865,2025-05-13,6.25,6.46,5.8,daily_open_proxy,,
2025-05-14,001356,opening,open,,closed,2025-05-14,15.83,2025-05-19,15.52,hold_expired,-2.1683070120025247,2025-05-14,15.83,16.03,15.62,daily_open_proxy,,
2025-05-14,603600,opening,open,,closed,2025-05-14,11.0,2025-05-19,10.64,hold_expired,-3.4827272727272605,2025-05-14,11.0,11.11,10.72,daily_open_proxy,,
2025-05-15,001238,opening,open,,closed,2025-05-15,35.44,2025-05-20,36.25,hold_expired,2.0755530474040764,2025-05-15,35.44,37.35,34.7,daily_open_proxy,,
2025-05-16,002404,opening,open,,closed,2025-05-16,6.52,2025-05-21,6.34,hold_expired,-2.9707361963190024,2025-05-16,6.52,6.66,6.39,daily_open_proxy,,
2025-05-16,603803,opening,open,,closed,2025-05-16,9.98,2025-05-21,9.84,hold_expired,-1.6128056112224463,2025-05-16,9.98,10.17,9.91,daily_open_proxy,,
2025-05-19,002626,opening,open,,closed,2025-05-19,18.99,2025-05-22,18.24,hold_expired,-4.159447077409163,2025-05-19,18.99,19.1,17.98,daily_open_proxy,,
2025-05-19,600223,opening,open,,closed,2025-05-19,7.9,2025-05-22,8.07,hold_expired,1.9418987341772267,2025-05-19,7.9,8.34,7.88,daily_open_proxy,,
2025-05-21,002389,opening,open,,closed,2025-05-21,21.15,2025-05-26,21.2,hold_expired,0.02640661938535424,2025-05-21,21.15,21.5,20.48,daily_open_proxy,,
2025-05-21,002990,opening,open,,closed,2025-05-21,28.34,2025-05-26,29.22,hold_expired,2.89515172900494,2025-05-21,28.34,28.67,27.22,daily_open_proxy,,
2025-05-22,600198,opening,open,,closed,2025-05-22,9.12,2025-05-23,8.572799999999999,stop_loss,-6.210000000000005,2025-05-22,9.12,9.21,8.8,daily_open_proxy,,
2025-05-22,600550,opening,open,,closed,2025-05-22,9.0,2025-05-27,9.74,hold_expired,8.012222222222196,2025-05-22,9.0,9.6,8.79,daily_open_proxy,,
2025-05-23,002580,opening,open,,closed,2025-05-23,13.6,2025-05-28,14.16,hold_expired,3.907647058823537,2025-05-23,13.6,14.99,13.14,daily_open_proxy,,
2025-05-23,603321,opening,open,,closed,2025-05-23,8.09,2025-05-28,8.02,hold_expired,-1.0752657601977753,2025-05-23,8.09,8.34,7.84,daily_open_proxy,,
2025-05-26,603839,opening,open,,closed,2025-05-26,7.01,2025-05-29,8.84,hold_expired,25.895563480741778,2025-05-26,7.01,7.15,6.88,daily_open_proxy,,
2025-05-28,002835,opening,open,,closed,2025-05-28,19.06,2025-05-30,17.916399999999996,stop_loss,-6.210000000000016,2025-05-28,19.06,19.7,18.71,daily_open_proxy,,
2025-05-28,603076,opening,open,,closed,2025-05-28,27.0,2025-06-03,33.0,hold_expired,23.64675545154273,2025-05-28,27.0,30.31,26.8,daily_open_proxy,,
2025-05-29,600616,opening,open,,closed,2025-05-29,6.53,2025-05-30,6.138200000000001,stop_loss,-6.210000000000005,2025-05-29,6.53,6.56,6.21,daily_open_proxy,,
2025-05-29,603599,opening,open,,closed,2025-05-29,11.21,2025-06-04,11.12,hold_expired,-1.012854594112401,2025-05-29,11.21,11.51,11.06,daily_open_proxy,,
2025-05-30,002829,opening,open,,closed,2025-05-30,20.85,2025-06-05,21.52,hold_expired,3.003429256594713,2025-05-30,20.85,21.41,19.91,daily_open_proxy,,
2025-05-30,600192,opening,open,,closed,2025-05-30,8.5,2025-06-04,7.989999999999999,stop_loss,-6.210000000000005,2025-05-30,8.5,9.53,8.35,daily_open_proxy,,
2025-06-03,000037,opening,open,,closed,2025-06-03,9.03,2025-06-06,8.97,hold_expired,-0.874451827242507,2025-06-03,9.03,9.22,8.98,daily_open_proxy,,
2025-06-03,002968,opening,open,,closed,2025-06-03,10.6,2025-06-06,10.54,hold_expired,0.9327353108845129,2025-06-03,10.6,11.86,10.52,daily_open_proxy,,
2025-06-05,002829,opening,open,,closed,2025-06-05,21.4,2025-06-10,20.5,hold_expired,-4.415607476635498,2025-06-05,21.4,21.95,21.1,daily_open_proxy,,
2025-06-05,002968,opening,open,,closed,2025-06-05,11.13,2025-06-10,10.43,hold_expired,-4.888889555206867,2025-06-05,11.13,11.27,10.73,daily_open_proxy,,
2025-06-06,603711,opening,open,,closed,2025-06-06,14.75,2025-06-11,14.27,hold_expired,-3.4642372881355863,2025-06-06,14.75,14.81,14.22,daily_open_proxy,,
2025-06-09,002339,opening,open,,closed,2025-06-09,7.66,2025-06-12,8.07,hold_expired,5.413309416258304,2025-06-09,7.66,7.84,7.45,daily_open_proxy,,
2025-06-10,603937,opening,open,,closed,2025-06-10,9.82,2025-06-13,9.43,hold_expired,-4.181486761710808,2025-06-10,9.82,10.16,9.79,daily_open_proxy,,
2025-06-10,605122,opening,open,,closed,2025-06-10,12.12,2025-06-13,11.5,hold_expired,-5.325511551155095,2025-06-10,12.12,12.17,11.86,daily_open_proxy,,
2025-06-11,600927,opening,open,,closed,2025-06-11,15.35,2025-06-13,14.428999999999998,stop_loss,-6.210000000000005,2025-06-11,15.35,16.05,14.5,daily_open_proxy,,
2025-06-11,603538,opening,open,,closed,2025-06-11,17.51,2025-06-16,19.16,hold_expired,9.213186750428324,2025-06-11,17.51,18.03,16.95,daily_open_proxy,,
2025-06-12,002300,opening,open,,closed,2025-06-12,6.86,2025-06-17,6.79,hold_expired,-1.2304081632652961,2025-06-12,6.86,6.89,6.65,daily_open_proxy,,
2025-06-12,003027,opening,open,,closed,2025-06-12,18.32,2025-06-17,17.67,hold_expired,-2.199281827278444,2025-06-12,18.32,18.79,18.32,daily_open_proxy,,
2025-06-13,002842,opening,open,,closed,2025-06-13,8.92,2025-06-18,8.384799999999998,stop_loss,-6.210000000000005,2025-06-13,8.92,9.14,8.57,daily_open_proxy,,
2025-06-13,603586,opening,open,,closed,2025-06-13,19.4,2025-06-16,18.235999999999994,stop_loss,-6.210000000000016,2025-06-13,19.4,19.57,18.28,daily_open_proxy,,
2025-06-16,603096,opening,open,,closed,2025-06-16,19.2,2025-06-19,19.06,hold_expired,-0.9391666666666585,2025-06-16,19.2,20.3,19.01,daily_open_proxy,,
2025-06-16,603232,opening,open,,closed,2025-06-16,15.03,2025-06-19,14.86,hold_expired,-1.3410711909514381,2025-06-16,15.03,15.76,14.97,daily_open_proxy,,
2025-06-17,002246,opening,open,,closed,2025-06-17,13.99,2025-06-19,13.150599999999999,stop_loss,-6.210000000000005,2025-06-17,13.99,15.21,13.81,daily_open_proxy,,
2025-06-17,603880,opening,open,,closed,2025-06-17,6.11,2025-06-18,5.743400000000001,stop_loss,-6.209999999999995,2025-06-17,6.11,6.18,5.82,daily_open_proxy,,
2025-06-18,000788,opening,open,,closed,2025-06-18,6.34,2025-06-20,5.959599999999999,stop_loss,-6.210000000000005,2025-06-18,6.34,6.63,6.29,daily_open_proxy,,
2025-06-18,003036,opening,open,,closed,2025-06-18,13.65,2025-06-23,14.28,hold_expired,4.405384615384621,2025-06-18,13.65,14.22,13.6,daily_open_proxy,,
2025-06-19,603222,opening,open,,closed,2025-06-19,6.6,2025-06-24,7.11,hold_expired,7.517272727272738,2025-06-19,6.6,7.29,6.45,daily_open_proxy,,
2025-06-20,601089,opening,open,,closed,2025-06-20,17.78,2025-06-25,16.7132,stop_loss,-6.210000000000016,2025-06-20,17.78,19.28,17.7,daily_open_proxy,,
2025-06-23,603685,opening,open,,closed,2025-06-23,13.1,2025-06-26,13.98,hold_expired,6.507557251908413,2025-06-23,13.1,13.95,13.0,daily_open_proxy,,
2025-06-23,605298,opening,open,,closed,2025-06-23,14.03,2025-06-26,14.42,hold_expired,2.569757662152549,2025-06-23,14.03,14.35,13.22,daily_open_proxy,,
2025-06-24,002930,opening,open,,closed,2025-06-24,11.11,2025-06-27,10.91,hold_expired,-2.0101800180017846,2025-06-24,11.11,11.5,11.0,daily_open_proxy,,
2025-06-24,603212,opening,open,,closed,2025-06-24,10.69,2025-06-27,11.35,hold_expired,5.963994387277815,2025-06-24,10.69,11.95,10.51,daily_open_proxy,,
